object_name,sector,level,service_scale,process_criticality,num_users,num_territories,predicted_financial_damage,recovery_time_hours,critical_processes_count,integrations_count,personal_data_subjects,affected_employees,continuous_operation,uses_automated_control_system,provides_gov_services,life_health_impact,ecological_impact,defense_impact,public_order_impact,transport_impact,communication_impact,sensitive_info,category_level
Сервис передачи #1,Наука,Муниципальный,Федеральный округ,Высокая,5452,13,118316006,4.0,4,7,1945,583,True,False,False,False,False,False,False,False,False,False,1
Сервис аналитики #2,Связь,Региональный,Несколько муниципалитетов,Средняя,37166,3,1740697,72.0,7,20,8798,2221,False,True,False,False,True,False,False,False,True,False,1
Система мониторинга #3,Оборонная промышленность,Региональный,Несколько муниципалитетов,Высокая,417689,2,2501743,24.0,5,19,93516,566,True,False,False,False,False,True,False,False,False,True,2
Сеть управления #4,Энергетика,Федеральный,Вся страна,Средняя,322946,73,4015377,72.0,14,27,361896,3513,True,True,False,False,True,False,True,False,False,False,2
ИС управления #5,Государственное управление,Региональный,Один город,Средняя,215862,3,281163,72.0,12,20,191207,2633,True,False,True,False,False,True,True,False,False,True,3
АСУ ТП передачи #6,Здравоохранение,Объектовый,Один город,Средняя,769,1,8492674,168.0,4,6,1024,656,True,True,False,True,False,False,False,False,False,False,1
Сервис передачи #7,Топливная промышленность,Региональный,Вся страна,Высокая,219862,62,1223511,4.0,10,8,97129,490,True,True,False,False,True,False,False,False,True,False,2
ИС передачи #8,Государственное управление,Региональный,Вся страна,Высокая,477565,51,258996856,8.0,7,14,278468,2009,True,True,True,False,False,True,True,False,False,True,3
Платформа обработки #9,Энергетика,Муниципальный,Один город,Средняя,41025,3,6046006,24.0,7,6,6444,1224,False,True,True,False,True,False,False,False,False,True,2
АСУ ТП мониторинга #10,Наука,Федеральный,Несколько муниципалитетов,Средняя,333819,3,1656873,48.0,7,25,115146,5786,False,False,False,False,False,False,False,False,False,False,1
АСУ ТП обработки #11,Связь,Муниципальный,Субъект РФ,Низкая,24823,1,82452,168.0,6,12,22662,721,False,False,False,False,False,False,False,False,True,False,0
Сеть управления #12,Здравоохранение,Муниципальный,Вся страна,Средняя,11719,57,12276838,72.0,4,14,10073,1022,False,False,False,True,False,False,False,False,False,False,2
Сеть аналитики #13,Энергетика,Муниципальный,Вся страна,Высокая,48676,68,604415940,24.0,6,9,70741,2704,True,True,False,False,True,False,False,False,False,False,2
Платформа мониторинга #14,Топливная промышленность,Региональный,Федеральный округ,Низкая,44604,27,341239,168.0,5,23,20331,848,False,True,False,False,True,False,True,False,False,False,1
ИС мониторинга #15,Связь,Региональный,Один город,Критическая,15746,4,154597537,4.0,12,11,21119,123,True,False,False,True,False,False,False,False,True,False,3
Портал мониторинга #16,Оборонная промышленность,Региональный,Федеральный округ,Низкая,122485,14,143238,24.0,7,19,177768,1357,True,False,False,False,False,True,False,False,False,True,3
АСУ ТП обработки #17,Государственное управление,Региональный,Федеральный округ,Низкая,308857,18,112594,48.0,9,12,268371,2358,False,False,True,False,False,False,True,False,False,True,2
Платформа передачи #18,Связь,Объектовый,Вся страна,Высокая,483,79,24643066,8.0,2,7,362,691,True,True,False,False,False,False,False,True,True,False,1
Платформа мониторинга #19,Энергетика,Муниципальный,Один город,Высокая,6081,3,381130987,24.0,7,16,4509,1111,True,True,False,False,True,False,False,False,False,False,2
Система хранения #20,Транспорт,Федеральный,Федеральный округ,Средняя,194300,17,740159,24.0,9,26,51573,3035,False,True,False,True,False,False,True,True,False,False,3
АСУ ТП передачи #21,Банковская сфера,Объектовый,Субъект РФ,Низкая,1368,2,266236,72.0,1,8,1581,105,False,False,False,False,False,False,False,False,True,False,0
Система управления #22,Государственное управление,Объектовый,Несколько муниципалитетов,Средняя,2124,1,1929127,24.0,1,2,2212,846,False,True,True,False,False,True,True,False,False,True,2
Платформа хранения #23,Транспорт,Объектовый,Вся страна,Средняя,2072,87,4386138,48.0,2,6,632,516,True,True,False,True,False,False,True,True,False,False,2
АСУ ТП управления #24,Здравоохранение,Региональный,Несколько муниципалитетов,Критическая,277198,2,46244136,2.0,11,14,70873,1477,True,True,False,True,True,False,True,False,False,False,3
АСУ ТП обработки #25,Топливная промышленность,Региональный,Вся страна,Критическая,175877,55,3816632,4.0,10,16,35758,1697,True,True,False,True,True,False,False,False,False,False,3
Сеть аналитики #26,Оборонная промышленность,Региональный,Вся страна,Низкая,404088,65,164817,168.0,6,13,230299,494,False,False,False,False,True,False,False,False,False,True,2
АСУ ТП хранения #27,Здравоохранение,Муниципальный,Один город,Высокая,6366,2,9062451,24.0,9,10,2105,803,True,False,False,True,False,False,False,False,False,False,1
Платформа обработки #28,Энергетика,Объектовый,Федеральный округ,Критическая,589,25,311135074,2.0,3,5,883,1571,True,True,False,False,True,False,False,False,False,False,2
Портал управления #29,Энергетика,Объектовый,Один город,Высокая,3346,4,6575286,24.0,4,4,2565,989,True,True,False,False,True,False,False,False,True,False,1
Платформа управления #30,Энергетика,Федеральный,Один город,Средняя,980843,3,1960600,72.0,16,5,636706,1721,False,True,False,False,True,False,False,False,False,False,2
Сервис мониторинга #31,Связь,Муниципальный,Один город,Высокая,73604,2,79563149,8.0,5,14,32106,164,True,True,False,False,False,False,True,False,True,False,1
Система управления #32,Связь,Объектовый,Субъект РФ,Средняя,688,3,579873,72.0,2,7,403,44,False,False,False,False,False,False,True,False,True,False,0
Платформа управления #33,Топливная промышленность,Региональный,Субъект РФ,Низкая,41885,4,300789,24.0,11,15,58373,678,False,True,False,False,True,False,False,True,False,False,1
Платформа обработки #34,Государственное управление,Муниципальный,Несколько муниципалитетов,Высокая,27582,3,105419054,12.0,4,6,17326,70,True,False,True,False,True,True,True,False,False,True,3
АСУ ТП передачи #35,Связь,Муниципальный,Федеральный округ,Критическая,33719,11,1496980394,4.0,8,8,20511,1371,True,False,False,False,False,False,False,False,True,False,2
Портал аналитики #36,Государственное управление,Региональный,Субъект РФ,Критическая,292049,8,24092160,2.0,11,15,31371,4219,True,True,True,True,False,True,True,False,False,True,3
Система хранения #37,Оборонная промышленность,Объектовый,Несколько муниципалитетов,Средняя,1674,1,29990055,48.0,3,6,529,479,False,False,False,False,False,True,False,False,False,True,1
Сервис хранения #38,Топливная промышленность,Объектовый,Субъект РФ,Средняя,2025,3,445154,48.0,2,8,2847,1509,True,True,False,False,True,False,False,False,True,False,0
Сеть обработки #39,Топливная промышленность,Объектовый,Несколько муниципалитетов,Высокая,667,1,174965541,8.0,1,6,433,960,True,True,False,False,True,False,False,False,False,False,1
Сервис управления #40,Топливная промышленность,Региональный,Федеральный округ,Средняя,355662,28,2210593,72.0,4,21,104913,2755,False,True,False,False,True,False,False,False,False,False,2
АСУ ТП хранения #41,Банковская сфера,Объектовый,Вся страна,Критическая,1892,59,770957846,1.0,2,7,586,219,True,False,False,True,False,False,False,False,False,True,3
ИС аналитики #42,Оборонная промышленность,Региональный,Федеральный округ,Низкая,65729,22,104335,168.0,16,15,8239,3231,True,False,False,False,True,False,False,False,False,True,2
Платформа хранения #43,Наука,Объектовый,Субъект РФ,Средняя,537,5,2016872,72.0,2,10,353,64,False,False,True,False,False,False,False,False,False,True,1
ИС обработки #44,Транспорт,Объектовый,Субъект РФ,Критическая,3600,6,144087166,4.0,1,5,530,298,True,True,False,True,False,False,True,True,False,False,3
ИС хранения #45,Энергетика,Региональный,Несколько муниципалитетов,Средняя,185977,2,71702183,24.0,9,6,226835,1011,False,True,False,False,True,False,False,False,False,False,2
АСУ ТП аналитики #46,Связь,Региональный,Федеральный округ,Средняя,160018,15,329883,72.0,7,12,209063,3852,False,False,False,False,False,False,True,False,True,False,1
ИС хранения #47,Наука,Федеральный,Субъект РФ,Высокая,926847,8,76142616,12.0,11,21,1028001,3757,True,False,False,False,False,False,False,False,False,False,2
Портал мониторинга #48,Государственное управление,Муниципальный,Вся страна,Высокая,3703,68,284840369,24.0,8,13,5091,1313,True,False,True,False,False,True,True,False,False,True,3
Портал аналитики #49,Топливная промышленность,Региональный,Несколько муниципалитетов,Высокая,424703,4,282089240,24.0,8,14,347169,2486,True,True,False,False,True,False,False,False,False,False,2
Портал передачи #50,Транспорт,Региональный,Субъект РФ,Низкая,176321,4,42501,24.0,10,4,178434,2959,True,True,True,True,False,False,True,True,False,True,3
ИС передачи #51,Топливная промышленность,Региональный,Федеральный округ,Низкая,140182,23,114919,168.0,9,13,193692,2390,False,True,False,False,True,False,False,False,False,False,2
АСУ ТП мониторинга #52,Здравоохранение,Муниципальный,Субъект РФ,Средняя,5118,2,13923806,24.0,5,10,1050,1614,False,False,False,True,False,False,False,False,False,False,1
Портал аналитики #53,Транспорт,Федеральный,Один город,Критическая,1461270,1,177699738,0.5,16,21,1931980,3254,True,True,False,True,False,True,True,True,False,False,3
ИС управления #54,Топливная промышленность,Объектовый,Федеральный округ,Средняя,4879,16,658412,48.0,3,3,1803,116,False,True,False,False,True,False,False,True,False,False,0
Платформа мониторинга #55,Государственное управление,Федеральный,Субъект РФ,Средняя,650380,3,935670,72.0,17,31,797084,2187,False,False,True,False,False,True,True,False,False,True,3
ИС мониторинга #56,Государственное управление,Региональный,Федеральный округ,Низкая,288290,16,24233,48.0,12,10,191050,1433,False,False,True,False,False,True,True,True,False,True,3
АСУ ТП аналитики #57,Энергетика,Федеральный,Федеральный округ,Высокая,359866,25,3610953,24.0,7,14,332507,5790,True,True,False,False,True,False,False,False,False,False,2
Сервис передачи #58,Здравоохранение,Региональный,Несколько муниципалитетов,Низкая,86006,3,362890,24.0,7,14,123863,2938,False,False,False,True,False,False,False,False,False,False,2
Платформа мониторинга #59,Транспорт,Муниципальный,Субъект РФ,Низкая,14206,8,17228,72.0,4,12,12376,183,False,True,False,True,False,False,True,True,False,False,2
ИС мониторинга #60,Оборонная промышленность,Объектовый,Один город,Низкая,4562,2,480993,168.0,3,7,6245,587,False,False,False,False,False,False,False,False,False,True,0
АСУ ТП хранения #61,Топливная промышленность,Объектовый,Несколько муниципалитетов,Средняя,2643,3,11390008,48.0,2,4,3015,156,False,True,False,False,True,False,False,True,False,False,0
Портал обработки #62,Энергетика,Муниципальный,Федеральный округ,Средняя,33926,12,1202278,168.0,6,8,29100,2699,False,True,False,False,True,False,False,False,False,False,1
Система мониторинга #63,Здравоохранение,Региональный,Вся страна,Средняя,245214,50,1617095,72.0,14,17,32962,110,False,False,False,True,False,False,False,False,False,False,2
АСУ ТП обработки #64,Топливная промышленность,Региональный,Один город,Средняя,83378,2,1739369,72.0,12,22,40235,3903,True,True,False,False,True,False,False,False,False,False,1
Портал обработки #65,Топливная промышленность,Региональный,Субъект РФ,Средняя,346411,2,728070,72.0,13,30,111871,587,True,True,False,False,True,False,False,False,True,False,2
Сеть передачи #66,Банковская сфера,Объектовый,Федеральный округ,Средняя,2862,23,447890,72.0,3,3,2010,192,False,True,False,False,False,False,False,False,False,True,1
ИС аналитики #67,Транспорт,Региональный,Субъект РФ,Средняя,323484,6,4455261,72.0,10,13,479185,421,False,True,False,True,False,False,True,True,False,False,3
ИС передачи #68,Энергетика,Муниципальный,Вся страна,Низкая,6686,62,108739,168.0,3,5,9818,386,False,True,False,False,True,False,True,False,False,False,1
Сеть обработки #69,Оборонная промышленность,Муниципальный,Вся страна,Критическая,34020,61,118437354,1.0,7,12,26472,1413,True,False,False,True,False,False,False,False,True,True,3
Сервис передачи #70,Топливная промышленность,Объектовый,Федеральный округ,Высокая,1550,22,467065450,24.0,2,7,249,157,True,True,True,False,True,False,False,False,False,True,2
Система мониторинга #71,Связь,Муниципальный,Один город,Средняя,13060,3,12106527,72.0,5,14,12802,1637,False,False,False,False,False,False,False,True,True,False,0
ИС передачи #72,Транспорт,Муниципальный,Несколько муниципалитетов,Средняя,17155,3,2350886,48.0,8,15,19322,261,False,True,False,True,False,False,True,True,False,False,2
Портал мониторинга #73,Государственное управление,Региональный,Один город,Средняя,51607,1,8252596,24.0,1,10,52276,898,True,False,True,False,False,False,True,False,False,False,1
Сервис обработки #74,Связь,Региональный,Федеральный округ,Средняя,228627,18,4549963,24.0,15,7,326483,724,False,False,False,False,False,False,False,False,True,False,1
Система передачи #75,Оборонная промышленность,Региональный,Один город,Критическая,445556,1,195573009,0.5,9,7,156842,279,True,False,True,True,False,True,False,True,False,True,3
АСУ ТП обработки #76,Транспорт,Региональный,Несколько муниципалитетов,Высокая,60468,4,168740646,24.0,9,15,19793,545,True,True,False,True,False,False,True,True,False,False,3
Сервис аналитики #77,Транспорт,Муниципальный,Федеральный округ,Высокая,3028,27,278366261,24.0,6,8,3675,2393,True,True,False,True,False,False,True,True,False,False,3
Сеть управления #78,Транспорт,Объектовый,Вся страна,Низкая,4613,62,215137,24.0,2,3,1165,692,False,True,False,True,False,False,True,True,False,False,2
Сеть управления #79,Государственное управление,Региональный,Субъект РФ,Высокая,104244,7,9654803,4.0,4,20,97476,1667,True,False,True,False,True,True,True,False,False,True,3
Портал управления #80,Связь,Муниципальный,Федеральный округ,Средняя,3642,21,245640,24.0,8,2,3084,1269,False,False,False,False,False,False,True,False,True,False,1
Сервис хранения #81,Топливная промышленность,Муниципальный,Субъект РФ,Критическая,75055,6,32598524,4.0,5,6,39794,1870,True,True,False,True,True,False,False,False,False,False,3
Система мониторинга #82,Топливная промышленность,Муниципальный,Несколько муниципалитетов,Высокая,32869,3,15000460,12.0,6,6,15093,2698,True,True,False,False,True,False,False,False,True,False,1
ИС обработки #83,Государственное управление,Муниципальный,Один город,Низкая,14408,1,56421,24.0,6,5,17184,526,False,False,True,False,False,True,True,False,False,True,2
Сеть управления #84,Связь,Объектовый,Вся страна,Высокая,493,86,23222732,12.0,2,3,489,245,True,False,True,False,False,False,False,False,True,True,2
ИС аналитики #85,Государственное управление,Муниципальный,Субъект РФ,Низкая,9049,3,31285,168.0,8,8,1990,2261,False,False,True,False,False,True,True,False,False,True,2
Система хранения #86,Банковская сфера,Региональный,Федеральный округ,Средняя,86076,12,2560475,48.0,11,26,96655,1383,True,False,False,False,False,False,False,False,False,True,1
АСУ ТП передачи #87,Энергетика,Региональный,Несколько муниципалитетов,Средняя,129133,3,881362,24.0,8,20,56963,2166,True,True,False,False,True,False,False,False,False,False,2
Система аналитики #88,Здравоохранение,Муниципальный,Несколько муниципалитетов,Высокая,16373,2,206568806,4.0,2,12,10736,882,True,False,False,True,False,False,False,False,False,False,3
ИС передачи #89,Энергетика,Федеральный,Федеральный округ,Средняя,930797,19,4505776,168.0,13,24,513371,149,True,True,False,False,True,False,False,False,False,False,2
ИС управления #90,Оборонная промышленность,Региональный,Вся страна,Средняя,271114,52,1746487,72.0,5,13,166612,226,False,False,True,False,False,True,True,False,False,True,3
Сеть передачи #91,Оборонная промышленность,Федеральный,Субъект РФ,Средняя,891941,3,12900614,48.0,3,14,1331500,266,True,False,False,False,True,False,False,False,False,True,2
АСУ ТП передачи #92,Здравоохранение,Объектовый,Вся страна,Высокая,817,78,59770008,24.0,3,5,910,915,True,False,False,True,False,False,False,False,False,False,2
Сеть аналитики #93,Банковская сфера,Федеральный,Федеральный округ,Высокая,571440,15,239640475,8.0,8,23,315949,3982,True,False,False,False,True,False,True,False,False,True,3
Сеть передачи #94,Государственное управление,Федеральный,Несколько муниципалитетов,Низкая,370462,2,49335,168.0,13,29,482856,1527,False,False,True,False,False,True,True,False,False,True,3
Сеть управления #95,Транспорт,Федеральный,Несколько муниципалитетов,Средняя,1216555,3,7964577,168.0,13,22,889140,4406,True,True,False,True,False,False,True,True,True,False,3
АСУ ТП обработки #96,Энергетика,Федеральный,Субъект РФ,Критическая,1609257,5,44659082,4.0,6,12,948793,3536,True,True,False,True,True,True,False,False,False,True,3
ИС аналитики #97,Энергетика,Региональный,Вся страна,Низкая,227791,52,215599,48.0,6,20,125536,375,False,True,False,False,True,False,False,False,False,False,2
Система мониторинга #98,Энергетика,Объектовый,Вся страна,Высокая,1428,74,60654844,8.0,2,4,1915,685,True,True,False,False,True,False,False,False,False,False,1
АСУ ТП мониторинга #99,Банковская сфера,Объектовый,Один город,Низкая,2622,2,315805,72.0,4,7,1250,548,False,True,False,False,True,False,False,False,False,True,1
Портал обработки #100,Банковская сфера,Муниципальный,Субъект РФ,Высокая,35749,7,19794385,24.0,8,12,11586,914,True,True,False,False,False,False,False,True,False,True,2
Платформа управления #101,Банковская сфера,Муниципальный,Субъект РФ,Высокая,21784,9,53702722,8.0,6,11,2514,1683,True,False,False,False,False,False,False,False,False,True,2
Сервис хранения #102,Здравоохранение,Муниципальный,Субъект РФ,Высокая,43450,6,106005314,24.0,5,8,27927,784,True,False,False,True,False,False,True,False,False,False,2
Портал мониторинга #103,Транспорт,Муниципальный,Несколько муниципалитетов,Низкая,30994,2,256553,168.0,4,12,37318,1042,False,True,False,True,False,False,True,True,False,False,2
ИС передачи #104,Энергетика,Муниципальный,Субъект РФ,Средняя,49719,6,10286740,24.0,6,5,39508,345,False,True,False,False,True,False,False,False,False,False,1
Сеть управления #105,Здравоохранение,Региональный,Федеральный округ,Высокая,241603,22,124924295,12.0,9,21,308939,538,True,False,False,True,False,False,True,True,False,False,3
ИС обработки #106,Энергетика,Объектовый,Несколько муниципалитетов,Средняя,654,4,2587145,168.0,3,3,666,1323,True,True,True,False,True,False,False,False,False,False,1
ИС аналитики #107,Топливная промышленность,Объектовый,Несколько муниципалитетов,Высокая,3183,3,76474386,4.0,1,4,1373,814,True,True,False,False,True,False,True,False,False,False,1
ИС передачи #108,Наука,Региональный,Вся страна,Средняя,432508,54,3734585,72.0,6,18,248072,888,False,False,False,False,True,False,False,False,True,False,1
Портал управления #109,Энергетика,Объектовый,Один город,Низкая,2505,1,206758,48.0,4,4,1950,161,False,True,False,False,True,False,False,False,False,False,0
Сеть аналитики #110,Наука,Объектовый,Несколько муниципалитетов,Высокая,4298,3,18934091,12.0,1,4,5677,554,True,False,False,False,True,False,True,False,False,False,1
Портал обработки #111,Топливная промышленность,Муниципальный,Несколько муниципалитетов,Средняя,3746,1,2368667,168.0,4,9,927,1402,False,True,False,False,True,False,False,False,False,False,0
ИС передачи #112,Топливная промышленность,Муниципальный,Один город,Высокая,41766,3,7896309629,24.0,6,13,30349,1141,True,True,False,False,True,False,False,False,False,False,2
Платформа аналитики #113,Энергетика,Муниципальный,Один город,Средняя,58711,1,38842668,48.0,3,6,87114,968,True,True,False,False,True,False,False,False,False,False,1
Платформа обработки #114,Банковская сфера,Муниципальный,Вся страна,Критическая,59009,75,364332589,1.0,6,9,33728,568,True,False,False,False,False,False,False,False,False,True,2
Портал обработки #115,Банковская сфера,Федеральный,Федеральный округ,Высокая,366585,29,95419909,8.0,13,26,355330,1360,True,False,False,False,False,False,False,False,False,True,3
Система аналитики #116,Топливная промышленность,Муниципальный,Вся страна,Низкая,17295,52,572094,168.0,5,11,10455,151,False,True,False,False,True,False,False,False,False,False,1
АСУ ТП обработки #117,Транспорт,Муниципальный,Субъект РФ,Критическая,11197,2,5089459,4.0,1,6,7590,1867,True,True,False,True,True,False,True,True,False,False,2
Портал мониторинга #118,Оборонная промышленность,Региональный,Вся страна,Высокая,359017,68,41640130,4.0,12,27,351669,1619,True,False,False,False,False,True,False,True,False,True,3
Система управления #119,Банковская сфера,Региональный,Субъект РФ,Средняя,201059,4,776285,168.0,5,19,29864,1806,False,False,False,False,True,False,False,False,False,True,1
Сеть управления #120,Здравоохранение,Объектовый,Федеральный округ,Низкая,1899,22,85022,72.0,1,3,1345,882,False,False,False,True,False,False,False,False,False,False,1
Система передачи #121,Здравоохранение,Региональный,Один город,Низкая,94735,4,714314,24.0,10,11,127709,46,True,False,False,True,False,False,False,False,False,False,2
Платформа аналитики #122,Связь,Региональный,Несколько муниципалитетов,Высокая,171848,2,6432382,4.0,12,11,154812,1548,True,False,False,False,False,False,True,False,True,False,2
Сеть обработки #123,Государственное управление,Муниципальный,Один город,Средняя,4785,3,2024970,24.0,4,15,6388,1442,False,False,True,False,False,True,True,False,False,True,2
Платформа аналитики #124,Государственное управление,Муниципальный,Вся страна,Средняя,45461,51,1395522,168.0,4,1,28034,242,False,False,True,False,False,False,True,False,False,True,1
Сеть управления #125,Транспорт,Объектовый,Один город,Критическая,2141,2,129274557,0.5,1,2,249,413,True,True,False,True,False,False,True,True,False,False,3
ИС хранения #126,Банковская сфера,Объектовый,Вся страна,Средняя,2205,77,3723861,24.0,2,8,2297,263,False,False,False,False,False,False,False,False,False,True,1
Платформа мониторинга #127,Топливная промышленность,Федеральный,Несколько муниципалитетов,Средняя,518338,4,5601453,24.0,7,17,163921,158,False,True,False,False,True,False,False,True,False,False,2
АСУ ТП управления #128,Оборонная промышленность,Объектовый,Федеральный округ,Низкая,1929,15,354924,24.0,3,5,559,102,True,False,False,False,True,True,False,False,False,False,1
Сеть хранения #129,Банковская сфера,Региональный,Несколько муниципалитетов,Низкая,181776,1,34903,168.0,4,30,61017,708,False,False,False,False,False,False,False,False,False,True,1
Платформа передачи #130,Связь,Региональный,Один город,Средняя,211458,3,374472,168.0,9,20,189704,1954,True,False,True,False,False,False,False,False,True,False,2
Сеть мониторинга #131,Оборонная промышленность,Муниципальный,Несколько муниципалитетов,Критическая,50888,3,98315318,4.0,5,7,74166,2589,True,False,False,False,False,True,False,False,False,True,2
Сервис обработки #132,Топливная промышленность,Региональный,Вся страна,Низкая,434499,67,156786,168.0,10,18,392326,3963,True,True,False,False,True,False,False,False,False,False,2
Платформа аналитики #133,Связь,Региональный,Один город,Низкая,83371,3,159738,24.0,7,28,83559,2900,False,False,False,False,False,False,False,False,True,False,1
ИС управления #134,Наука,Региональный,Субъект РФ,Средняя,307791,1,5677858,72.0,10,11,362113,2110,False,False,False,False,True,False,False,True,False,False,1
Портал аналитики #135,Связь,Муниципальный,Несколько муниципалитетов,Средняя,46442,1,3389621,168.0,7,7,59394,463,False,True,False,False,False,False,False,False,True,False,1
Платформа аналитики #136,Наука,Региональный,Субъект РФ,Критическая,195320,7,108714970,0.5,4,16,28738,617,True,False,False,True,False,False,False,False,False,False,3
Портал передачи #137,Здравоохранение,Муниципальный,Федеральный округ,Средняя,58960,24,11666731,24.0,11,10,39032,309,False,False,False,True,False,False,False,False,False,False,2
Сеть мониторинга #138,Транспорт,Региональный,Вся страна,Критическая,310824,55,124670384,0.5,9,8,408163,1764,True,True,False,True,False,False,True,True,False,False,3
Портал передачи #139,Связь,Федеральный,Федеральный округ,Критическая,763815,19,35261872,2.0,9,21,890190,5203,True,False,False,True,False,True,False,False,True,True,3
Сервис передачи #140,Топливная промышленность,Региональный,Федеральный округ,Средняя,274038,18,3548532,168.0,8,16,239206,1220,False,True,False,False,True,False,False,False,False,False,2
Система хранения #141,Государственное управление,Муниципальный,Федеральный округ,Высокая,74374,13,17814180,24.0,8,10,56183,1194,True,False,True,False,False,True,True,True,False,True,3
Система хранения #142,Банковская сфера,Объектовый,Федеральный округ,Критическая,565,19,39433577,2.0,1,4,476,617,True,True,False,False,False,False,False,False,False,True,2
Система мониторинга #143,Оборонная промышленность,Федеральный,Субъект РФ,Высокая,510283,5,285936459,8.0,9,25,458698,2333,True,False,False,False,False,True,True,False,False,True,3
Сеть аналитики #144,Здравоохранение,Объектовый,Один город,Высокая,886,4,10430834,4.0,2,8,160,1328,True,False,False,True,False,False,False,False,True,False,2
АСУ ТП управления #145,Государственное управление,Федеральный,Федеральный округ,Низкая,449569,28,225417,168.0,10,28,641244,1299,False,False,True,False,False,True,True,True,False,True,3
Система управления #146,Наука,Федеральный,Федеральный округ,Высокая,1084259,23,142708645,4.0,14,21,1263374,2228,True,True,False,False,False,False,False,False,False,False,3
Система управления #147,Энергетика,Объектовый,Один город,Средняя,1304,4,480340,24.0,3,3,1405,384,False,True,False,False,True,False,False,False,False,False,0
Система аналитики #148,Энергетика,Региональный,Вся страна,Высокая,188748,71,473393845,4.0,8,14,21263,1034,True,True,False,False,True,False,False,False,False,False,3
Система мониторинга #149,Государственное управление,Муниципальный,Субъект РФ,Высокая,15397,3,12435444810,12.0,3,4,17798,2391,True,False,True,False,False,True,True,False,False,True,3
Сеть обработки #150,Транспорт,Муниципальный,Федеральный округ,Низкая,65883,29,32752,168.0,4,12,94795,290,False,True,False,True,False,False,True,True,False,False,2
Платформа хранения #151,Связь,Региональный,Субъект РФ,Высокая,120384,7,545152620,8.0,7,15,46497,732,True,False,False,False,True,False,False,False,True,False,2
ИС обработки #152,Банковская сфера,Региональный,Субъект РФ,Низкая,114313,2,435022,24.0,11,22,35692,3257,False,False,False,False,True,False,True,False,True,True,2
Портал аналитики #153,Банковская сфера,Муниципальный,Один город,Высокая,14538,3,345493925,24.0,4,12,10055,581,True,False,False,False,False,False,False,False,False,True,2
Сервис аналитики #154,Банковская сфера,Муниципальный,Вся страна,Высокая,25454,59,131417119,24.0,6,7,23348,2612,True,True,False,False,False,False,False,False,False,True,2
АСУ ТП управления #155,Связь,Региональный,Вся страна,Средняя,67186,64,2224847,24.0,14,12,9621,185,True,False,False,False,False,False,True,False,True,False,2
Сервис хранения #156,Государственное управление,Муниципальный,Вся страна,Высокая,10875,81,269844716,24.0,4,15,1471,2010,True,False,True,False,False,False,True,False,True,True,3
Сеть обработки #157,Оборонная промышленность,Муниципальный,Вся страна,Средняя,26424,54,7561605,24.0,6,10,27692,1314,False,False,False,False,False,True,False,False,False,False,2
ИС передачи #158,Наука,Федеральный,Вся страна,Критическая,537568,54,92700989,2.0,14,18,377779,4363,True,True,False,True,False,True,False,False,True,True,3
Система управления #159,Здравоохранение,Муниципальный,Субъект РФ,Средняя,38471,4,1028373,48.0,4,11,9401,1116,False,False,False,True,False,False,False,False,True,False,1
Платформа мониторинга #160,Транспорт,Региональный,Федеральный округ,Высокая,223490,20,61619966,12.0,8,16,51155,1868,True,True,False,True,False,False,True,True,False,False,3
ИС аналитики #161,Связь,Региональный,Субъект РФ,Средняя,244367,6,849961,168.0,6,14,233898,613,False,True,False,False,False,False,False,True,True,False,2
АСУ ТП управления #162,Здравоохранение,Объектовый,Вся страна,Средняя,4024,85,976397,24.0,2,5,4190,1416,True,True,False,True,True,False,False,False,False,False,2
Сервис передачи #163,Топливная промышленность,Региональный,Субъект РФ,Средняя,206505,9,14124257,24.0,12,17,24624,713,True,True,False,False,True,False,False,True,False,False,2
Платформа аналитики #164,Энергетика,Муниципальный,Федеральный округ,Высокая,20439,27,153915239,8.0,5,1,10150,1811,True,True,False,False,True,False,False,False,False,False,2
Платформа аналитики #165,Энергетика,Объектовый,Субъект РФ,Средняя,948,1,4707098,168.0,3,4,1254,674,False,True,False,False,True,False,False,False,False,False,0
ИС мониторинга #166,Оборонная промышленность,Объектовый,Федеральный округ,Критическая,1038,16,506951319,0.5,2,4,409,269,True,False,False,True,False,True,False,True,False,True,3
Сервис обработки #167,Здравоохранение,Региональный,Несколько муниципалитетов,Высокая,107902,4,1084541328,4.0,3,6,135954,2730,True,False,False,True,False,False,False,False,False,False,3
Сервис управления #168,Энергетика,Федеральный,Вся страна,Критическая,1224976,88,9032259,1.0,17,20,1639173,1329,True,True,False,True,True,False,False,False,False,False,3
Сеть аналитики #169,Здравоохранение,Региональный,Один город,Высокая,11661,2,588217420,8.0,9,13,6949,322,True,False,False,True,False,False,False,True,False,False,3
Платформа аналитики #170,Наука,Муниципальный,Один город,Средняя,51668,1,5443644,72.0,4,16,59678,391,False,False,False,False,True,False,False,False,False,False,0
Сеть хранения #171,Государственное управление,Федеральный,Федеральный округ,Средняя,236804,26,12127646,72.0,14,17,286500,305,False,False,True,False,False,True,True,False,False,True,3
АСУ ТП управления #172,Топливная промышленность,Объектовый,Вся страна,Средняя,1131,56,3077888,48.0,4,5,753,483,True,True,False,False,True,False,False,True,False,False,1
ИС аналитики #173,Оборонная промышленность,Региональный,Вся страна,Средняя,315950,67,13798835,72.0,7,14,62559,2426,True,False,False,False,False,False,False,False,True,True,2
Портал управления #174,Топливная промышленность,Федеральный,Несколько муниципалитетов,Критическая,226278,4,27866579,0.5,5,34,196238,2103,True,True,False,True,True,False,True,False,False,False,3
Сеть обработки #175,Государственное управление,Муниципальный,Несколько муниципалитетов,Высокая,10643,4,147909528,24.0,8,12,9134,1712,True,False,True,False,False,False,True,False,False,True,2
Сеть обработки #176,Транспорт,Региональный,Несколько муниципалитетов,Средняя,262022,4,5361109,24.0,5,16,189023,1335,False,True,False,True,False,False,True,True,False,False,3
Платформа аналитики #177,Связь,Муниципальный,Вся страна,Средняя,59353,70,969001,168.0,7,12,44285,2907,False,False,False,False,False,False,False,False,True,False,1
Портал аналитики #178,Банковская сфера,Объектовый,Один город,Средняя,3215,4,6162982,48.0,1,4,2635,820,False,False,True,False,False,False,False,False,False,True,1
Система обработки #179,Связь,Объектовый,Субъект РФ,Средняя,1046,1,2291914,48.0,4,7,444,30,False,False,False,False,True,False,False,False,True,False,0
Платформа обработки #180,Банковская сфера,Объектовый,Федеральный округ,Высокая,421,28,9172048,12.0,2,5,383,585,True,False,False,False,False,False,False,False,False,True,1
ИС передачи #181,Оборонная промышленность,Объектовый,Несколько муниципалитетов,Низкая,1662,4,1148718,72.0,2,5,292,683,False,False,False,False,False,True,False,False,False,True,1
Сервис управления #182,Транспорт,Федеральный,Вся страна,Средняя,973225,61,7151741,168.0,8,44,644899,601,False,True,False,True,False,False,True,True,False,False,3
Система обработки #183,Оборонная промышленность,Муниципальный,Один город,Средняя,6790,4,617959,48.0,7,5,8882,2220,False,False,False,False,False,False,False,False,False,True,0
АСУ ТП хранения #184,Здравоохранение,Региональный,Один город,Низкая,298086,4,303370,48.0,7,13,117776,659,False,False,False,True,False,False,True,False,False,False,2
Система обработки #185,Наука,Региональный,Несколько муниципалитетов,Низкая,124083,4,103143,24.0,9,20,39504,1429,False,False,False,False,True,False,False,False,False,False,1
Сервис мониторинга #186,Топливная промышленность,Муниципальный,Один город,Средняя,28307,1,19789966,24.0,9,13,33625,2109,False,True,False,False,True,False,False,False,False,False,1
Система мониторинга #187,Банковская сфера,Региональный,Вся страна,Средняя,160704,68,1249494,168.0,9,4,118211,2589,True,True,False,False,False,False,False,False,False,True,2
Система передачи #188,Государственное управление,Объектовый,Один город,Средняя,608,2,1078024,168.0,2,3,246,176,False,False,True,False,False,True,True,False,False,True,2
Платформа мониторинга #189,Связь,Объектовый,Несколько муниципалитетов,Средняя,3135,3,64055938,72.0,5,5,3066,842,True,False,False,False,True,False,False,False,True,False,0
Сеть аналитики #190,Наука,Региональный,Федеральный округ,Средняя,197776,14,5128174,24.0,11,20,190132,2579,False,False,False,False,False,False,False,False,False,False,1
Портал хранения #191,Государственное управление,Муниципальный,Субъект РФ,Средняя,70872,5,268086,48.0,9,6,40426,923,True,False,True,False,False,True,True,False,False,True,2
Портал обработки #192,Государственное управление,Федеральный,Вся страна,Высокая,752266,70,185763893,4.0,6,11,864501,1693,True,False,True,False,False,False,True,False,True,False,3
Сервис обработки #193,Государственное управление,Региональный,Вся страна,Средняя,75838,77,4865159,48.0,10,13,55958,2194,False,False,True,False,False,True,True,False,False,True,3
Платформа передачи #194,Энергетика,Федеральный,Вся страна,Низкая,309415,65,311489,48.0,7,22,450293,1762,False,True,False,False,True,False,False,False,False,False,2
ИС обработки #195,Связь,Региональный,Субъект РФ,Средняя,40193,3,7007806,48.0,5,19,24094,2564,True,False,False,False,False,False,False,False,True,False,1
Сеть управления #196,Здравоохранение,Объектовый,Один город,Средняя,1756,2,5564557,24.0,1,4,1641,426,True,True,False,True,False,False,False,False,False,False,2
ИС хранения #197,Связь,Муниципальный,Субъект РФ,Средняя,35422,4,2821415,24.0,6,9,8112,1209,True,False,False,False,False,False,False,False,True,False,1
Система передачи #198,Государственное управление,Региональный,Субъект РФ,Средняя,187381,6,1515664,168.0,8,17,109903,181,True,False,True,False,False,False,True,False,False,True,2
ИС аналитики #199,Банковская сфера,Муниципальный,Субъект РФ,Высокая,22220,1,13031848,4.0,4,8,30620,1160,True,True,False,False,False,False,False,False,False,True,2
Система аналитики #200,Банковская сфера,Объектовый,Вся страна,Средняя,2009,54,11395650,48.0,1,4,2047,1386,False,False,True,False,False,False,True,False,False,True,1
АСУ ТП обработки #201,Связь,Региональный,Субъект РФ,Средняя,307501,8,1522414,72.0,3,12,183534,1212,False,False,True,False,False,False,False,False,True,True,2
Портал передачи #202,Транспорт,Муниципальный,Субъект РФ,Высокая,19256,2,42576245,24.0,5,7,12159,608,True,True,False,True,True,False,True,True,False,False,2
ИС хранения #203,Банковская сфера,Региональный,Несколько муниципалитетов,Средняя,346046,3,3922552,48.0,12,12,406735,1505,False,False,False,False,False,False,False,False,False,True,1
ИС обработки #204,Энергетика,Муниципальный,Несколько муниципалитетов,Высокая,13460,4,44072054,8.0,5,15,3841,742,True,True,False,False,True,False,False,False,False,False,1
Система аналитики #205,Энергетика,Региональный,Субъект РФ,Низкая,72926,3,133716,168.0,11,1,23651,497,False,True,False,False,True,False,False,True,False,False,1
Сервис управления #206,Топливная промышленность,Муниципальный,Несколько муниципалитетов,Высокая,6396,3,435487718,12.0,3,6,3145,531,True,True,True,False,True,False,False,False,False,True,2
Платформа хранения #207,Оборонная промышленность,Объектовый,Субъект РФ,Высокая,323,4,69858927,12.0,3,9,372,131,True,False,True,False,False,True,False,False,False,True,2
Сеть хранения #208,Здравоохранение,Региональный,Один город,Средняя,101568,3,15562517,168.0,12,7,133956,2572,False,False,False,True,False,False,False,False,False,False,2
Сервис передачи #209,Здравоохранение,Муниципальный,Несколько муниципалитетов,Средняя,8902,2,21452577,24.0,4,4,4777,244,True,False,False,True,False,False,True,False,False,False,2
Сеть передачи #210,Государственное управление,Муниципальный,Один город,Критическая,4235,4,10311994,1.0,5,8,3415,236,True,False,True,True,False,True,True,False,False,True,3
ИС обработки #211,Здравоохранение,Региональный,Федеральный округ,Высокая,188443,25,54755044,12.0,9,20,165578,2678,True,True,False,True,True,False,False,False,False,False,3
Система хранения #212,Государственное управление,Региональный,Несколько муниципалитетов,Высокая,58759,4,148225085,8.0,11,17,32556,2187,True,False,True,False,False,True,True,True,True,True,3
Система управления #213,Наука,Региональный,Вся страна,Средняя,91561,65,2121232,48.0,8,13,128222,958,False,True,True,False,False,False,True,False,False,True,3
Портал обработки #214,Транспорт,Муниципальный,Федеральный округ,Критическая,67746,29,2751620,0.5,5,9,58625,2013,True,True,False,True,False,False,True,True,False,False,3
Портал аналитики #215,Здравоохранение,Объектовый,Один город,Низкая,2839,1,236515,48.0,4,3,2914,669,False,True,False,True,False,False,False,False,False,False,1
Сервис передачи #216,Энергетика,Объектовый,Несколько муниципалитетов,Средняя,513,4,1390724,72.0,3,6,136,4,False,True,False,False,True,False,False,True,False,False,0
Сеть обработки #217,Здравоохранение,Муниципальный,Вся страна,Средняя,57789,80,17928253,168.0,2,7,44616,272,True,False,False,True,False,False,True,True,False,False,2
Платформа управления #218,Банковская сфера,Региональный,Вся страна,Средняя,323127,57,650178,24.0,6,23,366396,2144,True,False,False,False,False,False,False,False,True,True,2
Сеть передачи #219,Топливная промышленность,Региональный,Несколько муниципалитетов,Средняя,287096,3,2291563,48.0,8,4,148516,797,False,True,False,False,True,False,False,False,False,False,1
Сервис аналитики #220,Оборонная промышленность,Муниципальный,Субъект РФ,Средняя,15762,6,4133400,24.0,7,10,19448,1204,False,True,False,False,False,True,False,False,False,False,2
Сеть аналитики #221,Банковская сфера,Региональный,Вся страна,Низкая,307246,53,677317,48.0,7,9,267506,2734,False,False,False,False,False,False,False,True,False,True,2
Система управления #222,Связь,Региональный,Несколько муниципалитетов,Средняя,56039,4,573017,24.0,3,6,57359,1306,False,True,False,False,False,False,False,False,True,False,1
АСУ ТП мониторинга #223,Топливная промышленность,Муниципальный,Один город,Высокая,64628,1,43153948,8.0,4,10,69635,412,True,True,True,False,True,False,False,True,False,True,2
Система мониторинга #224,Здравоохранение,Федеральный,Субъект РФ,Средняя,271053,3,1979973,72.0,10,27,260254,2116,False,False,False,True,False,False,False,False,False,False,2
Система мониторинга #225,Банковская сфера,Региональный,Один город,Высокая,333224,3,15026363,24.0,4,14,274175,1797,True,False,False,False,False,False,False,False,True,False,1
Сеть передачи #226,Государственное управление,Региональный,Субъект РФ,Высокая,146768,4,31353639,12.0,7,14,137851,3455,True,False,True,False,False,False,True,False,False,True,3
Платформа мониторинга #227,Здравоохранение,Региональный,Один город,Критическая,82685,3,422508877,0.5,10,14,56322,90,True,False,True,True,False,False,False,False,False,True,3
Платформа мониторинга #228,Государственное управление,Региональный,Субъект РФ,Высокая,78468,3,78757338,8.0,12,12,112474,3312,True,False,True,False,False,False,True,False,True,True,2
Сервис хранения #229,Связь,Объектовый,Несколько муниципалитетов,Высокая,538,3,85406277,4.0,1,1,497,449,True,False,False,False,False,False,False,False,True,False,1
Портал управления #230,Здравоохранение,Региональный,Субъект РФ,Средняя,254209,9,1660661,48.0,11,7,85877,194,False,False,False,True,False,False,False,True,False,False,2
Платформа мониторинга #231,Наука,Муниципальный,Один город,Высокая,7424,2,9898279,8.0,7,4,10329,158,True,False,False,False,False,False,False,False,False,False,0
Портал хранения #232,Наука,Региональный,Субъект РФ,Средняя,206119,8,78142461,48.0,10,11,99289,2438,False,False,True,False,False,False,False,False,False,True,2
Портал хранения #233,Государственное управление,Муниципальный,Несколько муниципалитетов,Средняя,24288,2,410019,24.0,9,15,18879,819,False,False,True,False,False,True,True,False,False,True,2
Система мониторинга #234,Наука,Муниципальный,Субъект РФ,Высокая,54328,4,11374544,12.0,7,5,48588,1845,True,False,False,False,False,False,True,False,False,False,1
АСУ ТП передачи #235,Топливная промышленность,Региональный,Федеральный округ,Критическая,165018,15,43714578,1.0,7,9,161050,1684,True,True,False,True,True,False,False,False,True,False,3
Система аналитики #236,Транспорт,Объектовый,Федеральный округ,Средняя,2925,25,3035212,48.0,3,6,1032,257,True,True,False,True,False,False,True,True,False,False,2
Портал хранения #237,Оборонная промышленность,Муниципальный,Субъект РФ,Критическая,11344,9,23125759,4.0,4,14,7287,2115,True,False,False,True,False,True,False,False,False,True,3
ИС хранения #238,Здравоохранение,Объектовый,Федеральный округ,Высокая,587,12,5605775,24.0,2,4,171,10,True,False,True,True,False,False,False,False,False,True,2
Сервис мониторинга #239,Оборонная промышленность,Региональный,Один город,Низкая,106082,3,104308,72.0,6,17,118921,1776,False,False,False,False,False,True,False,False,False,True,2
Портал аналитики #240,Наука,Объектовый,Вся страна,Высокая,2703,63,19149663,4.0,4,7,367,907,True,False,False,False,False,False,True,False,False,False,1
АСУ ТП хранения #241,Государственное управление,Объектовый,Федеральный округ,Высокая,3592,27,82148999,4.0,3,5,1522,233,True,False,True,False,False,True,True,False,False,False,3
Сеть аналитики #242,Наука,Региональный,Субъект РФ,Низкая,390071,6,108750,72.0,6,16,392244,1971,False,False,False,False,False,False,False,True,False,False,1
Платформа обработки #243,Банковская сфера,Муниципальный,Несколько муниципалитетов,Средняя,18952,1,15103980,168.0,5,6,20617,2413,True,False,False,False,False,False,False,False,True,True,1
ИС передачи #244,Государственное управление,Региональный,Субъект РФ,Средняя,325618,2,184057,168.0,9,17,486363,3529,False,False,True,False,False,True,True,False,False,True,3
Сеть хранения #245,Топливная промышленность,Федеральный,Субъект РФ,Высокая,196488,9,6387530,4.0,18,29,265863,4140,True,True,False,False,True,False,True,False,True,False,3
Система хранения #246,Государственное управление,Региональный,Вся страна,Низкая,145323,69,114808,168.0,7,14,56085,1229,True,False,True,False,False,True,True,False,False,True,3
Платформа аналитики #247,Энергетика,Муниципальный,Вся страна,Высокая,47138,53,2506511,12.0,6,13,20189,1683,True,True,False,False,True,False,True,False,False,False,2
АСУ ТП хранения #248,Наука,Объектовый,Один город,Средняя,2346,1,10872664,48.0,3,5,2440,44,False,True,False,False,False,False,False,False,False,False,0
Система аналитики #249,Энергетика,Объектовый,Субъект РФ,Высокая,1767,9,177957286,24.0,2,5,634,420,True,True,True,False,True,False,False,False,False,False,2
Портал хранения #250,Связь,Региональный,Федеральный округ,Низкая,116378,27,53294,72.0,11,17,160849,2373,True,False,True,False,False,False,True,False,True,True,3
АСУ ТП обработки #251,Энергетика,Региональный,Один город,Высокая,146836,2,66440693,4.0,8,15,17639,2805,True,True,False,False,True,False,False,False,False,False,2
Сеть передачи #252,Государственное управление,Муниципальный,Федеральный округ,Высокая,19095,14,433900177,24.0,7,13,19166,304,True,False,True,False,False,True,True,False,False,False,3
Сеть передачи #253,Энергетика,Федеральный,Один город,Низкая,238335,1,243645,24.0,9,39,183241,1903,False,True,False,False,True,False,False,False,False,False,2
Сервис обработки #254,Транспорт,Объектовый,Вся страна,Высокая,1074,81,83616318,8.0,2,4,1004,956,True,True,False,True,False,False,True,True,False,False,2
Сервис мониторинга #255,Связь,Муниципальный,Вся страна,Средняя,52206,77,2730707,48.0,3,1,43028,807,True,False,True,False,False,False,False,False,True,True,1
Сеть аналитики #256,Топливная промышленность,Федеральный,Вся страна,Критическая,1440536,51,30158553,4.0,7,19,764565,4873,True,True,False,True,True,True,False,False,False,True,3
ИС хранения #257,Энергетика,Региональный,Несколько муниципалитетов,Низкая,113058,1,162870,168.0,8,20,19157,737,False,True,False,False,True,False,False,False,False,False,1
ИС аналитики #258,Энергетика,Региональный,Один город,Высокая,364209,3,94537494,4.0,7,4,195605,2407,True,True,False,False,True,False,False,False,False,False,2
Портал аналитики #259,Здравоохранение,Объектовый,Один город,Средняя,1472,1,24224702,48.0,2,2,1423,478,False,False,False,True,False,False,False,True,False,False,1
Платформа передачи #260,Здравоохранение,Муниципальный,Субъект РФ,Средняя,57047,1,58287251,168.0,6,12,55084,1470,False,False,False,True,True,False,True,False,False,False,2
АСУ ТП аналитики #261,Транспорт,Региональный,Субъект РФ,Низкая,163731,8,25325,24.0,11,11,57270,330,False,True,False,True,False,False,True,True,False,False,3
Платформа аналитики #262,Здравоохранение,Объектовый,Субъект РФ,Критическая,1197,5,15851860403,2.0,3,3,1359,909,True,True,False,True,False,False,False,False,False,False,3
Портал мониторинга #263,Наука,Муниципальный,Федеральный округ,Низкая,33041,23,605793,24.0,6,8,27934,1157,False,True,False,False,False,False,False,False,False,False,1
АСУ ТП мониторинга #264,Транспорт,Региональный,Один город,Средняя,210358,3,1403126,168.0,18,8,119529,1571,True,True,False,True,False,False,True,True,True,False,3
Система хранения #265,Оборонная промышленность,Муниципальный,Один город,Высокая,6038,4,66114697,4.0,7,13,7894,606,True,False,True,False,False,True,False,False,True,False,2
Портал хранения #266,Топливная промышленность,Региональный,Вся страна,Средняя,45844,81,6037520,168.0,6,11,36990,2622,True,True,False,False,True,False,True,True,True,False,2
Портал хранения #267,Государственное управление,Региональный,Один город,Высокая,52395,1,59909588,8.0,7,22,30927,1940,True,False,True,False,True,True,True,False,False,False,3
Система управления #268,Наука,Муниципальный,Федеральный округ,Средняя,28124,28,694938,48.0,4,13,15334,2428,True,False,False,False,False,False,False,False,False,False,1
ИС обработки #269,Транспорт,Федеральный,Несколько муниципалитетов,Средняя,1300674,4,4335647,48.0,9,16,194192,3345,False,True,False,True,False,False,True,True,False,False,3
Система хранения #270,Топливная промышленность,Федеральный,Федеральный округ,Низкая,644231,16,418321,168.0,5,13,628556,605,False,True,False,False,True,False,False,False,False,False,2
Сеть хранения #271,Энергетика,Объектовый,Один город,Высокая,770,1,27229879,24.0,3,7,1031,91,True,True,False,False,True,False,False,False,False,False,1
Сеть мониторинга #272,Транспорт,Объектовый,Федеральный округ,Средняя,2951,20,2497541,48.0,4,2,1183,660,False,True,False,True,True,False,True,True,False,False,2
Сервис хранения #273,Связь,Региональный,Федеральный округ,Высокая,438367,27,53819772,12.0,7,22,310514,3213,True,True,False,False,False,False,False,False,True,False,2
Система хранения #274,Топливная промышленность,Федеральный,Федеральный округ,Средняя,354230,21,1808894,168.0,11,4,118747,1370,False,True,True,False,True,False,False,False,False,True,3
Портал аналитики #275,Здравоохранение,Муниципальный,Вся страна,Средняя,15993,73,4633806,72.0,5,10,11019,1006,False,False,False,True,False,False,False,False,False,False,1
Система аналитики #276,Здравоохранение,Объектовый,Вся страна,Критическая,3245,61,61616939,2.0,2,5,1044,70,True,False,False,True,False,False,False,False,False,False,2
Сеть мониторинга #277,Здравоохранение,Региональный,Несколько муниципалитетов,Низкая,78233,1,100290,48.0,6,3,13571,1333,True,False,False,True,False,False,True,False,False,False,2
Портал хранения #278,Энергетика,Федеральный,Один город,Критическая,312595,4,30935243,0.5,11,25,158284,2302,True,True,False,False,True,True,False,False,False,True,3
Портал управления #279,Энергетика,Объектовый,Субъект РФ,Средняя,3718,8,10504657,24.0,3,5,1842,267,False,True,False,False,True,False,True,False,True,False,1
Платформа управления #280,Оборонная промышленность,Федеральный,Несколько муниципалитетов,Высокая,209819,1,12796565,24.0,15,5,288172,83,True,False,False,False,False,True,False,False,False,True,3
ИС аналитики #281,Здравоохранение,Муниципальный,Один город,Низкая,17769,3,254601,168.0,5,9,16783,435,False,False,False,True,False,False,False,False,False,False,1
Платформа управления #282,Энергетика,Региональный,Несколько муниципалитетов,Высокая,31860,4,384621016,4.0,13,15,18261,2316,True,True,False,False,True,False,False,False,False,False,2
Портал передачи #283,Оборонная промышленность,Региональный,Субъект РФ,Средняя,222521,1,11622106,48.0,9,16,143364,391,False,False,False,False,False,True,False,False,False,True,2
Система управления #284,Транспорт,Муниципальный,Несколько муниципалитетов,Высокая,7909,3,155712090,24.0,6,7,1321,2585,True,True,False,True,True,False,True,True,False,False,3
Сервис мониторинга #285,Транспорт,Региональный,Несколько муниципалитетов,Низкая,88985,2,150312,48.0,1,15,101034,607,False,True,True,True,False,False,True,True,False,True,3
Портал аналитики #286,Связь,Федеральный,Несколько муниципалитетов,Средняя,345465,1,1484598,168.0,8,27,402280,3193,True,False,False,False,False,False,False,False,True,False,1
Система управления #287,Банковская сфера,Федеральный,Субъект РФ,Высокая,683109,8,91801157,4.0,10,31,367490,277,True,False,True,False,False,False,False,False,False,True,3
Сервис обработки #288,Связь,Объектовый,Несколько муниципалитетов,Средняя,2374,3,932610,24.0,3,2,2263,1186,True,False,False,False,False,False,False,False,True,False,0
Платформа аналитики #289,Государственное управление,Региональный,Федеральный округ,Средняя,172587,17,3087215,24.0,7,9,139068,930,False,False,True,False,False,True,True,False,False,True,3
Портал аналитики #290,Оборонная промышленность,Объектовый,Несколько муниципалитетов,Высокая,2172,1,28313764,24.0,4,6,1610,535,True,False,True,False,False,True,False,False,False,True,2
Система мониторинга #291,Государственное управление,Региональный,Субъект РФ,Средняя,174446,9,5391674,168.0,8,15,170342,244,False,False,True,False,False,True,True,False,False,True,3
Система мониторинга #292,Банковская сфера,Объектовый,Федеральный округ,Средняя,1900,28,4038677,72.0,3,4,255,758,False,False,False,False,False,False,True,False,False,True,1
Платформа обработки #293,Государственное управление,Объектовый,Субъект РФ,Средняя,322,3,13856207,24.0,3,2,450,679,False,False,True,False,False,False,True,False,False,True,1
ИС хранения #294,Банковская сфера,Муниципальный,Несколько муниципалитетов,Критическая,21039,3,1548672,2.0,6,7,30757,2904,True,False,False,False,False,False,False,False,False,True,1
АСУ ТП хранения #295,Государственное управление,Региональный,Один город,Высокая,213322,1,47738461,4.0,12,30,225546,2543,True,True,True,False,False,True,True,False,True,True,3
Сеть аналитики #296,Оборонная промышленность,Региональный,Один город,Высокая,119377,3,226023082,12.0,11,23,108998,2486,True,False,False,False,False,True,False,False,False,True,3
Сервис мониторинга #297,Здравоохранение,Региональный,Один город,Низкая,193679,2,473267,48.0,10,18,96953,2034,False,False,True,True,False,False,False,False,False,True,3
Система хранения #298,Энергетика,Федеральный,Федеральный округ,Средняя,676056,25,5608984,168.0,13,12,288020,612,False,True,False,False,True,False,False,False,False,False,2
Платформа хранения #299,Транспорт,Объектовый,Вся страна,Высокая,1873,88,47626431,8.0,3,5,772,555,True,True,False,True,False,False,True,True,False,False,2
Система обработки #300,Оборонная промышленность,Региональный,Вся страна,Средняя,170726,54,715791,168.0,4,1,192425,3022,True,False,False,False,False,False,False,False,False,True,2
Сервис хранения #301,Оборонная промышленность,Региональный,Вся страна,Низкая,190331,58,25598,48.0,6,21,280155,4406,True,False,False,False,False,True,False,False,False,True,3
Портал передачи #302,Связь,Муниципальный,Федеральный округ,Низкая,76287,26,540297,24.0,6,12,34632,149,True,False,False,False,False,False,False,False,True,False,1
Сеть хранения #303,Здравоохранение,Муниципальный,Вся страна,Критическая,68909,60,13186612,1.0,9,13,24000,44,True,False,True,True,False,False,False,False,True,True,3
Сеть аналитики #304,Банковская сфера,Объектовый,Вся страна,Критическая,2557,52,83214852,1.0,3,3,985,249,True,True,False,True,False,False,False,False,False,True,3
ИС хранения #305,Оборонная промышленность,Федеральный,Несколько муниципалитетов,Средняя,370710,1,2607979,168.0,16,21,224327,3388,True,False,False,False,False,True,False,False,False,True,3
ИС управления #306,Энергетика,Муниципальный,Субъект РФ,Средняя,25640,5,3423153,168.0,5,11,10156,1639,False,True,False,False,True,False,False,False,False,False,1
АСУ ТП обработки #307,Банковская сфера,Региональный,Субъект РФ,Критическая,26092,3,45837427,2.0,9,11,34680,772,True,False,False,True,False,False,False,True,False,True,3
Сервис хранения #308,Энергетика,Муниципальный,Вся страна,Средняя,13097,79,5525748,48.0,1,1,11685,2382,False,True,False,False,True,False,False,False,False,False,1
ИС управления #309,Государственное управление,Региональный,Федеральный округ,Низкая,115242,15,342986,48.0,8,8,72158,306,False,True,True,False,False,True,True,True,False,True,3
ИС обработки #310,Транспорт,Федеральный,Субъект РФ,Критическая,1767322,6,79147218,2.0,14,6,447619,5448,True,True,False,True,False,False,True,True,False,False,3
Система хранения #311,Энергетика,Муниципальный,Один город,Низкая,6489,2,151975,168.0,5,15,6869,407,True,True,False,False,True,False,False,False,True,False,1
ИС управления #312,Связь,Региональный,Федеральный округ,Средняя,302811,12,1412124,48.0,10,22,49299,1962,False,False,False,False,False,False,False,False,True,False,1
Портал передачи #313,Здравоохранение,Федеральный,Вся страна,Низкая,210260,52,265688,168.0,14,23,64548,5063,True,False,False,True,False,False,False,False,False,False,3
Система обработки #314,Государственное управление,Региональный,Вся страна,Критическая,38209,86,70182589,0.5,10,14,52134,2354,True,True,True,True,False,True,True,False,False,True,3
АСУ ТП управления #315,Связь,Объектовый,Субъект РФ,Средняя,649,3,14815975,48.0,3,2,795,963,False,False,False,False,False,False,True,False,True,False,0
Система мониторинга #316,Здравоохранение,Региональный,Один город,Критическая,409331,4,188054462,4.0,8,15,297380,313,True,True,False,True,False,False,False,False,True,False,3
Сеть аналитики #317,Топливная промышленность,Объектовый,Федеральный округ,Высокая,3269,14,48643349,24.0,1,4,4231,600,True,True,True,False,True,False,False,False,False,True,2
Сеть передачи #318,Связь,Объектовый,Один город,Низкая,1146,1,59241,72.0,5,7,1613,803,False,False,False,False,False,False,False,False,True,False,0
Сеть обработки #319,Энергетика,Федеральный,Субъект РФ,Средняя,745611,3,6006929,168.0,11,13,593896,1056,False,True,True,False,True,False,False,False,False,True,3
Сервис управления #320,Банковская сфера,Региональный,Федеральный округ,Средняя,154017,23,1618400,48.0,7,20,171229,920,False,True,False,False,False,False,True,False,False,False,2
АСУ ТП обработки #321,Здравоохранение,Муниципальный,Федеральный округ,Низкая,30670,12,111485,24.0,6,8,39013,2123,False,False,False,True,False,False,False,False,False,False,2
Платформа мониторинга #322,Транспорт,Муниципальный,Несколько муниципалитетов,Средняя,74819,3,1151797,72.0,5,15,45365,220,False,True,False,True,False,False,True,True,False,False,2
Портал мониторинга #323,Связь,Объектовый,Субъект РФ,Средняя,1786,5,3440352,72.0,4,3,2269,151,False,False,False,False,False,False,False,False,True,False,0
Платформа обработки #324,Банковская сфера,Муниципальный,Федеральный округ,Критическая,40410,26,122463809,2.0,2,13,44947,1020,True,False,False,True,False,False,True,False,True,True,3
Сеть аналитики #325,Транспорт,Объектовый,Субъект РФ,Средняя,608,2,1963684,168.0,3,5,284,871,False,True,False,True,False,False,True,True,False,False,1
ИС аналитики #326,Банковская сфера,Региональный,Субъект РФ,Низкая,53460,2,430029,48.0,17,19,6491,2683,False,False,False,False,False,False,True,False,False,True,1
Система управления #327,Государственное управление,Региональный,Один город,Средняя,71187,2,968940,72.0,3,15,80919,2562,True,True,True,False,True,True,True,True,False,True,3
Сервис обработки #328,Наука,Федеральный,Несколько муниципалитетов,Средняя,844463,1,1111459,72.0,10,24,226885,4126,True,False,False,False,False,False,False,True,False,False,1
Сеть обработки #329,Транспорт,Объектовый,Федеральный округ,Средняя,3078,21,721524,168.0,3,7,2639,936,False,True,True,True,False,False,True,True,False,True,3
АСУ ТП аналитики #330,Наука,Объектовый,Федеральный округ,Высокая,2605,27,107277973,12.0,1,7,2711,767,True,False,True,False,False,False,True,False,False,True,2
Сеть обработки #331,Наука,Региональный,Несколько муниципалитетов,Низкая,342504,2,49120,24.0,11,8,303707,906,True,False,False,False,False,False,True,False,False,False,1
АСУ ТП управления #332,Топливная промышленность,Региональный,Несколько муниципалитетов,Низкая,87871,1,92825,72.0,4,10,60641,294,True,True,False,False,True,False,False,False,False,False,1
Платформа хранения #333,Здравоохранение,Муниципальный,Субъект РФ,Низкая,59275,7,804778,72.0,7,11,43003,883,False,False,False,True,False,False,False,False,False,False,2
Сервис хранения #334,Транспорт,Муниципальный,Субъект РФ,Средняя,31356,1,1733485,168.0,6,12,11594,1265,False,True,False,True,False,False,True,True,False,False,2
Сеть мониторинга #335,Оборонная промышленность,Муниципальный,Несколько муниципалитетов,Средняя,42004,3,44997337,72.0,4,8,42349,1611,False,False,False,False,False,True,False,False,False,True,1
Платформа аналитики #336,Транспорт,Объектовый,Вся страна,Средняя,1726,57,13927647,48.0,1,3,1980,200,True,True,False,True,False,False,True,True,False,False,2
Система управления #337,Государственное управление,Объектовый,Федеральный округ,Низкая,598,11,105113,48.0,1,3,716,492,False,False,True,False,False,False,True,False,False,True,1
Сеть управления #338,Оборонная промышленность,Региональный,Субъект РФ,Средняя,77389,5,19038788,48.0,3,11,73170,179,False,False,False,False,False,True,False,False,True,True,2
Система передачи #339,Энергетика,Объектовый,Субъект РФ,Низкая,377,1,329762,48.0,4,7,326,691,False,True,False,False,True,False,False,False,False,False,0
Платформа мониторинга #340,Банковская сфера,Муниципальный,Субъект РФ,Низкая,8218,2,127855,168.0,3,2,9044,1258,True,False,False,False,False,False,True,False,True,True,1
АСУ ТП хранения #341,Государственное управление,Федеральный,Федеральный округ,Низкая,152566,12,293167,24.0,14,12,212438,794,False,False,True,False,False,True,True,False,False,True,3
Сервис управления #342,Транспорт,Региональный,Субъект РФ,Средняя,405352,7,682658,24.0,9,17,457905,257,False,True,False,True,False,False,True,True,False,False,3
Портал хранения #343,Государственное управление,Объектовый,Субъект РФ,Средняя,3416,7,8916149,48.0,4,4,753,572,True,False,True,False,False,True,True,False,False,True,2
Платформа мониторинга #344,Топливная промышленность,Муниципальный,Субъект РФ,Средняя,985,4,398018,24.0,6,13,936,787,False,True,False,False,True,False,False,False,False,False,1
Сервис управления #345,Государственное управление,Муниципальный,Вся страна,Критическая,66430,70,51474305,4.0,4,13,94242,1651,True,False,True,True,False,False,True,False,False,True,3
АСУ ТП аналитики #346,Наука,Муниципальный,Субъект РФ,Низкая,51192,1,194671,168.0,10,13,31352,1885,False,True,False,False,False,False,False,False,False,False,1
ИС управления #347,Банковская сфера,Федеральный,Федеральный округ,Средняя,323945,24,27832919,168.0,12,37,385907,3485,False,False,True,False,False,False,False,False,False,True,3
Сеть мониторинга #348,Топливная промышленность,Муниципальный,Вся страна,Низкая,37421,59,230000,168.0,3,12,35279,1520,True,True,False,False,True,False,False,False,False,False,1
АСУ ТП мониторинга #349,Транспорт,Федеральный,Федеральный округ,Средняя,559406,11,1867085,48.0,6,23,337098,3780,False,True,False,True,False,False,True,True,True,False,3
Система аналитики #350,Здравоохранение,Региональный,Вся страна,Средняя,332011,60,24311407,168.0,9,22,315563,1585,False,True,False,True,False,False,False,True,False,False,3
АСУ ТП мониторинга #351,Оборонная промышленность,Региональный,Несколько муниципалитетов,Средняя,79923,2,1514661,72.0,10,9,61956,2381,False,False,False,False,False,True,False,False,False,True,2
АСУ ТП управления #352,Топливная промышленность,Региональный,Субъект РФ,Средняя,353215,4,993930,24.0,11,9,442663,3130,False,True,True,False,True,False,False,False,False,True,2
Сеть обработки #353,Оборонная промышленность,Региональный,Вся страна,Средняя,281966,57,2633391,48.0,13,14,89386,2135,False,True,False,False,False,True,False,False,False,True,3
Сеть мониторинга #354,Энергетика,Объектовый,Вся страна,Критическая,4598,54,50442851,0.5,3,2,4240,168,True,True,False,True,True,False,False,False,False,False,3
Сеть управления #355,Энергетика,Региональный,Один город,Высокая,285186,1,260011090,4.0,17,12,73571,3217,True,True,False,False,True,False,False,False,False,False,3
ИС хранения #356,Транспорт,Муниципальный,Федеральный округ,Средняя,34818,24,8243723,168.0,4,3,41422,2534,False,True,False,True,False,False,True,True,False,False,2
Система управления #357,Энергетика,Муниципальный,Вся страна,Высокая,95861,66,23327093,12.0,6,4,81441,1816,True,True,False,False,True,False,False,False,False,False,2
ИС хранения #358,Оборонная промышленность,Федеральный,Вся страна,Средняя,1178082,51,16913491,24.0,12,14,1661153,2484,False,False,False,False,False,True,False,False,False,True,3
Система управления #359,Банковская сфера,Региональный,Федеральный округ,Критическая,170139,17,50000551,2.0,10,23,54980,4115,True,False,False,True,True,False,False,False,False,True,3
Сеть аналитики #360,Здравоохранение,Региональный,Вся страна,Средняя,202415,55,532301,72.0,14,15,301376,1988,False,False,False,True,False,False,False,False,False,False,2
АСУ ТП мониторинга #361,Транспорт,Муниципальный,Несколько муниципалитетов,Высокая,26289,3,6600771,24.0,8,9,9277,969,True,True,False,True,True,False,True,True,True,False,2
ИС передачи #362,Связь,Объектовый,Субъект РФ,Низкая,520,1,26314,168.0,5,4,423,474,False,False,False,False,False,False,True,False,True,False,0
ИС аналитики #363,Топливная промышленность,Региональный,Субъект РФ,Низкая,212478,3,323816,72.0,7,19,41978,201,False,True,False,False,True,False,False,False,False,False,1
Система аналитики #364,Банковская сфера,Объектовый,Несколько муниципалитетов,Средняя,321,1,2449307,168.0,4,7,318,308,True,False,False,False,False,False,False,False,False,True,0
Портал хранения #365,Топливная промышленность,Объектовый,Один город,Критическая,430,1,29554344,0.5,3,3,589,97,True,True,False,False,True,False,False,False,False,False,1
Портал обработки #366,Энергетика,Муниципальный,Вся страна,Низкая,74798,67,346119,72.0,9,7,102021,2058,False,True,False,False,True,False,True,False,False,False,1
АСУ ТП аналитики #367,Топливная промышленность,Региональный,Вся страна,Средняя,169184,82,1829694,72.0,11,20,206926,1009,False,True,False,False,True,False,False,False,False,False,2
ИС управления #368,Государственное управление,Муниципальный,Субъект РФ,Средняя,24037,5,2105817,72.0,4,16,14050,1997,True,False,True,False,False,True,True,False,False,True,2
Сервис обработки #369,Банковская сфера,Федеральный,Один город,Критическая,496996,4,202323238,1.0,8,18,77579,5841,True,True,True,False,False,True,False,False,False,False,3
Портал передачи #370,Банковская сфера,Объектовый,Вся страна,Средняя,1313,58,65730959,48.0,4,6,1593,134,False,False,False,False,False,False,False,False,False,True,1
Портал управления #371,Топливная промышленность,Объектовый,Федеральный округ,Высокая,1443,24,34517872,8.0,3,5,1198,29,True,True,True,False,True,False,False,False,False,True,2
Сервис управления #372,Энергетика,Муниципальный,Несколько муниципалитетов,Средняя,30033,4,2949269,72.0,2,13,6610,190,False,True,False,False,True,False,True,False,False,False,1
Портал хранения #373,Транспорт,Муниципальный,Вся страна,Низкая,19757,63,182297,168.0,6,9,20344,1068,False,True,False,True,False,False,True,True,False,False,2
Платформа хранения #374,Здравоохранение,Объектовый,Несколько муниципалитетов,Низкая,411,2,22611,24.0,3,5,111,541,False,False,False,True,True,False,False,False,False,False,1
Сервис мониторинга #375,Наука,Муниципальный,Федеральный округ,Низкая,12726,16,385080,72.0,7,11,5990,2483,False,False,False,False,False,False,False,False,False,False,1
Сервис хранения #376,Оборонная промышленность,Объектовый,Субъект РФ,Средняя,1523,4,1859678,24.0,4,6,1028,663,False,False,False,False,False,True,False,False,False,True,1
Платформа обработки #377,Банковская сфера,Муниципальный,Субъект РФ,Высокая,80981,8,2237286,4.0,4,8,96538,1756,True,False,False,False,False,False,False,False,False,True,1
АСУ ТП мониторинга #378,Оборонная промышленность,Объектовый,Субъект РФ,Средняя,582,3,583322,72.0,2,4,480,113,True,False,False,False,False,True,False,False,False,True,1
Сеть аналитики #379,Оборонная промышленность,Объектовый,Субъект РФ,Средняя,2468,4,3374935,72.0,2,3,1291,1132,False,False,False,False,False,False,False,True,False,True,0
Платформа передачи #380,Топливная промышленность,Муниципальный,Федеральный округ,Средняя,82603,23,2080502,168.0,6,8,88680,1956,True,True,False,False,True,False,False,False,False,False,1
АСУ ТП управления #381,Транспорт,Объектовый,Субъект РФ,Высокая,1829,4,293063225,8.0,2,4,1091,308,True,True,False,True,False,False,True,True,True,False,2
ИС мониторинга #382,Энергетика,Региональный,Несколько муниципалитетов,Средняя,459393,1,182392,48.0,9,21,576433,3127,False,True,False,False,True,False,False,False,False,False,2
Портал управления #383,Энергетика,Региональный,Федеральный округ,Низкая,67057,20,654071,168.0,4,6,41773,2159,True,True,False,False,True,False,False,False,False,False,1
Сеть аналитики #384,Энергетика,Региональный,Несколько муниципалитетов,Критическая,451292,2,253631719,4.0,6,26,644662,706,True,True,False,True,True,False,False,True,False,False,3
ИС хранения #385,Топливная промышленность,Региональный,Субъект РФ,Средняя,120166,7,15363050,72.0,9,31,57064,1349,False,True,False,False,True,False,False,False,True,False,2
Система хранения #386,Топливная промышленность,Объектовый,Федеральный округ,Высокая,2477,10,1819053,24.0,4,5,1912,361,True,True,False,False,True,False,False,False,False,False,1
ИС мониторинга #387,Наука,Федеральный,Федеральный округ,Высокая,391653,12,9119710,12.0,9,18,135003,5917,True,False,False,False,False,False,True,False,False,False,2
Сервис хранения #388,Банковская сфера,Федеральный,Субъект РФ,Высокая,123324,1,18543718,4.0,12,16,111160,1578,True,False,False,False,False,False,False,False,False,True,3
Сервис хранения #389,Энергетика,Объектовый,Один город,Средняя,3252,3,1123037,24.0,3,6,1001,566,False,True,False,False,True,False,True,False,False,False,1
АСУ ТП обработки #390,Банковская сфера,Региональный,Субъект РФ,Критическая,348343,5,12939854,2.0,6,9,96968,2030,True,True,False,True,False,False,False,False,False,True,3
Платформа хранения #391,Топливная промышленность,Региональный,Субъект РФ,Низкая,484380,3,40501,72.0,7,12,659737,1710,False,True,False,False,True,False,False,False,False,False,2
Сеть аналитики #392,Топливная промышленность,Муниципальный,Вся страна,Средняя,43818,59,3731975,24.0,5,14,25421,273,False,True,False,False,True,False,False,False,False,False,1
Сеть обработки #393,Государственное управление,Федеральный,Один город,Высокая,770725,2,134160745,4.0,6,16,798667,2209,True,False,True,False,False,True,True,False,False,True,3
Сервис аналитики #394,Энергетика,Объектовый,Несколько муниципалитетов,Высокая,1628,4,136148513,12.0,2,8,932,560,True,True,False,False,True,False,False,False,False,False,1
ИС обработки #395,Наука,Объектовый,Один город,Средняя,1948,4,2446440,168.0,4,5,2486,765,False,False,False,False,False,False,False,True,False,False,0
ИС управления #396,Оборонная промышленность,Региональный,Вся страна,Высокая,305200,52,6474288,12.0,8,18,313366,1382,True,False,False,False,False,True,False,False,False,True,3
Сеть управления #397,Государственное управление,Региональный,Субъект РФ,Низкая,40051,6,104290,168.0,9,8,45851,71,True,False,True,False,False,True,True,False,False,True,3
Портал управления #398,Топливная промышленность,Федеральный,Вся страна,Средняя,528303,65,3867107,48.0,13,29,381483,5106,True,True,False,False,True,False,False,False,False,False,2
Платформа мониторинга #399,Топливная промышленность,Муниципальный,Субъект РФ,Высокая,36882,1,126227763,12.0,7,5,19859,346,True,True,False,False,True,False,False,False,False,False,2
Система управления #400,Банковская сфера,Объектовый,Вся страна,Высокая,2304,61,25485080,4.0,2,7,2427,361,True,True,False,False,False,False,False,True,False,True,2
Сеть аналитики #401,Связь,Федеральный,Федеральный округ,Средняя,178364,19,309073,48.0,9,10,206608,2711,True,False,False,False,False,False,True,False,True,False,2
Платформа хранения #402,Наука,Объектовый,Вся страна,Высокая,529,80,26814281,4.0,3,4,590,1011,True,False,False,False,False,False,True,False,False,False,1
Сеть хранения #403,Наука,Муниципальный,Несколько муниципалитетов,Средняя,51223,1,959511,168.0,4,10,49218,961,True,False,False,False,False,False,False,False,True,False,0
АСУ ТП обработки #404,Связь,Муниципальный,Вся страна,Средняя,25452,75,7778984,168.0,3,6,38059,1687,False,False,True,False,True,False,False,False,True,True,1
Сервис управления #405,Банковская сфера,Региональный,Несколько муниципалитетов,Высокая,194812,3,53581295,4.0,11,14,67867,334,True,False,False,False,True,False,False,False,False,True,2
Портал передачи #406,Наука,Региональный,Федеральный округ,Критическая,214412,28,26598658,4.0,5,16,223819,397,True,False,False,True,False,False,True,True,False,False,3
Система управления #407,Топливная промышленность,Объектовый,Несколько муниципалитетов,Средняя,1874,2,6339795,48.0,2,4,399,594,False,True,False,False,True,False,False,False,False,False,0
Платформа управления #408,Государственное управление,Муниципальный,Один город,Низкая,18408,1,168740,48.0,7,6,18091,1683,False,False,True,False,True,True,True,False,True,False,2
Портал обработки #409,Оборонная промышленность,Муниципальный,Один город,Средняя,34571,4,3763468,72.0,7,6,5287,246,False,False,False,False,False,True,False,False,False,True,1
Сервис управления #410,Связь,Федеральный,Вся страна,Средняя,504142,51,1149832,24.0,9,21,495797,5240,False,False,False,False,False,False,False,False,True,False,2
Система управления #411,Здравоохранение,Федеральный,Несколько муниципалитетов,Средняя,330800,2,39590394,72.0,13,32,210487,4281,False,False,True,True,False,False,False,False,False,True,3
Сервис хранения #412,Здравоохранение,Федеральный,Федеральный округ,Средняя,1141986,17,9360947,72.0,1,18,770534,886,True,True,True,True,False,False,True,False,False,False,3
ИС мониторинга #413,Транспорт,Объектовый,Вся страна,Критическая,3099,56,2043371343,1.0,4,2,1996,407,True,True,False,True,True,False,True,True,False,False,3
Платформа хранения #414,Оборонная промышленность,Муниципальный,Субъект РФ,Низкая,29871,1,115569,24.0,5,9,32586,963,False,False,False,False,False,True,False,False,False,True,1
Система управления #415,Связь,Региональный,Вся страна,Низкая,49167,65,130381,72.0,11,25,46838,2623,False,False,False,False,False,False,False,False,True,False,1
Портал передачи #416,Государственное управление,Объектовый,Несколько муниципалитетов,Средняя,519,1,1427718,72.0,2,7,762,49,True,False,True,False,False,True,True,False,False,True,2
ИС аналитики #417,Топливная промышленность,Региональный,Вся страна,Высокая,62539,79,10419562,12.0,12,15,11256,3388,True,True,False,False,True,False,False,False,False,False,2
ИС аналитики #418,Государственное управление,Муниципальный,Несколько муниципалитетов,Низкая,68871,4,85792,24.0,7,10,29449,178,True,False,True,False,False,True,True,False,False,True,2
ИС хранения #419,Оборонная промышленность,Региональный,Один город,Средняя,149096,4,18598363,72.0,8,12,152624,406,True,False,False,False,False,True,False,False,False,False,2
Система управления #420,Транспорт,Муниципальный,Один город,Низкая,7680,3,375065,168.0,6,7,1375,1447,False,True,False,True,False,False,True,True,False,False,2
ИС аналитики #421,Оборонная промышленность,Региональный,Один город,Высокая,91227,4,36696294,24.0,12,10,10485,2662,True,False,False,False,False,True,False,False,False,True,2
ИС аналитики #422,Государственное управление,Объектовый,Федеральный округ,Критическая,2426,10,185113704,1.0,2,6,1844,780,True,True,True,True,False,True,True,False,False,True,3
Портал передачи #423,Банковская сфера,Региональный,Несколько муниципалитетов,Низкая,57920,4,20391,24.0,8,11,16325,2362,True,False,False,False,False,False,False,False,False,False,1
Платформа управления #424,Топливная промышленность,Муниципальный,Вся страна,Средняя,43256,82,1334777,72.0,10,4,63435,1078,False,True,True,False,True,False,False,False,False,True,2
ИС передачи #425,Топливная промышленность,Федеральный,Несколько муниципалитетов,Низкая,1636235,1,892307,24.0,11,13,1965242,133,False,True,False,False,True,False,False,False,False,False,2
Портал управления #426,Транспорт,Объектовый,Один город,Высокая,2216,1,115296893,12.0,3,3,2109,1385,True,True,False,True,False,False,True,True,True,False,2
Система хранения #427,Топливная промышленность,Муниципальный,Субъект РФ,Высокая,8626,3,71588935,4.0,4,9,3908,1083,True,True,False,False,True,False,True,False,False,False,1
Система обработки #428,Транспорт,Региональный,Субъект РФ,Средняя,191252,3,6310664,48.0,14,14,270208,286,True,True,False,True,False,False,True,True,False,False,3
АСУ ТП передачи #429,Транспорт,Региональный,Субъект РФ,Высокая,216072,6,35926763,12.0,11,10,94508,3750,True,True,False,True,False,False,True,True,False,False,3
АСУ ТП мониторинга #430,Банковская сфера,Федеральный,Федеральный округ,Высокая,451310,22,32870936,4.0,14,34,477047,60,True,False,False,False,False,False,False,False,False,True,3
Сервис мониторинга #431,Здравоохранение,Объектовый,Один город,Низкая,2545,4,2845179,48.0,3,4,1472,163,False,False,False,True,False,False,True,False,False,False,1
Сеть хранения #432,Банковская сфера,Муниципальный,Один город,Высокая,5005,3,24037340,4.0,8,4,5618,895,True,False,False,False,False,False,True,False,False,True,2
Портал мониторинга #433,Здравоохранение,Региональный,Федеральный округ,Высокая,72791,16,440259486,24.0,10,1,99149,141,True,False,False,True,False,False,False,False,True,False,3
ИС аналитики #434,Государственное управление,Федеральный,Один город,Средняя,1048751,3,2188819,168.0,4,8,143705,1292,True,False,True,False,False,True,True,False,False,False,3
ИС хранения #435,Банковская сфера,Объектовый,Федеральный округ,Средняя,487,14,6548289,72.0,3,5,190,35,False,False,False,False,False,False,False,False,False,True,0
Платформа обработки #436,Государственное управление,Региональный,Федеральный округ,Средняя,323567,12,3836532,48.0,8,18,67990,500,False,True,True,False,False,True,True,False,False,True,3
Платформа хранения #437,Наука,Объектовый,Несколько муниципалитетов,Низкая,532,2,550139,24.0,3,1,265,165,False,False,False,False,False,False,True,True,True,False,0
АСУ ТП аналитики #438,Наука,Региональный,Несколько муниципалитетов,Средняя,408364,4,15568921,24.0,13,14,517286,1007,False,False,False,False,False,False,False,False,True,False,2
Сеть хранения #439,Здравоохранение,Объектовый,Вся страна,Средняя,2072,71,3116317,72.0,2,7,1891,377,True,False,False,True,False,False,False,False,False,False,1
Система управления #440,Оборонная промышленность,Объектовый,Один город,Средняя,479,3,1549241,24.0,3,6,520,610,True,False,False,False,False,True,False,False,False,True,1
Портал хранения #441,Банковская сфера,Федеральный,Несколько муниципалитетов,Высокая,608663,3,39771328,12.0,14,15,548137,970,True,False,True,False,False,False,False,False,False,True,3
АСУ ТП хранения #442,Оборонная промышленность,Муниципальный,Вся страна,Низкая,80884,63,252725,24.0,5,9,80640,809,False,True,False,False,False,True,False,False,False,True,2
АСУ ТП мониторинга #443,Государственное управление,Объектовый,Вся страна,Средняя,1458,58,4265895,48.0,3,5,819,1346,False,False,True,False,False,True,True,False,False,True,2
Сервис обработки #444,Оборонная промышленность,Федеральный,Несколько муниципалитетов,Высокая,602514,1,54802025,24.0,13,25,132119,2766,True,True,False,False,False,True,True,False,False,True,3
Сеть хранения #445,Топливная промышленность,Региональный,Несколько муниципалитетов,Критическая,288529,1,191953091,2.0,8,9,201152,412,True,True,True,False,True,False,False,False,False,True,3
Платформа обработки #446,Оборонная промышленность,Федеральный,Один город,Высокая,1665948,1,10315983,4.0,11,28,2165849,235,True,False,False,False,False,False,False,False,False,True,3
Сеть хранения #447,Оборонная промышленность,Федеральный,Федеральный округ,Критическая,603159,13,705008871,0.5,6,31,517431,1245,True,False,False,False,False,True,False,False,False,True,3
Система аналитики #448,Здравоохранение,Объектовый,Несколько муниципалитетов,Высокая,4170,1,100647199,4.0,2,4,1392,1527,True,False,False,True,False,False,False,False,False,False,2
АСУ ТП хранения #449,Топливная промышленность,Объектовый,Субъект РФ,Высокая,450,4,54907662,4.0,3,4,155,191,True,True,False,False,True,False,False,False,False,False,1
Система хранения #450,Топливная промышленность,Федеральный,Федеральный округ,Высокая,446782,13,161918820,24.0,13,16,543536,2184,True,True,False,False,True,False,True,False,False,False,3
Сеть обработки #451,Банковская сфера,Федеральный,Вся страна,Средняя,900179,75,23717728,48.0,11,18,604225,2980,True,False,False,False,False,False,False,False,False,True,3
Портал передачи #452,Банковская сфера,Федеральный,Несколько муниципалитетов,Высокая,678615,3,11033723,8.0,12,17,331052,4220,True,False,False,False,False,False,False,True,False,True,2
Платформа обработки #453,Связь,Региональный,Субъект РФ,Средняя,303784,5,40955331,24.0,14,2,69138,2376,True,True,False,False,False,False,False,False,True,False,2
Сеть передачи #454,Здравоохранение,Региональный,Федеральный округ,Низкая,144840,15,27966,72.0,8,11,126856,1715,False,True,False,True,False,False,False,False,False,False,3
ИС обработки #455,Государственное управление,Региональный,Федеральный округ,Средняя,64461,28,1826760,72.0,10,24,44041,2068,True,True,True,False,False,True,True,False,False,True,3
ИС аналитики #456,Энергетика,Региональный,Несколько муниципалитетов,Низкая,139226,1,65828,168.0,12,6,166816,2066,False,True,False,False,True,False,False,False,False,False,1
Сеть мониторинга #457,Транспорт,Муниципальный,Один город,Средняя,61839,3,33265510,24.0,6,14,69095,2543,False,True,False,True,False,False,True,True,False,False,2
ИС передачи #458,Наука,Объектовый,Несколько муниципалитетов,Высокая,4365,4,318190314,8.0,4,8,2995,424,True,True,False,False,False,False,True,False,False,False,1
Сервис обработки #459,Транспорт,Муниципальный,Вся страна,Высокая,79995,59,30246752,12.0,3,9,10195,1443,True,True,False,True,False,False,True,True,False,False,3
Портал хранения #460,Энергетика,Федеральный,Один город,Высокая,293317,1,7190318,12.0,13,6,198275,5159,True,True,False,False,True,False,False,False,False,False,2
Система мониторинга #461,Здравоохранение,Региональный,Один город,Средняя,189235,4,2960762,48.0,8,17,134772,1181,True,False,False,True,False,False,False,False,False,False,2
ИС аналитики #462,Наука,Объектовый,Один город,Средняя,644,4,1382469,24.0,2,5,97,650,True,True,False,False,False,False,False,False,False,False,1
Портал аналитики #463,Оборонная промышленность,Региональный,Субъект РФ,Высокая,177903,8,19025668,24.0,5,19,94697,840,True,False,True,False,False,False,False,False,False,True,2
ИС хранения #464,Связь,Муниципальный,Вся страна,Средняя,5613,71,12606479,24.0,3,9,2245,144,False,False,False,False,False,False,False,False,True,False,1
Портал обработки #465,Банковская сфера,Региональный,Субъект РФ,Средняя,238005,2,2344851,72.0,6,17,334757,3772,False,False,False,False,True,False,True,False,False,True,2
Портал мониторинга #466,Наука,Региональный,Несколько муниципалитетов,Высокая,111404,2,34645220,4.0,11,13,132874,2554,True,False,False,False,False,False,False,False,False,False,2
ИС аналитики #467,Оборонная промышленность,Региональный,Вся страна,Средняя,304936,62,10599480,72.0,16,17,244919,2390,False,True,False,False,False,True,False,False,False,True,3
ИС аналитики #468,Здравоохранение,Федеральный,Один город,Средняя,508780,4,10736408,72.0,15,15,240460,825,False,False,False,True,False,False,False,False,False,False,2
Портал хранения #469,Здравоохранение,Федеральный,Один город,Высокая,478980,2,81367456,4.0,5,23,567699,3745,True,False,False,True,False,False,False,False,False,False,3
Портал аналитики #470,Здравоохранение,Региональный,Несколько муниципалитетов,Высокая,250453,3,79949603,24.0,12,10,252499,2022,True,False,True,True,False,False,False,False,False,True,3
АСУ ТП хранения #471,Связь,Муниципальный,Несколько муниципалитетов,Средняя,18264,4,10904112,168.0,1,10,20362,857,False,False,False,False,False,False,False,False,True,False,0
Портал аналитики #472,Энергетика,Федеральный,Вся страна,Низкая,212907,55,386655,72.0,17,33,108488,2959,False,True,False,False,True,False,False,False,False,False,2
ИС передачи #473,Наука,Федеральный,Один город,Критическая,411950,2,322587310,4.0,10,1,374038,3070,True,False,False,True,False,False,False,False,True,False,3
ИС хранения #474,Здравоохранение,Объектовый,Федеральный округ,Высокая,533,23,130769442,24.0,3,5,694,218,True,False,False,True,False,False,False,False,False,False,2
Сервис аналитики #475,Транспорт,Региональный,Несколько муниципалитетов,Критическая,60239,2,77209776,2.0,3,1,68497,2702,True,True,False,True,False,False,True,True,False,False,3
Сервис аналитики #476,Транспорт,Муниципальный,Федеральный округ,Средняя,40345,14,4700376,168.0,7,4,28490,156,False,True,False,True,False,False,True,True,False,False,2
Система управления #477,Государственное управление,Муниципальный,Федеральный округ,Средняя,55570,12,2568661,168.0,5,6,68669,426,True,False,True,False,False,True,True,False,True,True,2
Портал передачи #478,Связь,Муниципальный,Несколько муниципалитетов,Высокая,24396,2,33654998,4.0,6,12,22419,1495,True,False,False,False,False,False,False,False,True,False,1
ИС аналитики #479,Энергетика,Объектовый,Федеральный округ,Средняя,1208,17,694445,24.0,2,2,980,71,False,True,False,False,True,False,False,False,False,False,1
Система хранения #480,Банковская сфера,Региональный,Несколько муниципалитетов,Средняя,357611,2,30192888,48.0,7,22,516396,2904,False,True,False,False,False,False,False,False,True,True,2
Сеть передачи #481,Связь,Муниципальный,Субъект РФ,Низкая,2148,3,23924,48.0,3,12,1596,3034,True,False,False,False,False,False,False,False,True,False,0
ИС передачи #482,Топливная промышленность,Объектовый,Субъект РФ,Низкая,1778,3,59907,48.0,3,5,1280,623,False,True,False,False,True,False,True,False,False,False,0
Платформа обработки #483,Оборонная промышленность,Объектовый,Вся страна,Средняя,105,81,443769,72.0,3,6,49,1144,False,False,False,False,False,True,True,True,False,True,2
Платформа мониторинга #484,Наука,Региональный,Несколько муниципалитетов,Высокая,165011,1,2499331722,24.0,12,8,177896,2309,True,False,False,False,False,False,False,False,False,False,2
Система передачи #485,Государственное управление,Региональный,Несколько муниципалитетов,Высокая,292761,2,24360229,4.0,7,9,345798,1282,True,False,True,False,False,True,True,True,False,True,3
ИС аналитики #486,Транспорт,Региональный,Один город,Средняя,84485,2,1165178,24.0,4,20,126333,3384,False,True,False,True,False,False,True,True,False,False,2
АСУ ТП передачи #487,Здравоохранение,Объектовый,Федеральный округ,Средняя,2855,22,27782724,24.0,5,8,2803,33,False,True,True,True,False,False,False,False,True,True,3
ИС мониторинга #488,Оборонная промышленность,Региональный,Субъект РФ,Высокая,118788,1,25369550,4.0,9,19,93869,2711,True,False,False,False,False,False,False,False,False,True,2
АСУ ТП аналитики #489,Связь,Региональный,Вся страна,Средняя,248693,86,6418447,24.0,5,25,144588,2264,False,False,False,False,False,False,False,False,True,False,1
АСУ ТП хранения #490,Оборонная промышленность,Объектовый,Субъект РФ,Высокая,3334,1,208548938,8.0,2,5,4321,744,True,True,False,False,False,True,True,True,False,True,3
Сеть мониторинга #491,Государственное управление,Региональный,Один город,Средняя,163952,4,1294155,48.0,13,19,27192,3280,True,False,True,False,False,False,True,False,False,True,2
Платформа аналитики #492,Государственное управление,Федеральный,Субъект РФ,Средняя,251549,7,19684451,168.0,7,16,321510,107,True,False,True,False,False,True,True,False,False,True,3
АСУ ТП аналитики #493,Топливная промышленность,Федеральный,Вся страна,Высокая,633247,78,425727491,8.0,14,34,882807,2239,True,True,False,False,True,False,False,False,False,False,3
Платформа хранения #494,Здравоохранение,Объектовый,Федеральный округ,Низкая,1192,20,2655673,48.0,1,2,1330,220,True,False,False,True,False,False,False,False,False,False,1
Сервис передачи #495,Топливная промышленность,Муниципальный,Федеральный округ,Высокая,19589,13,39654365,24.0,7,11,8986,738,True,True,False,False,True,False,False,False,False,False,2
Сеть передачи #496,Энергетика,Региональный,Федеральный округ,Низкая,399479,28,121263,24.0,9,20,241364,1383,False,True,False,False,True,False,False,False,False,False,2
Сервис обработки #497,Энергетика,Региональный,Один город,Средняя,229286,4,14283675,72.0,10,28,117965,2339,True,True,False,False,True,False,False,False,False,False,2
Платформа аналитики #498,Банковская сфера,Муниципальный,Субъект РФ,Средняя,35148,1,3487158,24.0,4,10,50682,279,False,False,False,False,False,False,False,False,False,True,1
Сеть передачи #499,Государственное управление,Объектовый,Один город,Высокая,1532,4,49673813,12.0,3,8,1445,78,True,True,True,False,False,True,True,False,False,True,3
Сервис хранения #500,Государственное управление,Региональный,Федеральный округ,Средняя,399268,24,10814773,24.0,13,22,502047,327,False,False,True,False,False,True,True,False,False,True,3
Портал аналитики #501,Энергетика,Региональный,Несколько муниципалитетов,Средняя,302407,2,7106745,48.0,5,22,344728,182,True,True,False,False,True,False,False,False,False,False,1
ИС мониторинга #502,Оборонная промышленность,Федеральный,Субъект РФ,Средняя,496082,8,1066076,24.0,7,20,562849,1546,True,False,True,False,True,True,False,False,False,True,3
Портал мониторинга #503,Государственное управление,Муниципальный,Один город,Низкая,3426,4,315696,24.0,4,1,2498,2780,False,False,True,False,False,True,True,False,False,True,2
Сервис обработки #504,Топливная промышленность,Муниципальный,Субъект РФ,Средняя,56757,6,1234594,24.0,5,7,18249,1513,True,True,False,False,True,False,False,False,False,False,1
Сеть мониторинга #505,Связь,Объектовый,Субъект РФ,Средняя,1652,2,2224637,24.0,2,7,2448,305,False,False,False,False,False,False,False,False,True,False,0
Сервис мониторинга #506,Банковская сфера,Региональный,Федеральный округ,Низкая,96877,18,120720,48.0,7,20,91098,356,True,False,False,False,False,False,False,False,False,True,1
Портал хранения #507,Здравоохранение,Муниципальный,Несколько муниципалитетов,Критическая,31625,2,391233160,4.0,4,13,27688,889,True,False,False,True,False,False,False,False,False,False,3
Сеть мониторинга #508,Банковская сфера,Региональный,Субъект РФ,Высокая,260971,1,28663812,24.0,7,11,211104,2167,True,False,False,False,False,False,False,False,False,True,2
Портал управления #509,Энергетика,Региональный,Федеральный округ,Средняя,165887,28,1295798,72.0,7,12,137038,2675,True,True,False,False,True,False,False,False,False,False,2
Система передачи #510,Связь,Объектовый,Один город,Средняя,2020,3,4746433,72.0,1,6,2147,915,False,True,False,False,False,False,True,False,True,False,0
Система обработки #511,Здравоохранение,Объектовый,Субъект РФ,Высокая,4567,9,203276298,12.0,3,6,5138,343,True,False,True,True,False,False,False,False,False,True,3
Сеть обработки #512,Наука,Объектовый,Федеральный округ,Средняя,4670,13,14994138,24.0,2,4,1091,703,False,True,True,False,True,False,False,False,True,True,2
Система аналитики #513,Энергетика,Объектовый,Один город,Средняя,3749,2,334642,24.0,2,6,3656,1474,False,True,False,False,True,False,False,False,False,False,0
ИС хранения #514,Государственное управление,Объектовый,Вся страна,Средняя,1222,85,8809416,72.0,4,6,1283,190,False,False,True,False,False,True,True,False,False,True,2
Сервис передачи #515,Энергетика,Муниципальный,Один город,Критическая,10463,4,224949011,4.0,4,14,11015,1822,True,True,False,True,True,False,False,True,True,False,3
АСУ ТП аналитики #516,Банковская сфера,Муниципальный,Один город,Критическая,35419,1,39279348,2.0,6,9,29406,2481,True,False,False,True,False,False,False,False,False,True,3
ИС управления #517,Связь,Муниципальный,Федеральный округ,Высокая,30860,20,124765176,4.0,9,10,44751,416,True,False,False,False,False,False,False,False,True,False,2
Сеть передачи #518,Наука,Объектовый,Несколько муниципалитетов,Средняя,2849,1,15065990,48.0,1,5,3723,830,False,False,False,False,False,False,False,False,False,False,0
Система аналитики #519,Здравоохранение,Региональный,Вся страна,Высокая,266023,79,188618727,8.0,8,14,364652,876,True,False,True,True,False,False,False,False,False,True,3
АСУ ТП управления #520,Здравоохранение,Объектовый,Вся страна,Низкая,3487,72,268333,72.0,3,7,752,975,False,True,True,True,False,False,True,True,False,True,3
ИС передачи #521,Транспорт,Региональный,Федеральный округ,Средняя,120543,19,1884829,48.0,5,20,145664,4261,False,True,False,True,False,False,True,True,True,False,3
Система передачи #522,Банковская сфера,Муниципальный,Федеральный округ,Средняя,9441,20,7025070,48.0,5,7,3405,968,False,False,False,False,False,False,False,False,False,True,0
Платформа аналитики #523,Государственное управление,Региональный,Вся страна,Средняя,299061,66,2790208,168.0,10,21,105226,3553,False,False,True,False,True,True,True,False,False,True,3
Платформа аналитики #524,Здравоохранение,Муниципальный,Субъект РФ,Критическая,40311,8,236525231,1.0,2,16,58550,1259,True,False,False,True,False,False,True,True,False,False,3
Сеть передачи #525,Оборонная промышленность,Региональный,Один город,Низкая,335037,1,84552,168.0,5,9,465948,416,True,False,False,False,False,True,False,True,False,True,2
Сеть передачи #526,Связь,Объектовый,Один город,Средняя,597,2,3876238,24.0,3,4,824,545,False,True,False,False,False,False,False,False,True,False,0
Система хранения #527,Здравоохранение,Муниципальный,Субъект РФ,Низкая,12440,6,68834,72.0,4,3,17072,71,False,False,False,True,False,False,True,False,True,False,1
Портал управления #528,Наука,Региональный,Несколько муниципалитетов,Средняя,430922,4,6029967,24.0,4,11,225643,771,False,False,False,False,False,False,False,False,False,False,1
Сервис управления #529,Связь,Региональный,Вся страна,Средняя,185533,79,2995347,48.0,14,19,212585,3566,False,True,False,False,False,False,False,True,True,False,2
Сервис хранения #530,Наука,Объектовый,Вся страна,Средняя,4618,85,791452,24.0,3,3,4128,565,True,False,False,False,False,False,False,False,False,False,1
Платформа управления #531,Здравоохранение,Региональный,Федеральный округ,Высокая,158840,25,7556334,24.0,7,8,117146,2847,True,False,False,True,False,False,True,False,False,False,3
ИС аналитики #532,Топливная промышленность,Муниципальный,Субъект РФ,Высокая,29454,3,49475666,4.0,9,11,22298,865,True,True,False,False,True,False,False,False,False,False,2
Портал передачи #533,Связь,Объектовый,Несколько муниципалитетов,Критическая,1400,1,7550576,4.0,3,3,1043,832,True,False,False,True,False,False,False,False,True,False,2
Платформа мониторинга #534,Банковская сфера,Объектовый,Субъект РФ,Средняя,2530,5,4434672,168.0,3,3,3463,900,False,False,False,False,True,False,False,False,False,True,0
Портал хранения #535,Транспорт,Муниципальный,Субъект РФ,Средняя,25535,4,271895,72.0,6,7,37183,178,False,True,False,True,True,False,True,True,False,False,2
ИС хранения #536,Здравоохранение,Муниципальный,Вся страна,Низкая,10717,86,1271034,72.0,3,13,1679,786,False,True,False,True,False,False,False,True,False,False,2
Сервис управления #537,Энергетика,Объектовый,Несколько муниципалитетов,Критическая,1553,1,52015266,1.0,2,2,2284,93,True,True,False,True,True,False,False,False,False,False,2
Система мониторинга #538,Государственное управление,Объектовый,Несколько муниципалитетов,Средняя,4561,4,303457,24.0,2,5,4654,1103,False,False,True,False,False,True,True,False,False,True,2
Сервис обработки #539,Наука,Региональный,Федеральный округ,Высокая,252142,27,13909352,8.0,14,15,213048,1426,True,False,False,False,False,False,False,False,False,False,2
АСУ ТП аналитики #540,Государственное управление,Федеральный,Вся страна,Высокая,663824,70,47634452,8.0,14,33,149097,3019,True,True,True,False,False,True,True,False,False,True,3
Портал аналитики #541,Топливная промышленность,Федеральный,Федеральный округ,Низкая,1704182,25,358885,48.0,11,45,650572,1090,False,True,False,False,True,False,False,False,False,False,3
Портал аналитики #542,Здравоохранение,Муниципальный,Субъект РФ,Низкая,64566,1,72389,48.0,8,8,39563,1252,False,False,False,True,False,False,False,False,False,False,1
Портал мониторинга #543,Здравоохранение,Объектовый,Несколько муниципалитетов,Критическая,3196,2,162481948,0.5,2,4,2866,235,True,False,False,True,False,False,False,False,False,False,2
АСУ ТП управления #544,Оборонная промышленность,Региональный,Субъект РФ,Высокая,422415,2,19459599,12.0,7,15,146772,3183,True,False,False,False,False,True,False,False,False,True,3
Сервис передачи #545,Оборонная промышленность,Региональный,Субъект РФ,Средняя,112925,9,1020355,72.0,5,13,24402,2040,False,False,False,False,False,True,False,False,False,False,2
Платформа аналитики #546,Транспорт,Региональный,Субъект РФ,Высокая,206594,9,95285641,12.0,4,13,127767,105,True,True,False,True,False,False,True,True,False,False,3
АСУ ТП аналитики #547,Связь,Региональный,Вся страна,Высокая,39062,63,353196004,24.0,9,8,29158,3519,True,False,False,False,False,False,False,False,True,False,2
Сервис хранения #548,Государственное управление,Региональный,Вся страна,Низкая,19894,61,311415,48.0,5,15,2701,2770,True,False,True,False,False,False,True,False,False,True,2
Платформа аналитики #549,Энергетика,Региональный,Вся страна,Средняя,42200,58,527257,72.0,2,11,19176,2832,True,True,False,False,True,False,False,False,False,False,1
АСУ ТП передачи #550,Оборонная промышленность,Муниципальный,Федеральный округ,Низкая,38318,15,196624,168.0,2,3,44829,1203,False,False,True,False,False,False,False,False,False,True,1
Сеть управления #551,Топливная промышленность,Федеральный,Вся страна,Средняя,1204077,61,18589249,168.0,14,11,1230928,2619,False,True,False,False,True,False,False,False,False,False,3
Сервис обработки #552,Государственное управление,Федеральный,Субъект РФ,Средняя,126530,2,801483,168.0,12,25,189303,2121,False,False,True,False,False,True,True,False,False,True,3
Система хранения #553,Наука,Объектовый,Несколько муниципалитетов,Низкая,573,4,104137,168.0,1,10,482,309,True,False,False,False,False,False,False,False,False,False,0
АСУ ТП управления #554,Оборонная промышленность,Федеральный,Несколько муниципалитетов,Высокая,940425,2,8927621,24.0,6,22,1343288,1292,True,False,False,False,False,True,False,False,False,True,3
Сервис обработки #555,Топливная промышленность,Региональный,Субъект РФ,Низкая,133568,4,129497,48.0,8,19,193300,2089,False,True,False,False,True,False,False,False,False,False,1
Сервис хранения #556,Банковская сфера,Муниципальный,Несколько муниципалитетов,Низкая,27355,3,204989,72.0,4,13,24636,2261,False,False,False,False,True,False,False,False,False,True,1
ИС обработки #557,Топливная промышленность,Муниципальный,Один город,Средняя,11827,3,205504,48.0,9,12,13273,1031,False,True,False,False,True,False,False,False,True,False,1
Портал управления #558,Наука,Региональный,Несколько муниципалитетов,Высокая,263341,4,221889478,12.0,10,25,376840,1864,True,True,False,False,False,False,False,False,False,False,2
АСУ ТП хранения #559,Транспорт,Региональный,Несколько муниципалитетов,Средняя,44018,2,7084546,24.0,7,25,27246,534,False,True,False,True,False,False,True,True,True,False,2
Сеть обработки #560,Государственное управление,Региональный,Субъект РФ,Средняя,56298,7,2661658,72.0,7,17,76398,696,True,True,True,False,True,True,True,False,False,True,3
Сеть передачи #561,Наука,Региональный,Несколько муниципалитетов,Средняя,174532,1,611101,24.0,13,8,212572,3127,False,False,False,False,False,False,False,False,True,False,1
Сеть обработки #562,Оборонная промышленность,Объектовый,Вся страна,Средняя,927,59,4736684,48.0,2,6,1069,43,False,False,False,False,True,True,False,False,False,True,1
Сервис управления #563,Энергетика,Федеральный,Федеральный округ,Высокая,1964237,25,27012997,24.0,19,17,2033204,3765,True,True,False,False,True,False,False,False,False,False,3
Сеть обработки #564,Топливная промышленность,Муниципальный,Вся страна,Средняя,40950,58,6315009,168.0,1,11,25700,1549,False,True,False,False,True,False,False,False,True,False,1
Сеть управления #565,Оборонная промышленность,Региональный,Субъект РФ,Низкая,444791,2,235300,168.0,3,22,117945,2980,False,False,False,False,False,True,False,False,False,True,2
Система мониторинга #566,Топливная промышленность,Муниципальный,Вся страна,Критическая,73275,87,190449785,0.5,8,10,11817,1163,True,True,False,False,True,False,True,False,False,False,3
АСУ ТП обработки #567,Банковская сфера,Федеральный,Несколько муниципалитетов,Высокая,935231,2,1920844,4.0,12,19,469441,428,True,False,False,False,False,False,False,False,False,True,2
ИС передачи #568,Топливная промышленность,Региональный,Федеральный округ,Средняя,174756,25,1053592,48.0,9,11,160654,806,False,True,False,False,True,False,False,False,False,False,2
Система хранения #569,Связь,Региональный,Субъект РФ,Высокая,201579,8,591478936,24.0,10,20,42704,3120,True,True,False,False,False,False,False,False,True,False,3
АСУ ТП мониторинга #570,Транспорт,Федеральный,Вся страна,Низкая,920456,72,91893,168.0,16,32,622683,1884,False,True,False,True,False,False,True,True,True,False,3
Портал передачи #571,Наука,Региональный,Федеральный округ,Средняя,178376,19,62850428,48.0,8,17,187284,77,False,False,False,False,False,False,False,False,False,False,1
Система обработки #572,Наука,Муниципальный,Один город,Высокая,69882,4,62275376,24.0,9,14,37418,614,True,False,False,False,True,False,False,False,False,False,1
Система аналитики #573,Топливная промышленность,Региональный,Вся страна,Низкая,322621,54,269712,168.0,14,8,368381,3413,False,True,False,False,True,False,False,False,True,False,2
Система мониторинга #574,Оборонная промышленность,Региональный,Субъект РФ,Высокая,228204,8,764451946,8.0,9,15,169120,1754,True,False,False,False,False,True,False,False,False,True,3
ИС управления #575,Топливная промышленность,Муниципальный,Один город,Критическая,45668,3,337456926,4.0,5,13,37675,2243,True,True,False,False,True,False,False,False,False,False,2
Платформа мониторинга #576,Государственное управление,Объектовый,Субъект РФ,Низкая,484,6,368284,48.0,2,1,631,526,False,False,True,False,False,True,True,False,True,False,1
Система обработки #577,Банковская сфера,Федеральный,Несколько муниципалитетов,Высокая,634999,2,56760180,4.0,19,26,903772,2541,True,False,False,False,False,False,False,False,False,True,3
ИС управления #578,Топливная промышленность,Федеральный,Вся страна,Средняя,291501,82,7116333,48.0,13,33,382501,524,False,True,False,False,True,False,False,False,False,False,2
АСУ ТП управления #579,Оборонная промышленность,Муниципальный,Один город,Средняя,14039,1,3766358,72.0,1,1,20390,2703,False,False,False,False,False,True,True,False,False,True,1
Портал управления #580,Государственное управление,Региональный,Один город,Низкая,186935,4,343982,72.0,10,15,226634,155,True,False,True,False,False,True,True,False,True,True,3
Система аналитики #581,Здравоохранение,Федеральный,Вся страна,Низкая,453568,78,191632,48.0,17,20,341779,4206,False,False,False,True,False,False,False,False,False,False,3
Система хранения #582,Связь,Муниципальный,Субъект РФ,Критическая,48677,6,274203638,0.5,3,1,62880,1771,True,False,False,True,False,False,False,False,True,False,3
Сервис мониторинга #583,Наука,Региональный,Федеральный округ,Высокая,56354,23,2752333,8.0,7,18,18418,2476,True,False,False,False,False,False,False,False,True,False,1
Система управления #584,Здравоохранение,Региональный,Несколько муниципалитетов,Критическая,165775,2,151313898,1.0,4,17,31639,1975,True,False,False,True,False,False,False,False,False,False,3
Сеть обработки #585,Оборонная промышленность,Региональный,Вся страна,Критическая,251961,58,296426070,1.0,14,16,125163,2033,True,False,False,True,False,True,False,False,False,True,3
Сервис мониторинга #586,Здравоохранение,Муниципальный,Один город,Средняя,51813,2,1500339,24.0,6,10,21744,77,False,True,False,True,False,False,True,False,False,False,2
АСУ ТП хранения #587,Транспорт,Региональный,Субъект РФ,Критическая,134858,7,51222882,1.0,11,19,15442,2018,True,True,False,True,False,False,True,True,False,False,3
Сеть обработки #588,Связь,Федеральный,Один город,Средняя,1340813,2,1818799,168.0,8,13,1775172,663,False,True,False,False,False,False,False,False,True,False,2
Портал аналитики #589,Энергетика,Объектовый,Вся страна,Низкая,3514,56,190400,24.0,3,6,1702,261,False,True,False,False,True,False,False,False,False,False,1
Платформа хранения #590,Банковская сфера,Объектовый,Один город,Критическая,1868,4,44635215,2.0,2,3,923,629,True,False,False,True,False,False,False,True,False,True,2
Сервис передачи #591,Транспорт,Федеральный,Несколько муниципалитетов,Средняя,796969,1,521305,48.0,11,11,820943,821,False,True,False,True,False,False,True,True,False,False,3
Портал передачи #592,Топливная промышленность,Объектовый,Несколько муниципалитетов,Средняя,417,4,2817411,168.0,1,6,597,1279,False,True,False,False,True,False,False,False,False,False,0
ИС управления #593,Транспорт,Федеральный,Один город,Критическая,985664,3,14916757,1.0,11,27,1373192,1309,True,True,False,True,False,False,True,True,False,False,3
Сервис обработки #594,Наука,Муниципальный,Несколько муниципалитетов,Низкая,30667,3,53868,72.0,8,9,28682,1602,True,False,False,False,False,False,True,False,False,False,1
Сервис аналитики #595,Государственное управление,Региональный,Несколько муниципалитетов,Средняя,125926,3,474905,24.0,10,19,88942,3579,True,False,True,False,False,True,True,False,False,True,3
ИС мониторинга #596,Оборонная промышленность,Муниципальный,Один город,Высокая,19272,1,25236835,24.0,6,9,11539,1284,True,False,False,False,False,True,False,False,False,True,2
Сеть управления #597,Государственное управление,Региональный,Федеральный округ,Низкая,39472,24,45368,48.0,10,20,9445,2918,False,False,True,False,False,True,True,False,False,True,3
Сервис хранения #598,Энергетика,Объектовый,Несколько муниципалитетов,Средняя,451,4,1465880,24.0,4,6,278,443,False,True,False,False,True,False,True,False,False,False,1
Сервис мониторинга #599,Здравоохранение,Объектовый,Субъект РФ,Высокая,1033,7,19938862,24.0,1,3,1199,382,True,False,False,True,False,False,False,False,False,False,2
Система передачи #600,Транспорт,Муниципальный,Вся страна,Высокая,6619,74,810372659,24.0,8,5,959,264,True,True,False,True,False,False,True,True,False,False,3
ИС передачи #601,Связь,Региональный,Вся страна,Средняя,242775,66,1072194,168.0,12,13,113684,233,False,False,False,False,False,False,False,False,True,False,1
ИС хранения #602,Государственное управление,Объектовый,Один город,Средняя,1807,4,1036538,48.0,2,3,865,1624,False,False,True,False,False,True,True,False,False,True,2
Портал управления #603,Топливная промышленность,Муниципальный,Субъект РФ,Критическая,74434,7,550725996,4.0,4,14,90808,2498,True,True,False,False,True,False,False,False,False,False,3
ИС мониторинга #604,Наука,Региональный,Вся страна,Высокая,51076,55,31761165,24.0,7,22,21151,1022,True,False,False,False,False,False,False,False,False,False,2
ИС передачи #605,Энергетика,Региональный,Вся страна,Средняя,389365,55,4131111,72.0,12,19,409137,1899,False,True,False,False,True,False,False,False,False,False,2
АСУ ТП управления #606,Связь,Федеральный,Несколько муниципалитетов,Высокая,482242,1,161051197,24.0,12,19,593994,2101,True,False,False,False,True,False,False,False,True,False,2
Сеть мониторинга #607,Здравоохранение,Региональный,Субъект РФ,Высокая,91466,7,464421149,8.0,6,9,14852,2704,True,False,False,True,False,False,False,False,False,False,3
Система обработки #608,Транспорт,Региональный,Один город,Высокая,309145,3,929901627,12.0,7,22,372260,1017,True,True,False,True,True,False,True,True,False,False,3
Портал передачи #609,Банковская сфера,Объектовый,Субъект РФ,Высокая,3735,6,83499027,12.0,1,7,2770,265,True,False,False,False,False,False,False,True,False,True,1
Портал хранения #610,Топливная промышленность,Муниципальный,Один город,Низкая,8753,4,1101676,48.0,8,10,11739,76,False,True,False,False,True,False,False,False,False,False,0
Платформа аналитики #611,Транспорт,Объектовый,Один город,Средняя,3943,2,16271422,168.0,2,7,4709,343,False,True,False,True,False,False,True,True,True,False,2
АСУ ТП хранения #612,Топливная промышленность,Муниципальный,Вся страна,Низкая,4349,63,277310,48.0,7,3,3686,418,True,True,False,False,True,False,False,False,False,False,1
АСУ ТП аналитики #613,Топливная промышленность,Федеральный,Несколько муниципалитетов,Средняя,296473,1,1195369,72.0,7,19,432335,2252,False,True,False,False,True,False,False,False,False,False,2
Сеть передачи #614,Здравоохранение,Объектовый,Вся страна,Средняя,3203,66,3001298,168.0,2,8,1244,392,True,False,False,True,False,False,True,False,False,False,2
ИС передачи #615,Транспорт,Объектовый,Один город,Высокая,2607,2,26275761,12.0,2,3,1995,443,True,True,False,True,False,False,True,True,False,False,2
Сеть аналитики #616,Связь,Муниципальный,Субъект РФ,Низкая,4430,5,60027,48.0,6,12,670,843,False,False,False,False,False,False,False,True,True,False,0
ИС управления #617,Здравоохранение,Муниципальный,Субъект РФ,Средняя,15558,7,34924228,48.0,4,8,6374,2954,False,True,False,True,False,False,False,False,False,False,2
Система передачи #618,Топливная промышленность,Федеральный,Несколько муниципалитетов,Низкая,784297,4,106653,48.0,16,23,84635,6076,True,True,False,False,True,False,False,False,False,False,2
ИС хранения #619,Здравоохранение,Объектовый,Несколько муниципалитетов,Высокая,1249,4,85880660,4.0,3,4,545,519,True,False,False,True,False,False,False,False,False,False,2
Система хранения #620,Банковская сфера,Федеральный,Федеральный округ,Средняя,625569,27,2008035,48.0,13,25,825136,2678,False,False,True,False,False,False,False,False,False,True,3
Платформа передачи #621,Связь,Объектовый,Вся страна,Низкая,1001,81,106071,48.0,4,7,1162,1173,True,False,False,False,False,False,True,True,True,False,1
Сервис хранения #622,Транспорт,Муниципальный,Федеральный округ,Низкая,24416,14,91419,48.0,8,11,34462,1870,False,True,False,True,False,False,True,True,False,False,2
Система передачи #623,Здравоохранение,Федеральный,Субъект РФ,Низкая,1618110,4,277006,48.0,4,6,1167774,289,False,False,False,True,False,False,False,False,False,False,2
Платформа мониторинга #624,Банковская сфера,Муниципальный,Несколько муниципалитетов,Средняя,79873,3,12519528,168.0,4,13,19380,811,False,False,False,False,False,False,True,False,True,True,1
Сервис мониторинга #625,Оборонная промышленность,Региональный,Вся страна,Высокая,52853,62,62904538,24.0,7,25,65633,2229,True,False,False,False,False,True,False,True,False,True,3
Платформа управления #626,Банковская сфера,Объектовый,Несколько муниципалитетов,Низкая,1133,1,184415,48.0,4,5,1688,130,True,False,False,False,False,False,False,False,False,False,0
Платформа хранения #627,Банковская сфера,Федеральный,Вся страна,Высокая,740595,73,2269659,24.0,17,26,172544,1232,True,False,False,False,False,False,False,False,False,True,2
АСУ ТП передачи #628,Государственное управление,Федеральный,Несколько муниципалитетов,Средняя,550628,1,1207322,168.0,10,19,81346,2965,False,True,True,False,False,True,True,True,False,True,3
Портал аналитики #629,Топливная промышленность,Муниципальный,Несколько муниципалитетов,Критическая,15202,3,584663340,0.5,6,9,20375,2046,True,True,False,True,True,False,True,False,False,False,3
Портал аналитики #630,Наука,Муниципальный,Один город,Низкая,27065,3,210855,48.0,6,16,19677,593,False,False,False,False,False,False,False,False,False,False,0
Платформа аналитики #631,Государственное управление,Региональный,Федеральный округ,Средняя,152563,20,25759611,168.0,7,8,38363,2036,False,False,True,False,False,True,True,False,False,True,3
ИС обработки #632,Оборонная промышленность,Муниципальный,Один город,Высокая,8892,3,197813790,12.0,6,9,5886,1150,True,False,False,False,False,True,True,False,False,True,2
Портал мониторинга #633,Наука,Федеральный,Федеральный округ,Средняя,748503,27,6427718,168.0,9,28,716324,2240,True,False,False,False,False,False,False,False,False,False,2
ИС управления #634,Здравоохранение,Федеральный,Один город,Высокая,142069,2,1284590304,24.0,19,14,71744,4110,True,False,False,True,False,False,False,False,False,False,3
Портал управления #635,Транспорт,Федеральный,Субъект РФ,Средняя,1244367,4,1539474,48.0,3,16,1026790,867,False,True,False,True,False,False,True,True,False,False,3
Портал передачи #636,Топливная промышленность,Региональный,Вся страна,Высокая,118809,77,16294949,8.0,10,22,28660,1823,True,True,False,False,True,False,False,False,False,False,2
АСУ ТП мониторинга #637,Энергетика,Объектовый,Вся страна,Высокая,1420,70,27215777,24.0,3,2,891,661,True,True,False,False,True,False,False,False,False,False,1
Портал хранения #638,Здравоохранение,Муниципальный,Федеральный округ,Высокая,66171,25,39507315,4.0,8,14,10137,1262,True,False,False,True,False,False,False,False,False,False,3
АСУ ТП обработки #639,Связь,Объектовый,Вся страна,Низкая,389,54,39079,24.0,3,4,542,1378,False,True,False,False,False,False,False,False,True,False,1
АСУ ТП мониторинга #640,Связь,Региональный,Федеральный округ,Низкая,438855,18,541868,48.0,7,1,463198,313,False,True,True,False,False,False,False,False,True,True,2
Система управления #641,Наука,Муниципальный,Вся страна,Средняя,85286,85,1837124,72.0,5,8,126978,210,True,False,False,False,True,False,True,True,False,False,1
АСУ ТП обработки #642,Наука,Объектовый,Субъект РФ,Средняя,2757,1,7646478,168.0,3,1,3968,287,False,False,False,False,False,False,False,False,True,False,0
ИС мониторинга #643,Транспорт,Муниципальный,Федеральный округ,Критическая,74226,29,74963398,0.5,6,5,58114,3001,True,True,False,True,False,False,True,True,False,False,3
Система мониторинга #644,Оборонная промышленность,Региональный,Субъект РФ,Низкая,135698,5,797662,168.0,3,13,182883,1472,False,False,False,False,False,True,False,False,False,False,2
Платформа передачи #645,Топливная промышленность,Региональный,Один город,Средняя,206956,2,1455495,24.0,2,7,23101,4144,False,True,False,False,True,False,True,False,False,False,1
Система аналитики #646,Связь,Федеральный,Федеральный округ,Средняя,169789,10,2197367,168.0,14,12,214472,1597,False,False,False,False,False,False,False,False,True,False,1
Сервис обработки #647,Транспорт,Объектовый,Субъект РФ,Средняя,406,9,4461032,48.0,1,2,501,882,True,True,False,True,False,False,True,True,False,False,2
Система передачи #648,Топливная промышленность,Муниципальный,Федеральный округ,Низкая,21788,22,196406,72.0,2,4,10866,2354,False,True,True,False,True,False,False,False,False,True,2
ИС управления #649,Оборонная промышленность,Муниципальный,Вся страна,Критическая,59128,85,119639645,0.5,6,7,37521,1210,True,True,False,True,False,False,False,False,False,False,3
Система обработки #650,Связь,Муниципальный,Субъект РФ,Низкая,85962,3,238272,72.0,4,4,56824,345,True,False,False,False,False,False,False,False,True,False,0
Сеть управления #651,Наука,Региональный,Субъект РФ,Средняя,147548,1,12974739,168.0,9,15,66830,3949,False,False,False,False,False,False,False,False,False,False,1
АСУ ТП управления #652,Энергетика,Объектовый,Один город,Средняя,1059,2,10551809,168.0,2,6,327,216,False,True,False,False,True,False,False,False,False,False,0
Сервис аналитики #653,Связь,Региональный,Федеральный округ,Высокая,61478,13,42817940,8.0,13,7,34577,2209,True,False,False,False,False,False,False,True,True,False,1
ИС аналитики #654,Транспорт,Региональный,Несколько муниципалитетов,Средняя,28757,2,11032990,72.0,12,15,26298,932,False,True,False,True,True,False,True,True,False,False,2
Система мониторинга #655,Топливная промышленность,Муниципальный,Один город,Низкая,31932,3,276731,48.0,3,3,6773,786,False,True,False,False,True,False,False,False,False,False,0
Сервис хранения #656,Транспорт,Объектовый,Несколько муниципалитетов,Низкая,1155,2,131991,72.0,2,6,1595,984,False,True,False,True,False,False,True,True,False,False,1
Сеть управления #657,Здравоохранение,Муниципальный,Один город,Средняя,62194,4,6940403,168.0,5,7,75814,587,False,True,False,True,False,False,False,False,False,False,1
ИС аналитики #658,Банковская сфера,Муниципальный,Субъект РФ,Высокая,51871,6,5365730,4.0,9,6,62141,1430,True,False,False,False,False,False,True,False,False,True,2
Платформа хранения #659,Топливная промышленность,Региональный,Один город,Средняя,130733,1,11859893,48.0,7,10,51239,2603,False,True,False,False,True,False,False,False,False,False,1
ИС мониторинга #660,Транспорт,Федеральный,Несколько муниципалитетов,Средняя,633177,3,1184406,48.0,8,17,405150,2148,False,True,False,True,False,False,True,True,False,False,3
Платформа аналитики #661,Наука,Муниципальный,Несколько муниципалитетов,Низкая,42303,2,217145,168.0,8,15,55142,2530,True,False,False,False,False,False,False,False,False,False,1
ИС обработки #662,Здравоохранение,Муниципальный,Несколько муниципалитетов,Высокая,11458,1,206170289,4.0,7,6,10254,2833,True,False,False,True,True,False,False,False,True,False,3
Сеть мониторинга #663,Топливная промышленность,Федеральный,Один город,Средняя,422084,3,450403,48.0,12,25,437473,2794,False,True,False,False,True,False,False,False,False,False,2
АСУ ТП хранения #664,Транспорт,Федеральный,Вся страна,Критическая,474422,61,6934688,2.0,16,13,542574,941,True,True,False,True,False,True,True,True,False,True,3
АСУ ТП передачи #665,Оборонная промышленность,Муниципальный,Субъект РФ,Средняя,26269,3,28611298,168.0,7,5,33370,2498,False,True,False,False,True,True,False,False,False,True,2
Платформа обработки #666,Оборонная промышленность,Региональный,Федеральный округ,Средняя,50374,26,4957716,72.0,9,13,55241,201,False,True,True,False,True,True,False,False,False,True,3
ИС мониторинга #667,Наука,Региональный,Субъект РФ,Средняя,235084,9,2502773,48.0,3,15,274570,1066,False,False,True,False,False,False,True,False,False,True,2
Платформа хранения #668,Банковская сфера,Объектовый,Один город,Высокая,3321,4,33233230,8.0,2,4,3217,411,True,False,False,False,False,False,False,False,False,True,1
Сервис управления #669,Связь,Региональный,Субъект РФ,Высокая,77442,5,9816987,24.0,10,19,22508,718,True,False,False,False,True,False,False,False,True,False,1
Система мониторинга #670,Оборонная промышленность,Объектовый,Один город,Средняя,1620,1,4714259,72.0,2,6,1027,363,False,True,False,False,True,True,False,False,False,True,1
Портал обработки #671,Оборонная промышленность,Объектовый,Один город,Средняя,1029,1,4064474,72.0,3,5,314,562,True,False,False,False,False,True,True,False,False,True,1
Система хранения #672,Связь,Региональный,Несколько муниципалитетов,Средняя,81363,2,124623,48.0,8,18,67705,688,False,False,False,False,False,False,False,False,True,False,1
Сервис мониторинга #673,Энергетика,Объектовый,Несколько муниципалитетов,Высокая,1169,2,162201519,12.0,2,5,1509,1235,True,True,False,False,True,False,False,False,False,False,1
Сеть хранения #674,Банковская сфера,Муниципальный,Субъект РФ,Средняя,66533,1,1230264,24.0,9,5,68717,1113,True,False,False,False,False,False,False,False,True,True,1
Сервис мониторинга #675,Наука,Федеральный,Вся страна,Средняя,698825,77,3067117,48.0,12,28,456553,1283,False,True,False,False,False,False,False,False,False,False,2
ИС управления #676,Наука,Объектовый,Вся страна,Средняя,1013,59,2551422,24.0,2,7,650,641,True,False,False,False,False,False,False,False,False,False,1
Система аналитики #677,Связь,Федеральный,Субъект РФ,Высокая,764342,7,2981365,24.0,13,13,741720,291,True,False,False,False,False,False,False,False,True,False,2
Система передачи #678,Топливная промышленность,Объектовый,Федеральный округ,Высокая,3389,22,7985225,24.0,2,1,910,120,True,True,False,False,True,False,False,False,False,False,1
Сеть хранения #679,Транспорт,Муниципальный,Федеральный округ,Высокая,26198,12,533107525,8.0,7,12,9358,1029,True,True,True,True,False,False,True,True,False,False,3
Система мониторинга #680,Топливная промышленность,Федеральный,Несколько муниципалитетов,Критическая,1433883,3,20735271,1.0,14,18,1534359,4267,True,True,False,True,True,True,False,False,False,True,3
Портал мониторинга #681,Оборонная промышленность,Объектовый,Субъект РФ,Средняя,4654,9,34708972,168.0,3,4,2559,865,False,False,False,False,False,True,False,False,False,True,1
Портал обработки #682,Транспорт,Региональный,Федеральный округ,Высокая,232908,10,57591479,24.0,6,13,37103,2176,True,True,False,True,False,False,True,True,False,False,3
АСУ ТП передачи #683,Государственное управление,Муниципальный,Вся страна,Низкая,60986,54,125331,168.0,6,13,40877,3221,True,False,True,False,False,True,True,False,False,True,3
Портал мониторинга #684,Здравоохранение,Муниципальный,Вся страна,Высокая,38492,64,69068266,8.0,7,10,40194,787,True,False,False,True,False,False,False,False,False,False,2
ИС обработки #685,Наука,Объектовый,Несколько муниципалитетов,Высокая,3203,2,14632721,12.0,3,3,3719,619,True,False,False,False,False,False,False,False,False,False,0
ИС управления #686,Наука,Объектовый,Один город,Средняя,774,2,2369556,168.0,3,3,849,670,False,False,False,False,False,False,False,False,True,False,0
АСУ ТП мониторинга #687,Здравоохранение,Региональный,Несколько муниципалитетов,Средняя,235049,3,2119146,48.0,9,15,142561,497,False,False,False,True,False,False,False,False,True,False,2
Сеть управления #688,Оборонная промышленность,Муниципальный,Один город,Низкая,14839,4,393603,72.0,1,8,21316,1517,False,False,False,False,False,False,False,False,True,True,0
Сервис аналитики #689,Оборонная промышленность,Федеральный,Федеральный округ,Средняя,392746,24,3768363,168.0,7,14,338528,3749,False,True,False,False,False,True,False,False,False,True,3
Портал хранения #690,Наука,Региональный,Субъект РФ,Средняя,104365,6,7146584,48.0,9,6,134504,676,False,False,False,False,False,False,False,True,False,False,1
Портал управления #691,Топливная промышленность,Региональный,Федеральный округ,Высокая,260551,26,66013769,8.0,8,15,110572,1653,True,True,False,False,True,False,False,False,True,False,2
Платформа управления #692,Топливная промышленность,Региональный,Несколько муниципалитетов,Критическая,161746,3,3533287,4.0,11,21,70278,357,True,True,False,True,True,False,False,False,False,False,3
ИС передачи #693,Транспорт,Региональный,Один город,Средняя,303947,1,2229362,168.0,4,19,445325,4039,True,True,False,True,False,False,True,True,False,False,3
Сеть обработки #694,Государственное управление,Региональный,Вся страна,Высокая,168833,57,13572934,24.0,8,16,222474,3409,True,True,True,False,False,True,True,True,False,True,3
Платформа обработки #695,Наука,Региональный,Несколько муниципалитетов,Средняя,404082,3,4079868,48.0,4,13,225295,501,False,False,False,False,False,False,False,False,False,False,1
Платформа хранения #696,Топливная промышленность,Муниципальный,Один город,Средняя,56667,4,4123275,168.0,6,8,64968,876,False,True,False,False,True,False,False,True,False,False,1
АСУ ТП мониторинга #697,Банковская сфера,Муниципальный,Вся страна,Высокая,33671,53,210838410,12.0,6,14,8803,436,True,True,False,False,False,False,False,False,False,True,3
Платформа управления #698,Здравоохранение,Региональный,Субъект РФ,Высокая,221412,8,225569964,8.0,14,12,224210,151,True,True,False,True,False,False,False,False,False,False,3
ИС обработки #699,Топливная промышленность,Федеральный,Вся страна,Низкая,1764322,52,27191,24.0,13,20,2402415,998,False,True,False,False,True,False,True,False,True,False,3
Сервис мониторинга #700,Наука,Муниципальный,Федеральный округ,Высокая,23381,27,969036,8.0,8,13,2423,1323,True,False,False,False,False,False,False,False,False,False,1
АСУ ТП управления #701,Государственное управление,Объектовый,Один город,Низкая,1137,2,268170,48.0,2,1,1502,1087,False,True,True,False,True,True,True,False,False,True,2
Сеть передачи #702,Связь,Муниципальный,Вся страна,Средняя,4837,59,2913852,168.0,5,1,2288,665,False,False,False,False,False,False,True,False,True,False,0
Сеть управления #703,Энергетика,Региональный,Один город,Средняя,46593,3,2523429,24.0,14,17,61393,2771,False,True,False,False,True,False,False,False,False,False,1
АСУ ТП хранения #704,Наука,Муниципальный,Вся страна,Высокая,30541,71,247436280,8.0,4,15,34246,397,True,False,True,False,False,False,False,False,False,True,2
Система передачи #705,Государственное управление,Региональный,Один город,Средняя,307038,3,20806407,24.0,16,12,354327,2107,True,False,True,False,True,True,True,False,False,True,3
Сервис передачи #706,Топливная промышленность,Региональный,Вся страна,Критическая,50254,85,12432028,1.0,12,13,53899,70,True,True,False,True,True,False,False,False,False,False,3
Портал обработки #707,Оборонная промышленность,Региональный,Вся страна,Низкая,69353,56,69524,168.0,13,18,96973,2304,False,True,True,False,False,False,False,False,False,True,2
Система аналитики #708,Транспорт,Объектовый,Субъект РФ,Средняя,2540,9,6269508,72.0,4,7,688,1082,True,True,False,True,False,False,True,True,False,False,2
АСУ ТП передачи #709,Банковская сфера,Региональный,Один город,Низкая,131512,1,97666,24.0,11,16,176393,2370,True,False,False,False,False,False,True,False,False,True,2
Платформа хранения #710,Связь,Федеральный,Федеральный округ,Критическая,497011,21,156642552,2.0,8,13,703641,1542,True,True,False,True,False,False,False,False,True,False,3
Платформа мониторинга #711,Оборонная промышленность,Муниципальный,Один город,Высокая,13098,2,59060699,24.0,6,8,18187,2187,True,True,False,False,False,True,False,True,False,True,2
АСУ ТП аналитики #712,Энергетика,Региональный,Вся страна,Высокая,127822,52,7152672,8.0,7,6,112519,3349,True,True,False,False,True,False,True,False,False,False,2
Система управления #713,Банковская сфера,Федеральный,Вся страна,Высокая,1283050,85,14531045,24.0,20,28,215134,4310,True,False,False,False,True,False,False,False,False,True,3
ИС обработки #714,Банковская сфера,Муниципальный,Один город,Средняя,41963,3,22224578,168.0,8,16,46447,1363,False,False,False,False,False,False,True,False,False,False,1
Сеть передачи #715,Государственное управление,Федеральный,Субъект РФ,Высокая,303728,4,41998018,12.0,19,6,61105,3334,True,True,True,False,True,True,True,True,False,False,3
Портал мониторинга #716,Топливная промышленность,Объектовый,Федеральный округ,Низкая,3161,28,210872,72.0,4,5,1109,589,False,True,False,False,True,False,False,False,True,False,1
Портал аналитики #717,Транспорт,Федеральный,Вся страна,Высокая,535743,64,75830709,4.0,12,35,621711,1018,True,True,False,True,False,False,True,True,False,False,3
Портал обработки #718,Здравоохранение,Региональный,Вся страна,Высокая,80913,57,5806470,12.0,6,21,17682,1381,True,False,False,True,False,False,False,False,False,False,2
Портал аналитики #719,Топливная промышленность,Региональный,Один город,Средняя,91322,1,1208409,168.0,10,13,28152,2103,False,True,False,False,True,False,False,False,False,False,1
Портал передачи #720,Наука,Федеральный,Субъект РФ,Критическая,406866,3,13596735,1.0,9,15,368074,1262,True,True,False,False,False,True,False,False,False,True,3
Сервис хранения #721,Наука,Муниципальный,Один город,Средняя,23832,1,6457208,168.0,7,6,13664,218,False,False,False,False,False,False,False,False,False,False,0
Сервис управления #722,Энергетика,Муниципальный,Один город,Низкая,51938,1,67682,48.0,3,11,24281,1670,False,True,False,False,True,False,False,True,True,False,1
Система аналитики #723,Топливная промышленность,Федеральный,Один город,Высокая,423206,2,129850787,8.0,10,12,391319,973,True,True,False,False,True,False,False,False,False,False,3
Портал передачи #724,Топливная промышленность,Муниципальный,Несколько муниципалитетов,Высокая,5498,2,29493621,24.0,5,8,7412,45,True,True,False,False,True,False,False,False,False,False,1
АСУ ТП мониторинга #725,Государственное управление,Объектовый,Вся страна,Средняя,817,52,3410760,24.0,1,4,913,989,False,False,True,False,False,False,True,False,False,False,1
Сеть обработки #726,Топливная промышленность,Объектовый,Вся страна,Высокая,1681,85,59012460,12.0,3,6,2318,992,True,True,False,False,True,False,False,False,True,False,1
Платформа передачи #727,Оборонная промышленность,Муниципальный,Один город,Средняя,66565,3,1434788,72.0,4,15,95284,969,False,False,False,False,False,False,True,False,True,True,1
Портал мониторинга #728,Энергетика,Муниципальный,Вся страна,Низкая,34863,82,50442,72.0,4,10,50494,245,True,True,False,False,True,False,False,False,False,False,1
Платформа мониторинга #729,Топливная промышленность,Федеральный,Федеральный округ,Высокая,1271346,22,270646002,12.0,12,32,722785,1471,True,True,False,False,True,False,False,False,False,False,3
Сервис мониторинга #730,Оборонная промышленность,Региональный,Один город,Критическая,261497,2,82725274,1.0,5,18,281114,891,True,True,False,False,False,True,False,False,False,True,3
Сеть аналитики #731,Банковская сфера,Муниципальный,Один город,Критическая,26283,3,116779931,2.0,5,8,17417,1373,True,False,False,True,False,False,True,False,False,False,3
Платформа аналитики #732,Банковская сфера,Муниципальный,Несколько муниципалитетов,Низкая,20742,3,203905,168.0,7,14,13540,1270,True,False,True,False,False,False,True,False,False,True,2
Сервис обработки #733,Государственное управление,Региональный,Вся страна,Высокая,46545,77,24819034,4.0,6,13,64323,1496,True,False,True,False,False,True,True,False,False,True,3
ИС управления #734,Оборонная промышленность,Объектовый,Один город,Средняя,4357,1,11875944,24.0,2,5,5147,254,False,False,False,False,False,True,False,False,False,True,1
Портал передачи #735,Государственное управление,Региональный,Субъект РФ,Средняя,162768,5,3399787,48.0,9,10,151620,3172,False,True,True,False,True,True,True,False,False,True,3
Портал обработки #736,Здравоохранение,Федеральный,Несколько муниципалитетов,Средняя,927687,3,394146,168.0,8,10,805369,768,True,False,False,True,False,False,True,False,False,False,3
Система хранения #737,Связь,Региональный,Один город,Низкая,410632,1,33660,168.0,7,7,240776,3704,True,False,False,False,False,False,False,False,True,False,1
АСУ ТП обработки #738,Оборонная промышленность,Муниципальный,Несколько муниципалитетов,Высокая,11686,1,86798738,24.0,6,15,6350,252,True,False,False,False,False,True,False,False,False,True,2
Система передачи #739,Связь,Муниципальный,Один город,Высокая,41666,3,10420715,8.0,6,9,31425,339,True,True,False,False,False,False,False,False,True,False,1
Система мониторинга #740,Топливная промышленность,Федеральный,Один город,Средняя,1074591,2,3641222,24.0,8,13,1249220,475,False,True,False,False,True,False,False,False,False,False,2
Система мониторинга #741,Оборонная промышленность,Муниципальный,Субъект РФ,Средняя,32564,3,8400187,72.0,5,9,10984,1706,False,False,False,False,False,True,False,False,False,True,1
ИС управления #742,Транспорт,Региональный,Субъект РФ,Критическая,119222,8,294284095,0.5,9,13,165207,2668,True,True,False,True,False,False,True,True,False,False,3
АСУ ТП аналитики #743,Банковская сфера,Федеральный,Вся страна,Низкая,818426,87,83456,72.0,3,8,1192774,1135,False,False,True,False,False,False,False,True,True,True,2
Портал управления #744,Наука,Региональный,Вся страна,Средняя,429164,75,202432,48.0,7,27,562440,3654,True,True,False,False,False,False,False,False,False,False,2
Портал обработки #745,Связь,Муниципальный,Субъект РФ,Средняя,46774,1,4454721,48.0,7,6,63266,2452,False,False,False,False,False,False,False,False,True,False,0
Сервис передачи #746,Оборонная промышленность,Региональный,Субъект РФ,Критическая,147020,3,175618745,1.0,12,14,182889,3566,True,False,False,False,True,False,True,False,False,True,3
Платформа обработки #747,Государственное управление,Федеральный,Субъект РФ,Средняя,140453,6,7038869,24.0,14,15,50827,1953,True,False,True,False,False,False,True,True,False,True,3
ИС обработки #748,Энергетика,Объектовый,Вся страна,Высокая,2717,88,27769400,12.0,3,6,288,502,True,True,False,False,True,False,False,False,True,False,1
ИС хранения #749,Наука,Объектовый,Федеральный округ,Низкая,2312,18,841268,48.0,1,5,2542,49,False,False,False,False,False,False,False,False,False,False,0
Сеть аналитики #750,Государственное управление,Региональный,Субъект РФ,Средняя,259559,9,4076824,24.0,9,15,161303,1358,True,False,True,False,False,True,True,False,False,True,3
ИС мониторинга #751,Здравоохранение,Региональный,Несколько муниципалитетов,Средняя,274271,3,1180341,168.0,5,11,250891,1311,True,True,False,True,False,False,False,False,False,False,2
Платформа обработки #752,Банковская сфера,Объектовый,Один город,Средняя,2680,3,8509917,48.0,3,6,1410,48,False,False,False,False,False,False,False,False,False,True,0
АСУ ТП обработки #753,Оборонная промышленность,Объектовый,Несколько муниципалитетов,Низкая,472,3,109513,168.0,3,4,88,909,True,False,False,False,True,True,False,False,False,True,1
Сеть хранения #754,Банковская сфера,Муниципальный,Вся страна,Критическая,59564,59,30304176,2.0,6,12,61990,205,True,False,False,False,True,False,False,True,False,True,2
Система обработки #755,Топливная промышленность,Региональный,Субъект РФ,Средняя,222877,9,4188204,168.0,9,16,131091,1170,False,True,False,False,True,False,False,False,False,False,2
Сеть управления #756,Оборонная промышленность,Региональный,Несколько муниципалитетов,Высокая,76553,1,44816548,24.0,11,19,111508,2646,True,False,False,False,False,True,False,False,False,True,3
Портал управления #757,Связь,Объектовый,Федеральный округ,Средняя,1700,12,9164076,72.0,3,4,2267,573,False,True,False,False,False,False,False,False,True,False,0
АСУ ТП аналитики #758,Банковская сфера,Региональный,Несколько муниципалитетов,Средняя,82915,3,902872,72.0,6,24,97218,1317,False,False,False,False,False,False,True,False,True,True,1
Портал обработки #759,Энергетика,Муниципальный,Вся страна,Низкая,11799,51,111486,72.0,6,12,8344,1807,False,True,False,False,True,False,False,False,False,False,1
Сеть обработки #760,Оборонная промышленность,Муниципальный,Один город,Средняя,87093,4,3125206,48.0,9,9,27140,1278,False,False,False,False,False,True,False,False,False,True,1
Платформа хранения #761,Здравоохранение,Муниципальный,Субъект РФ,Высокая,8946,9,33262505,8.0,7,17,2343,783,True,False,False,True,False,False,False,False,False,False,2
ИС передачи #762,Связь,Объектовый,Вся страна,Средняя,719,53,284940,24.0,2,6,409,1468,False,True,False,False,False,False,True,False,True,False,1
ИС хранения #763,Оборонная промышленность,Объектовый,Субъект РФ,Низкая,710,6,206193,24.0,2,7,282,117,False,False,False,False,False,True,True,False,False,True,2
Сервис аналитики #764,Государственное управление,Муниципальный,Федеральный округ,Низкая,44649,29,590834,168.0,5,11,28289,1778,False,False,True,False,False,True,True,False,False,True,2
Портал управления #765,Топливная промышленность,Федеральный,Один город,Высокая,1349036,4,223623969,4.0,19,10,650889,1598,True,True,False,False,True,False,False,False,False,False,3
ИС обработки #766,Оборонная промышленность,Объектовый,Один город,Низкая,2059,4,241909,48.0,1,5,1769,359,False,False,True,False,True,True,False,False,False,True,1
Платформа передачи #767,Здравоохранение,Муниципальный,Федеральный округ,Средняя,9967,25,4710009,168.0,5,10,3379,97,True,False,False,True,False,False,False,True,False,False,1
ИС аналитики #768,Государственное управление,Региональный,Несколько муниципалитетов,Средняя,282098,3,2427811,72.0,7,8,361592,2826,False,True,True,False,False,True,True,False,False,False,3
ИС аналитики #769,Топливная промышленность,Муниципальный,Один город,Средняя,23807,4,407344,72.0,5,10,28447,1080,False,True,False,False,True,False,False,True,False,False,0
Сервис хранения #770,Транспорт,Региональный,Один город,Высокая,240879,1,106897673,8.0,9,9,211417,326,True,True,False,True,False,False,True,True,False,False,3
Сервис аналитики #771,Банковская сфера,Федеральный,Федеральный округ,Высокая,586500,18,446431488,8.0,13,24,814441,4602,True,False,False,False,False,False,False,False,False,True,3
Система аналитики #772,Топливная промышленность,Региональный,Один город,Средняя,339389,2,1952095,72.0,11,14,201738,1362,False,True,False,False,True,False,True,False,False,False,2
ИС передачи #773,Топливная промышленность,Муниципальный,Несколько муниципалитетов,Средняя,49944,4,569721,24.0,10,20,26594,898,False,True,False,False,True,False,False,False,False,False,1
АСУ ТП мониторинга #774,Государственное управление,Региональный,Один город,Низкая,384729,4,873344,168.0,9,10,194833,2949,False,False,True,False,True,True,True,False,True,False,2
Сеть передачи #775,Наука,Региональный,Субъект РФ,Высокая,165712,9,21926875,24.0,4,1,223164,853,True,False,False,False,False,False,False,False,False,False,1
Портал обработки #776,Связь,Региональный,Субъект РФ,Высокая,122166,4,1202784,12.0,13,17,146752,1058,True,False,False,False,False,False,False,False,True,False,1
ИС хранения #777,Топливная промышленность,Объектовый,Субъект РФ,Низкая,1662,7,509296,72.0,3,1,517,277,True,True,False,False,True,False,False,False,False,False,1
Сервис управления #778,Банковская сфера,Региональный,Несколько муниципалитетов,Средняя,275737,3,1040348,24.0,7,18,251171,1388,False,False,False,False,True,False,False,False,False,True,2
Система передачи #779,Энергетика,Объектовый,Несколько муниципалитетов,Средняя,657,1,2614836,168.0,3,6,809,447,False,True,True,False,True,False,True,False,False,True,1
Сеть мониторинга #780,Здравоохранение,Федеральный,Один город,Средняя,459300,1,1103566,24.0,15,33,416489,293,True,False,True,True,False,False,False,False,False,True,3
ИС аналитики #781,Транспорт,Объектовый,Субъект РФ,Низкая,2744,5,56754,168.0,4,2,752,332,True,True,False,True,True,False,True,True,False,False,2
ИС хранения #782,Здравоохранение,Федеральный,Несколько муниципалитетов,Средняя,469278,1,3005529,48.0,14,22,596031,2540,False,False,False,True,False,False,True,False,False,False,3
Сервис обработки #783,Банковская сфера,Муниципальный,Федеральный округ,Средняя,98640,24,8731396,48.0,7,10,85067,394,False,False,False,False,False,False,False,False,False,True,1
Платформа хранения #784,Наука,Муниципальный,Вся страна,Средняя,29619,77,1665115,72.0,6,4,44311,1161,True,False,False,False,False,False,False,False,False,False,1
Портал обработки #785,Государственное управление,Региональный,Субъект РФ,Высокая,229325,1,341830278,4.0,8,19,226834,3476,True,False,True,False,False,True,True,True,False,True,3
АСУ ТП мониторинга #786,Здравоохранение,Региональный,Субъект РФ,Низкая,136264,3,276906,72.0,9,19,167637,1118,False,False,False,True,False,False,True,False,False,False,2
Портал обработки #787,Банковская сфера,Федеральный,Федеральный округ,Средняя,495467,15,4897737,24.0,13,28,154170,114,True,False,False,False,False,False,False,False,False,True,2
АСУ ТП управления #788,Государственное управление,Объектовый,Один город,Средняя,271,3,2743629,48.0,2,5,157,83,False,False,True,False,False,True,True,False,False,True,2
Система передачи #789,Оборонная промышленность,Региональный,Федеральный округ,Высокая,216612,24,80226836,8.0,9,10,78189,1721,True,False,False,False,False,True,False,False,False,True,3
АСУ ТП обработки #790,Транспорт,Региональный,Несколько муниципалитетов,Средняя,326022,2,3066799,24.0,6,11,219013,339,False,True,False,True,False,False,True,True,False,False,3
ИС обработки #791,Государственное управление,Объектовый,Вся страна,Низкая,3587,57,658364,48.0,1,6,3927,1443,False,True,True,False,False,True,True,False,True,True,2
ИС хранения #792,Оборонная промышленность,Муниципальный,Федеральный округ,Низкая,13465,21,91866,24.0,3,13,12666,492,False,False,False,False,False,True,True,False,False,True,2
Платформа мониторинга #793,Топливная промышленность,Объектовый,Вся страна,Низкая,1591,88,206262,72.0,2,4,1869,576,False,True,False,False,True,False,False,False,False,False,1
АСУ ТП мониторинга #794,Государственное управление,Региональный,Федеральный округ,Высокая,184024,20,35767413,8.0,10,18,248103,1730,True,False,True,False,False,True,True,False,False,True,3
Сервис хранения #795,Здравоохранение,Региональный,Вся страна,Низкая,72033,74,510338,24.0,9,20,28318,841,True,False,False,True,False,False,False,False,False,False,2
Система передачи #796,Здравоохранение,Федеральный,Один город,Средняя,576944,3,1553595,168.0,3,28,863960,5656,False,False,False,True,False,False,False,False,False,False,2
АСУ ТП аналитики #797,Государственное управление,Региональный,Несколько муниципалитетов,Низкая,397401,3,39753,24.0,9,17,412910,1052,False,False,True,False,False,True,True,False,False,True,3
Сервис управления #798,Топливная промышленность,Региональный,Субъект РФ,Высокая,47191,4,75567652,12.0,11,10,45859,452,True,True,False,False,True,False,False,False,False,False,1
Сеть обработки #799,Энергетика,Муниципальный,Один город,Средняя,24646,4,11084271,168.0,5,13,4713,2700,False,True,False,False,True,False,False,False,False,False,1
Сеть управления #800,Здравоохранение,Федеральный,Один город,Высокая,590932,2,13263090,8.0,14,3,217905,2182,True,False,False,True,False,False,True,False,False,False,3
Система управления #801,Здравоохранение,Региональный,Несколько муниципалитетов,Низкая,85055,2,168832,168.0,7,14,15369,3761,False,False,False,True,False,False,True,False,False,False,2
Система мониторинга #802,Оборонная промышленность,Федеральный,Несколько муниципалитетов,Критическая,1008336,4,127008469,2.0,16,3,422252,2614,True,True,False,True,False,True,False,False,False,True,3
АСУ ТП аналитики #803,Государственное управление,Федеральный,Вся страна,Средняя,1786347,52,2851123,24.0,11,19,2155850,1072,True,False,True,False,False,True,True,False,False,True,3
АСУ ТП управления #804,Топливная промышленность,Муниципальный,Вся страна,Низкая,42825,76,50277,24.0,5,3,58111,293,False,True,False,False,True,False,False,False,False,False,1
Портал мониторинга #805,Топливная промышленность,Муниципальный,Субъект РФ,Средняя,10336,7,3105149,72.0,6,8,8733,688,True,True,True,False,True,False,False,True,False,True,2
Сервис передачи #806,Оборонная промышленность,Региональный,Федеральный округ,Высокая,284316,26,103234111,8.0,6,14,274879,478,True,True,False,False,False,False,False,False,False,True,3
АСУ ТП управления #807,Связь,Муниципальный,Вся страна,Средняя,46271,87,987712,24.0,10,10,66124,53,True,False,False,False,False,False,False,False,True,False,1
ИС управления #808,Наука,Федеральный,Федеральный округ,Низкая,978722,17,148128,24.0,15,18,1179527,3374,False,False,False,False,False,False,False,False,True,False,2
Система мониторинга #809,Оборонная промышленность,Региональный,Субъект РФ,Средняя,182168,9,1129158,48.0,8,23,202429,2873,False,False,False,False,False,True,False,False,False,True,2
Сеть хранения #810,Банковская сфера,Региональный,Вся страна,Высокая,45344,52,204948984,8.0,8,20,45652,664,True,False,False,False,False,False,True,False,False,True,3
АСУ ТП аналитики #811,Наука,Региональный,Несколько муниципалитетов,Высокая,456270,1,78545215,24.0,12,11,217222,4382,True,False,False,False,False,False,False,False,False,False,2
Система хранения #812,Государственное управление,Муниципальный,Федеральный округ,Средняя,18492,23,635661,168.0,7,13,19213,1365,False,False,True,False,False,False,True,False,False,False,1
ИС управления #813,Энергетика,Объектовый,Несколько муниципалитетов,Высокая,1050,2,26507060,8.0,3,3,375,1314,True,True,False,False,True,False,False,True,False,False,1
Платформа обработки #814,Транспорт,Объектовый,Несколько муниципалитетов,Средняя,2237,2,4329291,168.0,1,4,1949,112,True,True,False,True,False,False,True,True,False,False,2
Сервис передачи #815,Транспорт,Муниципальный,Вся страна,Критическая,39570,68,22954127,0.5,5,17,29569,1873,True,True,False,True,True,False,True,True,True,False,3
ИС мониторинга #816,Топливная промышленность,Региональный,Несколько муниципалитетов,Средняя,257361,2,8961173,48.0,11,12,137021,1669,False,True,False,False,True,False,False,False,False,False,1
ИС обработки #817,Банковская сфера,Объектовый,Несколько муниципалитетов,Средняя,1141,3,777766,24.0,1,2,1489,242,False,True,False,False,False,False,False,False,False,True,1
АСУ ТП обработки #818,Государственное управление,Муниципальный,Субъект РФ,Высокая,24625,1,60015309,4.0,7,11,9331,387,True,False,True,False,False,True,True,False,False,True,3
Платформа аналитики #819,Наука,Муниципальный,Вся страна,Средняя,58393,79,4956368,72.0,3,10,61840,380,False,False,False,False,False,False,False,False,False,False,0
Платформа обработки #820,Оборонная промышленность,Объектовый,Один город,Низкая,549,1,92805,168.0,3,8,118,273,False,True,False,False,True,True,False,False,True,False,1
Портал мониторинга #821,Связь,Федеральный,Субъект РФ,Высокая,625172,8,486725490,8.0,8,12,833388,2184,True,False,False,False,False,False,False,True,True,False,3
Система мониторинга #822,Транспорт,Региональный,Субъект РФ,Средняя,201612,5,8192083,48.0,8,17,70895,1646,False,True,False,True,False,False,True,True,False,False,2
АСУ ТП передачи #823,Связь,Федеральный,Вся страна,Средняя,1218172,57,8262997,72.0,11,27,1306211,1345,False,False,False,False,False,False,False,False,True,False,2
Сеть хранения #824,Здравоохранение,Федеральный,Федеральный округ,Критическая,352236,18,55157100,2.0,12,25,51593,6291,True,True,False,True,False,False,False,False,False,False,3
Платформа мониторинга #825,Связь,Объектовый,Федеральный округ,Средняя,761,12,10389925,48.0,3,1,682,446,False,True,False,False,False,False,False,False,True,False,1
Система хранения #826,Транспорт,Региональный,Несколько муниципалитетов,Низкая,253202,3,155077,48.0,11,13,123626,591,False,True,False,True,False,False,True,True,False,False,3
Система обработки #827,Здравоохранение,Региональный,Несколько муниципалитетов,Средняя,73108,4,1083351,24.0,12,19,98595,2001,False,False,False,True,True,False,False,False,False,False,2
Сеть управления #828,Связь,Муниципальный,Федеральный округ,Высокая,33248,22,12883178,8.0,1,9,15068,781,True,True,False,False,False,False,False,False,True,False,1
АСУ ТП мониторинга #829,Связь,Объектовый,Вся страна,Средняя,443,88,741971,48.0,2,6,148,25,True,False,True,False,False,False,False,False,True,True,1
АСУ ТП хранения #830,Транспорт,Региональный,Вся страна,Низкая,33844,73,148954,48.0,14,14,38316,1259,True,True,False,True,False,False,True,True,False,False,3
ИС мониторинга #831,Транспорт,Региональный,Федеральный округ,Средняя,63038,26,644515,168.0,11,19,15549,2999,False,True,False,True,False,False,True,True,False,False,3
АСУ ТП аналитики #832,Наука,Федеральный,Субъект РФ,Высокая,577938,5,179882510,4.0,12,19,324305,1425,True,True,False,False,False,False,True,False,True,False,3
АСУ ТП хранения #833,Здравоохранение,Муниципальный,Федеральный округ,Низкая,26841,25,75809,48.0,5,11,11609,1465,False,False,False,True,False,False,False,False,False,False,2
ИС мониторинга #834,Оборонная промышленность,Региональный,Несколько муниципалитетов,Средняя,41419,2,446623,24.0,10,23,19526,2148,False,False,False,False,False,True,False,False,False,True,2
Система мониторинга #835,Банковская сфера,Региональный,Один город,Низкая,71998,4,108153,72.0,11,16,60167,956,False,False,False,False,False,False,False,False,False,True,1
ИС мониторинга #836,Государственное управление,Муниципальный,Субъект РФ,Низкая,51411,4,360495,24.0,6,17,20587,375,True,False,True,False,False,True,True,True,False,True,3
Сеть аналитики #837,Энергетика,Муниципальный,Один город,Низкая,40111,1,160908,168.0,7,15,4440,1391,False,True,False,False,True,False,False,False,False,False,1
ИС передачи #838,Энергетика,Объектовый,Несколько муниципалитетов,Низкая,1945,4,23818,72.0,4,2,2705,148,False,True,False,False,True,False,False,False,False,False,0
АСУ ТП управления #839,Энергетика,Объектовый,Один город,Высокая,4472,2,60392817,4.0,2,8,4382,1245,True,True,False,False,True,False,False,False,False,False,1
Система мониторинга #840,Транспорт,Объектовый,Один город,Высокая,937,2,3567500,4.0,1,5,413,1507,True,True,False,True,False,False,True,True,False,False,2
Сеть аналитики #841,Банковская сфера,Муниципальный,Несколько муниципалитетов,Высокая,38027,4,3380705,12.0,6,9,24599,937,True,False,False,False,True,False,False,True,False,True,1
Портал мониторинга #842,Связь,Региональный,Несколько муниципалитетов,Средняя,41895,4,5319007,168.0,2,1,26420,3683,True,False,False,False,False,False,True,False,True,False,1
Система передачи #843,Наука,Объектовый,Вся страна,Низкая,1458,59,43735,24.0,3,1,1453,1279,True,False,False,False,False,False,False,False,False,False,1
Портал управления #844,Топливная промышленность,Региональный,Федеральный округ,Низкая,186171,27,66878,24.0,11,4,133205,869,True,True,False,False,True,False,False,False,False,False,2
Система мониторинга #845,Топливная промышленность,Муниципальный,Один город,Низкая,27073,4,25301,168.0,6,4,24077,307,False,True,False,False,True,False,False,False,False,False,1
Сеть хранения #846,Связь,Федеральный,Федеральный округ,Средняя,884811,20,45352048,24.0,19,22,158109,2665,False,False,False,False,False,False,False,False,True,False,2
ИС хранения #847,Связь,Региональный,Вся страна,Средняя,181754,87,115895,168.0,8,15,49577,1520,False,False,False,False,False,False,False,False,True,False,1
Сеть управления #848,Транспорт,Региональный,Федеральный округ,Критическая,301228,11,32446384,1.0,11,9,264212,331,True,True,False,True,False,False,True,True,False,False,3
ИС мониторинга #849,Топливная промышленность,Региональный,Один город,Средняя,436554,2,22158115,24.0,5,20,281949,1177,False,True,False,False,True,False,False,True,False,False,2
Платформа управления #850,Связь,Региональный,Несколько муниципалитетов,Средняя,202735,2,449853,48.0,12,3,38354,3257,False,False,False,False,False,False,False,False,True,False,1
ИС хранения #851,Наука,Муниципальный,Несколько муниципалитетов,Средняя,46275,2,5930730,24.0,3,7,57562,1639,False,False,False,False,True,False,False,False,False,False,0
Сервис обработки #852,Транспорт,Региональный,Вся страна,Средняя,198187,88,5378462,72.0,13,13,258836,3059,False,True,False,True,False,False,True,True,False,False,3
ИС обработки #853,Топливная промышленность,Региональный,Субъект РФ,Низкая,287188,4,573992,72.0,7,22,401678,2061,False,True,False,False,True,False,False,False,False,False,1
Портал обработки #854,Энергетика,Муниципальный,Несколько муниципалитетов,Высокая,88270,3,197818829,8.0,4,12,10489,817,True,True,False,False,True,False,False,False,False,False,2
Портал передачи #855,Здравоохранение,Региональный,Федеральный округ,Высокая,313280,16,459178581,12.0,6,24,142888,1273,True,True,False,True,False,False,False,False,True,False,3
Портал управления #856,Банковская сфера,Объектовый,Федеральный округ,Низкая,433,21,52028,48.0,3,2,488,565,True,False,False,False,False,False,True,False,False,True,1
Система аналитики #857,Наука,Региональный,Один город,Низкая,137657,4,625729,24.0,10,7,181065,1606,False,False,False,False,False,False,False,False,False,False,1
Сеть управления #858,Транспорт,Региональный,Вся страна,Низкая,271127,81,57520,24.0,1,14,56726,3377,True,True,True,True,False,False,True,True,False,True,3
Сеть мониторинга #859,Топливная промышленность,Региональный,Один город,Высокая,225267,2,109970721,12.0,9,5,102889,459,True,True,False,False,True,False,True,False,False,False,2
Портал передачи #860,Связь,Региональный,Вся страна,Высокая,26956,85,6268473,4.0,12,19,11971,2176,True,True,False,False,False,False,False,False,True,False,2
Платформа хранения #861,Наука,Региональный,Субъект РФ,Низкая,263704,7,29626,168.0,10,16,355560,1450,False,False,False,False,False,False,True,False,False,False,1
Портал передачи #862,Здравоохранение,Региональный,Один город,Средняя,396563,4,13067934,72.0,10,15,400796,2172,True,False,False,True,False,False,False,False,True,False,2
Система передачи #863,Здравоохранение,Объектовый,Вся страна,Высокая,545,82,8018132,12.0,3,7,471,478,True,False,False,True,False,False,False,False,False,False,2
Сервис передачи #864,Оборонная промышленность,Региональный,Субъект РФ,Низкая,339332,4,158277,24.0,12,18,430885,1787,False,False,False,False,False,True,True,False,False,True,3
Портал передачи #865,Топливная промышленность,Муниципальный,Федеральный округ,Критическая,10702,19,391827717,0.5,3,10,3964,2136,True,True,False,True,True,False,False,False,False,False,3
Платформа аналитики #866,Связь,Региональный,Один город,Высокая,73341,2,53263981,8.0,7,16,108139,2435,True,False,True,False,False,False,False,False,True,True,2
Портал управления #867,Энергетика,Федеральный,Несколько муниципалитетов,Средняя,1280525,3,657601,24.0,5,39,813672,5928,False,True,False,False,True,False,True,True,False,False,2
Портал обработки #868,Связь,Региональный,Субъект РФ,Средняя,80842,7,5895384,168.0,10,2,34356,174,False,False,False,False,False,False,True,False,True,False,1
Сервис хранения #869,Государственное управление,Региональный,Несколько муниципалитетов,Высокая,200663,1,898954809,24.0,8,12,84205,1048,True,True,True,False,False,True,True,False,False,True,3
Сервис аналитики #870,Топливная промышленность,Объектовый,Несколько муниципалитетов,Низкая,1626,1,26974,72.0,2,4,903,43,True,True,False,False,True,False,False,False,False,False,0
ИС управления #871,Здравоохранение,Региональный,Несколько муниципалитетов,Критическая,266170,2,118013783,4.0,12,11,260493,3442,True,False,False,True,False,False,False,False,False,False,3
Платформа аналитики #872,Транспорт,Региональный,Федеральный округ,Высокая,305166,13,33041488,12.0,8,10,251513,3015,True,True,False,True,False,False,True,True,False,False,3
ИС передачи #873,Связь,Объектовый,Вся страна,Критическая,3311,50,16288099,4.0,2,5,3758,82,True,False,False,True,False,False,False,False,True,False,2
Система мониторинга #874,Здравоохранение,Региональный,Вся страна,Низкая,94673,55,52999,72.0,7,4,51107,1088,False,False,False,True,False,False,True,True,False,False,2
Портал управления #875,Здравоохранение,Федеральный,Один город,Высокая,624218,1,65744462,4.0,15,24,437516,6202,True,True,True,True,True,False,False,False,True,True,3
Платформа хранения #876,Оборонная промышленность,Региональный,Субъект РФ,Высокая,157494,7,26688437,24.0,11,14,130242,1524,True,False,False,False,False,False,False,False,False,True,2
ИС управления #877,Банковская сфера,Муниципальный,Федеральный округ,Высокая,47576,18,115283419,12.0,9,11,31420,703,True,False,False,False,False,False,False,False,False,True,2
АСУ ТП передачи #878,Здравоохранение,Федеральный,Один город,Средняя,217606,2,2937530,24.0,8,11,45147,1191,False,False,True,True,False,False,False,False,False,True,3
Платформа обработки #879,Наука,Федеральный,Субъект РФ,Средняя,1231893,5,45029908,72.0,13,16,1023237,3849,True,False,False,False,False,False,False,True,False,False,2
ИС передачи #880,Здравоохранение,Объектовый,Несколько муниципалитетов,Низкая,2744,2,135720,168.0,3,2,633,194,False,False,True,True,False,False,True,False,True,True,2
Портал аналитики #881,Энергетика,Региональный,Субъект РФ,Высокая,151358,1,42809542,12.0,12,11,109655,898,True,True,False,False,True,False,False,False,False,False,2
Платформа мониторинга #882,Государственное управление,Региональный,Субъект РФ,Критическая,96372,2,226618604,2.0,7,8,99829,3772,True,False,True,False,False,True,True,False,False,False,3
Портал мониторинга #883,Государственное управление,Региональный,Один город,Средняя,318144,3,6171364,72.0,11,25,307633,3066,True,True,True,False,False,True,True,False,False,False,3
Сеть обработки #884,Банковская сфера,Объектовый,Один город,Низкая,2255,3,671942,168.0,1,3,1272,1327,False,False,False,False,False,False,False,False,False,True,0
Платформа обработки #885,Здравоохранение,Региональный,Федеральный округ,Высокая,100684,11,7356071,8.0,4,18,82680,2427,True,True,False,True,False,False,False,False,False,False,3
Портал управления #886,Банковская сфера,Муниципальный,Федеральный округ,Критическая,41844,17,38020622,4.0,5,11,13718,388,True,False,False,True,False,False,False,False,False,True,3
Система аналитики #887,Связь,Объектовый,Субъект РФ,Низкая,2390,8,92047,24.0,3,5,571,700,False,False,False,False,False,False,False,True,True,False,0
ИС аналитики #888,Государственное управление,Региональный,Вся страна,Высокая,334664,88,46630853,4.0,10,15,191031,612,True,False,True,False,False,False,True,False,False,True,3
Система передачи #889,Банковская сфера,Объектовый,Федеральный округ,Средняя,3730,12,52354342,72.0,3,3,4067,816,True,False,False,False,True,False,False,False,False,True,1
Сеть мониторинга #890,Наука,Муниципальный,Несколько муниципалитетов,Высокая,60147,1,43338908,12.0,9,11,80160,1358,True,False,False,False,False,False,False,False,False,False,1
АСУ ТП аналитики #891,Топливная промышленность,Региональный,Федеральный округ,Средняя,50103,23,1818603,24.0,17,14,70450,2382,True,True,False,False,True,False,False,False,True,False,2
Платформа управления #892,Топливная промышленность,Объектовый,Несколько муниципалитетов,Критическая,412,3,18290085,0.5,3,5,460,340,True,True,False,True,True,False,False,False,True,False,2
ИС хранения #893,Здравоохранение,Объектовый,Вся страна,Критическая,1735,86,80962220,0.5,3,7,1326,684,True,False,False,True,False,False,True,False,False,False,2
Система передачи #894,Связь,Федеральный,Несколько муниципалитетов,Средняя,1224577,4,3907902,48.0,7,35,1669054,2771,False,True,False,False,False,False,False,False,True,False,2
Сеть хранения #895,Оборонная промышленность,Объектовый,Несколько муниципалитетов,Средняя,1906,4,809978,168.0,1,6,785,645,True,False,False,False,True,True,False,True,False,False,1
Портал передачи #896,Оборонная промышленность,Объектовый,Несколько муниципалитетов,Средняя,2551,1,7309743,24.0,1,4,2061,450,False,False,False,False,False,True,True,False,False,True,1
Сеть передачи #897,Связь,Объектовый,Вся страна,Высокая,689,87,30249322,4.0,1,4,455,713,True,False,False,False,False,False,False,False,True,False,1
Платформа мониторинга #898,Оборонная промышленность,Региональный,Несколько муниципалитетов,Высокая,137228,2,125989093,8.0,10,9,81441,1357,True,True,False,False,False,True,True,False,False,True,3
ИС управления #899,Связь,Объектовый,Вся страна,Средняя,1544,53,945371,48.0,2,5,328,755,False,True,False,False,False,False,False,True,True,False,1
АСУ ТП аналитики #900,Транспорт,Региональный,Один город,Высокая,189903,3,14479293,12.0,6,15,173958,1918,True,True,False,True,False,False,True,True,False,False,3
Платформа хранения #901,Государственное управление,Федеральный,Несколько муниципалитетов,Средняя,1595684,1,1485768,48.0,10,20,1513546,101,False,False,True,False,False,True,True,False,True,True,3
Портал мониторинга #902,Банковская сфера,Федеральный,Федеральный округ,Низкая,1065414,10,34626,72.0,17,15,683439,4568,True,False,False,False,False,False,False,False,False,True,3
ИС мониторинга #903,Государственное управление,Федеральный,Субъект РФ,Высокая,1629363,9,28298601,24.0,6,17,755365,1943,True,False,True,False,False,True,True,False,False,True,3
ИС мониторинга #904,Транспорт,Региональный,Несколько муниципалитетов,Средняя,204946,4,1729969,72.0,10,22,236602,1277,False,True,True,True,True,False,True,True,False,True,3
Платформа аналитики #905,Оборонная промышленность,Региональный,Один город,Средняя,277201,3,20111409,72.0,3,29,376129,1174,True,False,False,False,False,True,False,False,False,True,2
Платформа мониторинга #906,Наука,Муниципальный,Несколько муниципалитетов,Высокая,48260,4,62644614,24.0,7,6,16841,470,True,True,False,False,False,False,False,False,False,False,1
Сеть аналитики #907,Топливная промышленность,Региональный,Вся страна,Средняя,164039,59,7718205,24.0,11,4,124199,3297,False,True,False,False,True,False,False,True,False,False,2
АСУ ТП аналитики #908,Банковская сфера,Региональный,Субъект РФ,Критическая,36620,1,2200721,4.0,5,18,14111,936,True,True,False,True,False,False,False,False,False,True,3
Система аналитики #909,Наука,Региональный,Федеральный округ,Высокая,267217,12,33263452,24.0,15,9,244869,151,True,False,False,False,False,False,True,False,False,False,2
Система аналитики #910,Топливная промышленность,Объектовый,Федеральный округ,Критическая,2695,19,413180175,2.0,2,6,2587,534,True,True,False,True,True,False,False,False,False,False,3
Сеть хранения #911,Здравоохранение,Федеральный,Федеральный округ,Низкая,1027826,23,237490,48.0,11,25,1521697,973,False,False,False,True,False,False,False,False,False,False,3
Система управления #912,Государственное управление,Региональный,Федеральный округ,Средняя,235614,16,1973028,24.0,1,20,286141,1655,False,False,True,False,True,True,True,False,False,True,3
АСУ ТП передачи #913,Здравоохранение,Муниципальный,Субъект РФ,Низкая,20000,6,81850,48.0,8,10,5798,389,False,False,False,True,False,False,False,False,False,False,1
ИС управления #914,Топливная промышленность,Региональный,Несколько муниципалитетов,Средняя,293803,1,11047011,168.0,6,13,86680,55,True,True,False,False,True,False,False,False,False,False,2
Платформа аналитики #915,Энергетика,Региональный,Федеральный округ,Низкая,73326,16,173045,168.0,15,9,17820,3454,False,True,False,False,True,False,False,False,False,False,1
Платформа хранения #916,Связь,Объектовый,Федеральный округ,Высокая,2403,27,61721459,8.0,4,2,2904,183,True,False,False,False,False,False,False,False,True,False,1
Система управления #917,Энергетика,Объектовый,Несколько муниципалитетов,Низкая,601,1,151558,24.0,3,8,533,1533,False,True,False,False,True,False,False,False,False,False,0
Сеть хранения #918,Государственное управление,Муниципальный,Федеральный округ,Средняя,72668,29,3692924,72.0,4,8,77537,2675,False,False,True,False,False,True,True,False,False,True,2
Система управления #919,Связь,Объектовый,Федеральный округ,Низкая,3482,18,64362,72.0,3,4,823,806,False,False,False,False,False,False,False,False,True,False,0
Сеть хранения #920,Оборонная промышленность,Муниципальный,Субъект РФ,Низкая,65145,1,72980,24.0,5,14,60773,2017,True,True,False,False,False,False,False,False,False,True,1
ИС управления #921,Топливная промышленность,Федеральный,Несколько муниципалитетов,Средняя,864373,1,15430091,24.0,9,20,1091394,906,True,True,False,False,True,False,False,False,False,False,2
Сеть хранения #922,Оборонная промышленность,Региональный,Вся страна,Средняя,185385,69,2528274,48.0,10,18,147497,1372,False,True,False,False,True,True,True,False,False,True,3
Сервис аналитики #923,Банковская сфера,Объектовый,Несколько муниципалитетов,Критическая,3339,3,13852976,4.0,2,4,3011,1490,True,True,False,True,False,False,False,True,False,True,3
АСУ ТП хранения #924,Здравоохранение,Объектовый,Субъект РФ,Средняя,1890,9,1648069,48.0,4,7,494,586,False,False,True,True,False,False,False,False,False,True,2
Сервис мониторинга #925,Здравоохранение,Объектовый,Несколько муниципалитетов,Низкая,2415,4,217494,168.0,4,5,2411,1083,False,True,False,True,False,False,False,False,False,False,1
Портал хранения #926,Энергетика,Региональный,Федеральный округ,Высокая,256809,12,39975775,8.0,1,8,131729,2648,True,True,False,False,True,False,False,True,False,False,2
Система мониторинга #927,Транспорт,Объектовый,Один город,Низкая,671,4,55359,168.0,3,9,236,477,False,True,False,True,False,False,True,True,False,False,1
Система передачи #928,Здравоохранение,Региональный,Несколько муниципалитетов,Средняя,76052,3,1800624,24.0,11,20,36368,1655,False,False,False,True,False,False,False,False,False,False,2
Сеть управления #929,Здравоохранение,Муниципальный,Один город,Низкая,61209,4,96584,48.0,4,9,14923,864,False,False,False,True,False,False,False,False,False,False,1
АСУ ТП обработки #930,Энергетика,Региональный,Субъект РФ,Критическая,87463,6,109896091,4.0,9,9,38427,797,True,True,False,True,True,False,False,False,False,False,3
АСУ ТП обработки #931,Здравоохранение,Муниципальный,Субъект РФ,Высокая,53524,2,17780538,8.0,4,13,15843,314,True,False,False,True,False,False,False,False,False,False,2
Сервис хранения #932,Энергетика,Региональный,Несколько муниципалитетов,Низкая,96051,3,1014197,24.0,10,26,46453,2768,True,True,False,False,True,False,False,False,False,False,1
Сервис обработки #933,Наука,Федеральный,Субъект РФ,Высокая,175272,6,24515765,24.0,9,19,260551,966,True,False,False,False,False,False,False,False,False,False,2
Портал мониторинга #934,Здравоохранение,Региональный,Вся страна,Средняя,182594,72,4310868,168.0,10,9,245001,1779,False,False,False,True,False,False,False,False,True,False,2
Платформа обработки #935,Топливная промышленность,Федеральный,Субъект РФ,Средняя,422728,8,6876976,72.0,11,25,251907,3021,False,True,False,False,True,False,True,False,False,False,2
ИС мониторинга #936,Здравоохранение,Объектовый,Субъект РФ,Критическая,1271,8,194636108,2.0,2,3,834,1171,True,False,False,True,False,False,False,False,False,False,2
Сеть аналитики #937,Здравоохранение,Региональный,Вся страна,Средняя,171949,81,3655268,24.0,11,9,91887,2065,True,False,False,True,False,False,False,False,True,False,2
Платформа управления #938,Топливная промышленность,Объектовый,Несколько муниципалитетов,Низкая,3351,4,50636,24.0,4,1,3034,383,False,True,False,False,True,False,False,False,False,False,0
Система хранения #939,Энергетика,Объектовый,Несколько муниципалитетов,Высокая,3392,1,144611255,4.0,2,1,2899,923,True,True,False,False,True,False,False,False,False,False,2
Платформа обработки #940,Связь,Федеральный,Вся страна,Средняя,728074,72,1086922,72.0,6,21,520013,3714,False,True,False,False,False,False,False,False,True,False,2
Платформа обработки #941,Банковская сфера,Муниципальный,Субъект РФ,Высокая,38216,3,69091020,24.0,5,11,16517,365,True,False,False,False,False,False,True,False,False,True,1
ИС хранения #942,Банковская сфера,Объектовый,Федеральный округ,Высокая,1631,20,84777764,8.0,6,5,218,242,True,False,False,False,False,False,False,False,True,True,1
ИС хранения #943,Банковская сфера,Муниципальный,Субъект РФ,Низкая,60427,6,264954,168.0,7,5,40569,1229,True,False,False,False,False,False,False,False,False,True,1
Платформа хранения #944,Наука,Федеральный,Несколько муниципалитетов,Высокая,144843,2,237548684,12.0,13,16,181414,3108,True,True,False,False,False,False,False,False,False,False,3
Платформа передачи #945,Энергетика,Региональный,Федеральный округ,Низкая,196025,25,298561,72.0,5,10,216196,3442,True,True,False,False,True,False,False,False,False,False,2
АСУ ТП мониторинга #946,Банковская сфера,Региональный,Вся страна,Низкая,302809,52,885175,168.0,4,11,188164,337,False,False,False,False,False,False,False,False,True,False,1
АСУ ТП обработки #947,Топливная промышленность,Региональный,Субъект РФ,Средняя,178616,2,1158469,168.0,9,10,25763,3099,True,True,False,False,True,False,False,False,False,False,1
Сервис аналитики #948,Оборонная промышленность,Объектовый,Один город,Средняя,2034,2,6801659,72.0,3,3,3036,463,False,False,False,False,False,True,False,False,True,True,1
Портал аналитики #949,Связь,Региональный,Несколько муниципалитетов,Низкая,165037,1,677004,168.0,6,10,20574,1318,False,False,False,False,False,False,True,True,True,False,1
Платформа мониторинга #950,Оборонная промышленность,Муниципальный,Один город,Средняя,4528,2,1999673,48.0,6,10,6580,733,True,False,False,False,False,True,True,False,False,True,2
Сервис аналитики #951,Оборонная промышленность,Объектовый,Несколько муниципалитетов,Высокая,314,1,67963834,4.0,3,7,130,230,True,False,False,False,False,False,True,False,False,True,1
Платформа мониторинга #952,Оборонная промышленность,Объектовый,Вся страна,Высокая,2983,78,12197897,24.0,2,2,1194,524,True,True,False,False,False,False,False,False,True,True,2
Портал обработки #953,Энергетика,Муниципальный,Вся страна,Критическая,24531,76,890434529,2.0,5,8,10159,1843,True,True,False,True,True,False,False,False,True,False,3
Система управления #954,Транспорт,Региональный,Один город,Высокая,26453,2,15867188,8.0,11,7,6293,1722,True,True,False,True,False,False,True,True,False,False,3
Система управления #955,Транспорт,Объектовый,Федеральный округ,Низкая,1580,18,259781,24.0,4,4,2236,559,False,True,False,True,False,False,True,True,True,False,2
ИС хранения #956,Оборонная промышленность,Муниципальный,Субъект РФ,Средняя,44167,9,2472827,72.0,5,9,48904,2615,False,True,False,False,True,True,False,False,False,True,2
Портал управления #957,Банковская сфера,Региональный,Один город,Низкая,47692,1,339972,48.0,12,2,20977,270,False,False,False,False,False,False,False,False,False,True,1
Система передачи #958,Наука,Региональный,Вся страна,Средняя,111592,78,5677252,48.0,5,10,45911,576,False,False,False,False,True,False,False,False,False,False,1
Платформа управления #959,Оборонная промышленность,Региональный,Субъект РФ,Низкая,104548,7,98422,48.0,5,19,129183,993,False,False,False,False,False,True,False,False,False,True,2
Сеть хранения #960,Оборонная промышленность,Муниципальный,Несколько муниципалитетов,Высокая,31383,2,308635966,4.0,3,15,7759,620,True,True,False,False,False,True,False,True,False,True,3
Сервис передачи #961,Топливная промышленность,Региональный,Несколько муниципалитетов,Низкая,197417,3,120497,168.0,9,1,230356,1590,True,True,False,False,True,False,False,False,False,False,1
Система передачи #962,Оборонная промышленность,Муниципальный,Вся страна,Высокая,45556,83,170862587,8.0,8,5,14987,143,True,True,True,False,False,True,False,False,False,True,3
Система обработки #963,Топливная промышленность,Объектовый,Вся страна,Низкая,807,61,71830,168.0,3,4,1102,1170,False,True,True,False,True,False,False,False,False,True,1
Система управления #964,Банковская сфера,Муниципальный,Вся страна,Средняя,27932,71,5812365,168.0,7,6,8391,633,False,True,False,False,False,False,False,False,True,True,1
Система обработки #965,Государственное управление,Муниципальный,Один город,Средняя,31072,4,2196440,24.0,7,8,38360,1167,True,True,True,False,False,False,True,False,False,True,2
Система мониторинга #966,Государственное управление,Муниципальный,Субъект РФ,Высокая,38984,1,15494357,24.0,6,12,33225,915,True,False,True,False,False,True,True,False,False,False,2
ИС хранения #967,Здравоохранение,Муниципальный,Федеральный округ,Низкая,90047,23,191334,168.0,6,5,101450,791,False,False,False,True,False,False,True,False,False,False,2
АСУ ТП аналитики #968,Транспорт,Объектовый,Несколько муниципалитетов,Средняя,4879,1,19232120,48.0,2,2,5560,1023,False,True,False,True,False,False,True,True,False,False,2
Платформа хранения #969,Энергетика,Муниципальный,Вся страна,Низкая,9919,84,230181,72.0,6,14,11822,2700,False,True,False,False,True,False,False,False,False,False,1
Портал аналитики #970,Наука,Федеральный,Федеральный округ,Низкая,1279420,12,64749,48.0,2,18,1908694,450,False,False,False,False,False,False,False,False,False,False,2
АСУ ТП обработки #971,Государственное управление,Муниципальный,Один город,Средняя,31601,1,4848634,48.0,7,6,34222,1504,False,False,True,False,False,True,True,False,False,True,2
Система аналитики #972,Транспорт,Региональный,Субъект РФ,Высокая,41689,5,138877836,24.0,10,25,23150,281,True,True,False,True,False,False,True,True,False,False,3
Сервис хранения #973,Государственное управление,Муниципальный,Несколько муниципалитетов,Высокая,30986,4,38465971,12.0,6,16,35623,1440,True,False,True,False,False,True,True,False,False,False,2
ИС аналитики #974,Транспорт,Муниципальный,Один город,Критическая,30047,1,1152247177,0.5,6,8,36523,298,True,True,False,True,False,False,True,True,False,False,3
Портал аналитики #975,Связь,Муниципальный,Субъект РФ,Средняя,32350,8,17537834,168.0,4,3,26212,279,False,False,False,False,False,False,False,False,True,False,0
Портал обработки #976,Здравоохранение,Объектовый,Субъект РФ,Низкая,739,4,152729,48.0,1,5,632,638,False,False,False,True,False,False,False,False,False,False,1
АСУ ТП обработки #977,Оборонная промышленность,Федеральный,Субъект РФ,Средняя,1157579,5,8411197,72.0,11,22,345423,1856,False,True,True,False,False,True,False,False,False,True,3
Сервис обработки #978,Транспорт,Муниципальный,Федеральный округ,Низкая,20133,10,93373,48.0,8,7,9487,2247,True,True,False,True,True,False,True,True,True,False,2
Сеть хранения #979,Энергетика,Муниципальный,Один город,Высокая,21636,1,54220017,8.0,5,6,24146,641,True,True,False,False,True,False,True,False,False,False,1
ИС мониторинга #980,Здравоохранение,Региональный,Несколько муниципалитетов,Средняя,107777,1,40161218,72.0,8,20,113637,1384,True,True,False,True,False,False,True,False,False,False,3
Сервис хранения #981,Связь,Объектовый,Один город,Высокая,1425,2,157923478,4.0,2,6,1329,901,True,False,False,False,False,False,False,False,True,False,1
Сеть передачи #982,Транспорт,Региональный,Субъект РФ,Высокая,30349,8,135279348,4.0,7,12,19574,3310,True,True,True,True,False,False,True,True,True,True,3
ИС управления #983,Транспорт,Объектовый,Федеральный округ,Высокая,968,28,43921580,12.0,4,5,948,810,True,True,False,True,False,False,True,True,True,False,2
Система хранения #984,Банковская сфера,Региональный,Несколько муниципалитетов,Низкая,142017,4,130206,72.0,7,10,198245,417,False,False,False,False,False,False,False,False,False,True,1
ИС управления #985,Топливная промышленность,Объектовый,Один город,Средняя,2508,1,9578399,24.0,3,4,2964,74,True,True,False,False,True,False,True,False,False,False,1
Сеть хранения #986,Здравоохранение,Муниципальный,Субъект РФ,Средняя,15242,4,1556564,24.0,4,13,21750,1093,True,False,False,True,False,False,False,False,False,False,2
Платформа управления #987,Наука,Региональный,Федеральный округ,Высокая,274971,28,30939058,24.0,8,19,163459,607,True,False,False,False,False,False,True,False,False,False,2
ИС аналитики #988,Топливная промышленность,Муниципальный,Вся страна,Высокая,43805,77,88068999,8.0,4,10,33631,688,True,True,False,False,True,False,False,False,True,False,1
Платформа управления #989,Здравоохранение,Объектовый,Один город,Средняя,2216,1,2950535,72.0,4,4,490,295,False,False,False,True,False,False,False,False,False,False,1
ИС обработки #990,Топливная промышленность,Муниципальный,Один город,Средняя,47445,3,1063617,24.0,7,13,64796,93,False,True,False,False,True,False,True,False,False,False,1
Система обработки #991,Топливная промышленность,Федеральный,Несколько муниципалитетов,Средняя,283271,2,4751453,48.0,14,11,233458,238,False,True,False,False,True,False,False,False,False,False,2
Портал аналитики #992,Банковская сфера,Федеральный,Субъект РФ,Низкая,533173,1,172573,72.0,11,20,546109,1036,True,False,False,False,False,False,False,False,False,True,2
ИС обработки #993,Банковская сфера,Муниципальный,Вся страна,Средняя,14074,72,1131516,24.0,5,13,17226,1375,False,False,False,False,False,False,True,False,False,True,1
Система хранения #994,Государственное управление,Федеральный,Субъект РФ,Средняя,1010885,4,5339973,72.0,12,14,779757,939,True,False,True,False,False,True,True,False,False,True,3
Сеть передачи #995,Здравоохранение,Муниципальный,Вся страна,Критическая,74508,60,737477878,2.0,5,6,81098,1161,True,False,True,True,False,False,False,False,False,True,3
Сеть управления #996,Банковская сфера,Региональный,Один город,Критическая,418574,2,5413817,1.0,9,14,436621,228,True,True,False,True,False,False,False,False,True,True,3
Платформа управления #997,Транспорт,Региональный,Несколько муниципалитетов,Высокая,69175,2,26097034,24.0,9,26,97679,329,True,True,True,True,False,False,True,True,False,True,3
ИС аналитики #998,Транспорт,Региональный,Один город,Средняя,53720,2,1061404,48.0,10,19,8134,2782,True,True,False,True,False,False,True,True,False,False,2
Система передачи #999,Связь,Федеральный,Несколько муниципалитетов,Низкая,284044,4,163741,48.0,15,12,39901,5771,False,False,False,False,False,False,False,False,True,False,1
ИС мониторинга #1000,Банковская сфера,Муниципальный,Один город,Средняя,61370,3,653473,168.0,7,10,44394,2907,True,False,False,False,False,False,False,False,False,True,1
ИС управления #1001,Оборонная промышленность,Муниципальный,Вся страна,Средняя,45126,63,7794885,24.0,5,17,11477,514,False,True,False,False,True,True,True,False,True,True,3
АСУ ТП аналитики #1002,Государственное управление,Федеральный,Вся страна,Критическая,528992,67,87599721,0.5,13,22,227977,1805,True,False,True,True,False,True,True,False,False,True,3
Платформа мониторинга #1003,Энергетика,Объектовый,Федеральный округ,Средняя,2644,11,15582871,72.0,1,5,1268,739,False,True,False,False,True,False,False,False,False,False,1
Сервис передачи #1004,Государственное управление,Федеральный,Несколько муниципалитетов,Средняя,1594624,3,4809132,72.0,14,19,238534,3343,False,False,True,False,False,True,True,False,False,True,3
АСУ ТП мониторинга #1005,Топливная промышленность,Объектовый,Федеральный округ,Низкая,2683,13,164646,168.0,1,5,3101,784,False,True,False,False,True,False,True,False,False,False,1
Система передачи #1006,Банковская сфера,Объектовый,Субъект РФ,Средняя,816,8,6167616,48.0,3,5,667,803,False,False,False,False,False,False,True,False,False,True,1
Сеть управления #1007,Топливная промышленность,Муниципальный,Вся страна,Средняя,94652,73,8150671,168.0,8,6,120096,820,False,True,False,False,True,False,False,False,False,False,1
Система аналитики #1008,Государственное управление,Региональный,Несколько муниципалитетов,Высокая,141037,4,20941268,12.0,9,15,60490,4300,True,False,True,False,False,True,True,False,False,True,3
Платформа обработки #1009,Топливная промышленность,Объектовый,Один город,Высокая,1372,2,245696602,24.0,2,4,1537,1419,True,True,False,False,True,False,False,True,False,False,1
ИС обработки #1010,Наука,Муниципальный,Несколько муниципалитетов,Высокая,6840,3,42730178,4.0,7,8,4110,989,True,True,False,False,False,False,False,False,False,False,1
Портал хранения #1011,Энергетика,Муниципальный,Вся страна,Средняя,38435,84,12911118,48.0,7,9,12612,1083,True,True,False,False,True,False,False,False,False,False,1
АСУ ТП хранения #1012,Государственное управление,Объектовый,Несколько муниципалитетов,Высокая,3660,1,151656043,8.0,3,1,4859,119,True,False,True,False,False,False,True,True,False,True,2
Система обработки #1013,Здравоохранение,Региональный,Субъект РФ,Средняя,178089,2,7368686,24.0,6,18,20982,3449,False,False,False,True,False,False,False,False,False,False,2
Сервис управления #1014,Наука,Федеральный,Федеральный округ,Низкая,775424,23,769759,72.0,12,14,513044,2329,True,False,False,False,False,False,False,False,False,False,2
Платформа мониторинга #1015,Транспорт,Региональный,Один город,Критическая,169541,1,8172414642,2.0,6,1,18881,1310,True,True,False,True,False,False,True,True,False,False,3
Сеть управления #1016,Топливная промышленность,Региональный,Один город,Средняя,339830,4,1911369,168.0,5,16,138957,675,False,True,False,False,True,False,False,False,False,False,1
АСУ ТП аналитики #1017,Государственное управление,Муниципальный,Субъект РФ,Высокая,35727,7,38222818,24.0,5,15,34444,1009,True,False,True,False,False,True,True,False,False,True,3
Сервис управления #1018,Транспорт,Региональный,Несколько муниципалитетов,Высокая,110608,1,12058926,4.0,11,12,63623,371,True,True,False,True,False,False,True,True,False,False,3
ИС хранения #1019,Здравоохранение,Муниципальный,Несколько муниципалитетов,Средняя,15052,3,26761738,24.0,2,6,6611,2243,False,False,False,True,False,False,False,False,False,False,1
ИС управления #1020,Транспорт,Объектовый,Федеральный округ,Средняя,1816,10,447480,168.0,2,3,197,665,False,True,False,True,False,False,True,True,False,False,2
АСУ ТП аналитики #1021,Здравоохранение,Муниципальный,Один город,Критическая,39765,1,123040015,4.0,5,15,9347,153,True,True,False,True,False,False,False,False,True,False,3
Платформа мониторинга #1022,Государственное управление,Федеральный,Федеральный округ,Низкая,1072984,19,401829,72.0,14,19,851686,3020,False,False,True,False,False,True,True,False,False,True,3
АСУ ТП обработки #1023,Транспорт,Федеральный,Федеральный округ,Средняя,205687,14,7209097,48.0,8,32,76156,2304,True,True,False,True,False,False,True,True,False,False,3
Сеть обработки #1024,Оборонная промышленность,Региональный,Субъект РФ,Высокая,248285,6,45289658,12.0,12,9,112302,3411,True,True,False,False,False,True,False,False,False,True,3
Платформа передачи #1025,Наука,Муниципальный,Один город,Высокая,68638,1,10142991,12.0,5,9,78530,335,True,False,False,False,False,False,False,False,False,False,1
Портал обработки #1026,Связь,Региональный,Субъект РФ,Высокая,230612,5,51219534,12.0,11,23,345287,1353,True,False,False,False,False,False,False,False,True,False,2
Платформа мониторинга #1027,Наука,Муниципальный,Субъект РФ,Средняя,69251,4,4678916,24.0,8,7,45003,3015,False,False,False,False,True,False,False,False,False,False,0
Сеть аналитики #1028,Государственное управление,Объектовый,Несколько муниципалитетов,Низкая,1966,1,937285,168.0,1,3,1997,134,True,False,True,False,False,True,True,False,True,False,1
Система управления #1029,Энергетика,Муниципальный,Вся страна,Средняя,70592,71,211505,72.0,3,10,100404,329,False,True,False,False,True,False,False,False,True,False,1
Сервис аналитики #1030,Транспорт,Муниципальный,Субъект РФ,Высокая,43768,6,68519072,4.0,3,8,41218,1971,True,True,False,True,False,False,True,True,False,False,3
Система мониторинга #1031,Здравоохранение,Федеральный,Несколько муниципалитетов,Средняя,586233,1,4123877,24.0,6,12,767774,1265,False,True,False,True,False,False,False,False,False,False,3
АСУ ТП аналитики #1032,Государственное управление,Региональный,Субъект РФ,Средняя,161826,1,409999,24.0,6,11,106479,262,False,False,True,False,False,False,True,False,False,False,2
АСУ ТП хранения #1033,Здравоохранение,Региональный,Федеральный округ,Критическая,193814,23,3413438,1.0,8,6,213326,4219,True,False,False,True,False,False,False,False,False,False,3
Сеть мониторинга #1034,Государственное управление,Объектовый,Федеральный округ,Критическая,4491,11,333202893,1.0,3,1,2490,654,True,False,True,True,False,True,True,False,False,True,3
Система обработки #1035,Государственное управление,Объектовый,Вся страна,Средняя,1640,67,14379992,72.0,3,6,595,210,True,False,True,False,False,False,True,False,False,True,2
Портал управления #1036,Банковская сфера,Региональный,Один город,Критическая,239759,1,7183689,2.0,11,8,66234,3138,True,False,False,True,True,False,False,False,False,True,3
Портал обработки #1037,Транспорт,Региональный,Несколько муниципалитетов,Средняя,303488,1,9293079,72.0,10,9,247415,1131,True,True,False,True,False,False,True,True,False,False,3
АСУ ТП хранения #1038,Здравоохранение,Муниципальный,Один город,Средняя,26841,2,1833546,72.0,8,7,24595,128,True,False,False,True,False,False,False,False,False,False,1
ИС передачи #1039,Государственное управление,Объектовый,Один город,Средняя,2522,2,2417267,72.0,4,4,1784,249,True,False,True,False,False,False,True,False,False,True,1
ИС мониторинга #1040,Топливная промышленность,Объектовый,Субъект РФ,Средняя,4372,2,1472543,72.0,2,5,5338,985,False,True,False,False,True,False,True,False,False,False,0
Платформа аналитики #1041,Энергетика,Федеральный,Федеральный округ,Средняя,1170110,19,456354,168.0,7,22,986276,420,False,True,False,False,True,False,True,False,False,False,3
Сеть обработки #1042,Транспорт,Объектовый,Несколько муниципалитетов,Средняя,1290,3,5370209,72.0,2,6,1196,1108,False,True,False,True,False,False,True,True,False,False,1
Сервис управления #1043,Связь,Муниципальный,Федеральный округ,Низкая,69298,26,172154,168.0,4,10,101822,1946,False,False,False,False,False,False,False,False,True,False,1
Сервис обработки #1044,Энергетика,Федеральный,Федеральный округ,Высокая,1888986,21,18367228,4.0,11,27,1516816,2108,True,True,False,False,True,False,False,False,False,False,3
Платформа обработки #1045,Государственное управление,Региональный,Один город,Низкая,123127,4,200784,72.0,12,13,172319,3445,True,False,True,False,False,True,True,False,False,True,3
Сеть управления #1046,Здравоохранение,Объектовый,Один город,Низкая,1909,4,48720,24.0,2,3,2599,1088,True,False,False,True,False,False,False,False,False,False,1
Платформа аналитики #1047,Топливная промышленность,Муниципальный,Вся страна,Средняя,40827,57,1890658,72.0,3,7,15636,1837,False,True,False,False,True,False,False,True,False,False,1
Сеть мониторинга #1048,Энергетика,Муниципальный,Субъект РФ,Высокая,31049,9,51007439,24.0,5,7,32039,1025,True,True,False,False,True,False,False,False,False,False,1
Система аналитики #1049,Связь,Муниципальный,Несколько муниципалитетов,Высокая,51490,2,67162089,12.0,4,8,19257,1040,True,False,True,False,False,False,False,False,True,True,1
Сеть мониторинга #1050,Связь,Федеральный,Несколько муниципалитетов,Средняя,318986,4,8754548,72.0,11,15,83615,5191,False,False,False,False,False,False,False,False,True,False,1
Портал аналитики #1051,Связь,Региональный,Субъект РФ,Средняя,68788,8,7293993,24.0,5,15,30109,2767,True,False,False,False,True,False,False,False,True,False,1
Система передачи #1052,Транспорт,Муниципальный,Несколько муниципалитетов,Средняя,4653,3,33157845,72.0,7,14,3692,1255,False,True,False,True,False,False,True,True,False,False,2
Портал мониторинга #1053,Государственное управление,Объектовый,Один город,Высокая,2544,2,1233336979,12.0,4,4,1712,1165,True,False,True,False,False,False,True,False,False,True,2
Сервис передачи #1054,Топливная промышленность,Региональный,Вся страна,Низкая,108051,82,314258,24.0,8,13,37733,2650,False,True,False,False,True,False,False,False,False,False,2
Система аналитики #1055,Транспорт,Объектовый,Федеральный округ,Средняя,3386,25,643263,72.0,3,4,3635,783,False,True,False,True,False,False,True,True,False,False,2
Сеть управления #1056,Банковская сфера,Региональный,Федеральный округ,Высокая,154431,22,80629313,12.0,13,18,108354,4261,True,True,False,False,False,False,True,False,False,True,3
Портал передачи #1057,Банковская сфера,Объектовый,Несколько муниципалитетов,Высокая,3221,3,27236713,4.0,2,6,2712,39,True,False,False,False,False,False,False,False,False,False,1
Портал обработки #1058,Связь,Региональный,Несколько муниципалитетов,Высокая,328338,3,204505782,4.0,10,21,307739,555,True,False,True,False,False,False,False,False,True,True,3
ИС аналитики #1059,Здравоохранение,Объектовый,Несколько муниципалитетов,Критическая,3640,2,141421379,4.0,4,2,4562,174,True,False,False,True,False,False,False,False,False,False,2
Платформа передачи #1060,Оборонная промышленность,Муниципальный,Несколько муниципалитетов,Высокая,17635,2,143998642,8.0,3,12,14743,447,True,True,False,False,False,True,False,False,False,True,3
Сеть хранения #1061,Оборонная промышленность,Объектовый,Один город,Высокая,2020,2,72681365,12.0,4,6,1861,317,True,False,False,False,False,True,False,False,False,True,2
Сервис хранения #1062,Связь,Муниципальный,Субъект РФ,Критическая,14525,5,103478362,1.0,3,12,5908,2111,True,False,False,True,False,False,False,False,True,False,3
ИС передачи #1063,Наука,Региональный,Один город,Низкая,145868,3,100305,24.0,11,12,216853,1323,False,False,False,False,False,False,False,False,False,False,1
Портал аналитики #1064,Энергетика,Муниципальный,Вся страна,Низкая,39010,65,1696483,48.0,5,17,14330,1050,False,True,False,False,True,False,False,False,False,False,1
Платформа мониторинга #1065,Транспорт,Региональный,Один город,Низкая,130832,1,102519,72.0,3,12,122716,518,True,True,True,True,False,False,True,True,False,True,3
АСУ ТП аналитики #1066,Наука,Региональный,Вся страна,Средняя,303410,55,4092602,48.0,5,7,450736,398,False,False,False,False,True,False,False,False,False,False,1
ИС хранения #1067,Транспорт,Региональный,Один город,Средняя,321086,1,414684,168.0,8,8,194447,1962,True,True,False,True,False,False,True,True,False,False,3
Сеть обработки #1068,Связь,Федеральный,Несколько муниципалитетов,Высокая,1359344,4,13736216,24.0,11,18,1599718,1939,True,False,False,False,False,False,False,False,True,False,2
Система хранения #1069,Топливная промышленность,Муниципальный,Субъект РФ,Высокая,42925,4,2267517673,12.0,6,8,32172,831,True,True,False,False,True,False,False,False,False,False,2
Система обработки #1070,Оборонная промышленность,Региональный,Вся страна,Критическая,44322,61,16067961,2.0,8,19,33506,3055,True,False,False,True,False,True,False,False,False,True,3
ИС обработки #1071,Транспорт,Региональный,Вся страна,Высокая,88319,85,225835898,24.0,9,16,115703,2688,True,True,False,True,False,False,True,True,False,False,3
Портал управления #1072,Наука,Федеральный,Один город,Низкая,1417873,4,137400,168.0,18,27,182236,4061,False,False,False,False,False,False,False,False,False,False,2
Платформа мониторинга #1073,Наука,Объектовый,Федеральный округ,Средняя,547,25,1815317,168.0,3,5,729,1221,False,False,True,False,False,False,False,False,False,True,1
Портал передачи #1074,Здравоохранение,Региональный,Несколько муниципалитетов,Высокая,35075,1,40092244,24.0,8,10,35424,3287,True,False,True,True,False,False,False,False,False,True,3
АСУ ТП мониторинга #1075,Топливная промышленность,Объектовый,Субъект РФ,Высокая,2728,9,177561508,12.0,3,6,2304,276,True,True,False,False,True,False,False,False,False,False,1
Система мониторинга #1076,Банковская сфера,Муниципальный,Вся страна,Средняя,40613,86,4441710,72.0,6,2,24873,23,False,False,True,False,True,False,False,False,False,True,1
Система мониторинга #1077,Транспорт,Региональный,Несколько муниципалитетов,Средняя,234514,2,980837,168.0,7,17,212220,2205,False,True,False,True,False,False,True,True,False,False,3
АСУ ТП хранения #1078,Связь,Муниципальный,Один город,Средняя,54610,2,15132254,48.0,9,9,68467,430,False,False,False,False,False,False,False,False,True,False,0
АСУ ТП обработки #1079,Банковская сфера,Муниципальный,Федеральный округ,Средняя,11076,14,34128427,24.0,5,12,16158,2061,False,False,False,False,False,False,False,True,False,True,1
Портал хранения #1080,Банковская сфера,Региональный,Федеральный округ,Низкая,357484,10,161797,24.0,5,1,285285,3316,False,False,False,False,True,False,False,False,False,False,1
Сеть хранения #1081,Банковская сфера,Региональный,Вся страна,Средняя,60888,61,6057816,168.0,3,13,36005,184,True,True,False,False,True,False,False,True,False,True,2
Портал хранения #1082,Топливная промышленность,Региональный,Вся страна,Средняя,25814,58,1469384,72.0,9,6,37825,1831,False,True,False,False,True,False,True,False,False,False,1
Система мониторинга #1083,Государственное управление,Муниципальный,Вся страна,Высокая,8867,54,29107934,8.0,1,10,8112,2046,True,False,True,False,False,True,True,False,False,True,3
Система передачи #1084,Топливная промышленность,Федеральный,Один город,Средняя,1740512,3,4928623,72.0,10,26,1165682,4648,False,True,False,False,True,False,False,False,False,False,2
АСУ ТП обработки #1085,Оборонная промышленность,Муниципальный,Федеральный округ,Критическая,50686,16,2165379431,4.0,1,14,29328,2654,True,True,False,True,False,True,False,False,False,True,3
Система передачи #1086,Оборонная промышленность,Региональный,Несколько муниципалитетов,Высокая,173881,3,55202557,12.0,11,21,176680,3272,True,False,False,False,False,True,False,False,False,True,3
АСУ ТП управления #1087,Энергетика,Региональный,Федеральный округ,Высокая,192976,10,196596451,8.0,7,24,116631,676,True,True,False,False,True,False,False,False,False,False,3
Сервис хранения #1088,Здравоохранение,Объектовый,Один город,Низкая,1227,3,133677,72.0,3,5,1658,66,True,False,False,True,False,False,False,False,False,False,1
Портал хранения #1089,Государственное управление,Объектовый,Вся страна,Средняя,695,85,989673,48.0,2,6,580,1121,False,False,True,False,False,True,True,False,False,True,2
АСУ ТП аналитики #1090,Оборонная промышленность,Региональный,Несколько муниципалитетов,Высокая,327874,4,746001394,8.0,9,12,342812,809,True,True,False,False,False,False,False,False,False,True,3
АСУ ТП обработки #1091,Энергетика,Федеральный,Субъект РФ,Высокая,465817,1,5078046,4.0,8,23,472551,780,True,True,False,False,True,False,False,False,False,False,2
Сервис передачи #1092,Топливная промышленность,Региональный,Вся страна,Низкая,227448,84,22152,24.0,11,14,159922,3674,False,True,False,False,True,False,False,False,False,False,2
Система хранения #1093,Энергетика,Региональный,Вся страна,Средняя,224696,77,1671074,168.0,3,13,318115,718,False,True,False,False,True,False,False,False,False,False,2
ИС хранения #1094,Здравоохранение,Региональный,Субъект РФ,Средняя,306988,4,5383213,72.0,6,10,380619,324,True,False,False,True,False,False,False,False,False,False,2
ИС аналитики #1095,Топливная промышленность,Муниципальный,Несколько муниципалитетов,Высокая,47514,3,15329639,8.0,6,19,50628,1588,True,True,False,False,True,False,False,False,False,False,1
Система хранения #1096,Здравоохранение,Федеральный,Несколько муниципалитетов,Низкая,555030,3,150373,168.0,16,34,548013,3161,True,True,False,True,False,False,True,False,False,False,3
Сервис хранения #1097,Оборонная промышленность,Муниципальный,Федеральный округ,Низкая,11953,14,573878,48.0,5,11,17437,1514,False,True,False,False,True,True,False,False,False,False,2
Портал мониторинга #1098,Государственное управление,Региональный,Несколько муниципалитетов,Критическая,334409,3,2036746618,4.0,5,13,372037,1731,True,False,True,False,False,True,True,False,False,False,3
Портал аналитики #1099,Оборонная промышленность,Муниципальный,Федеральный округ,Высокая,38599,27,61060767,12.0,4,3,35849,2083,True,False,False,False,False,True,True,False,False,False,2
Сервис хранения #1100,Банковская сфера,Объектовый,Федеральный округ,Высокая,3020,23,11474621,24.0,2,3,2951,741,True,True,False,False,False,False,False,False,False,True,2
Сеть обработки #1101,Оборонная промышленность,Муниципальный,Субъект РФ,Высокая,16618,5,34334138,12.0,7,7,17048,228,True,False,False,False,False,True,False,False,False,True,2
ИС хранения #1102,Наука,Объектовый,Вся страна,Критическая,1778,87,377922684,4.0,4,7,2342,589,True,False,False,True,False,False,True,False,False,False,3
ИС управления #1103,Оборонная промышленность,Муниципальный,Один город,Высокая,47564,1,36564877,24.0,4,11,56399,1330,True,False,True,False,False,True,False,False,False,False,2
ИС обработки #1104,Связь,Региональный,Вся страна,Низкая,155089,78,67474,24.0,5,16,22323,352,False,False,False,False,False,False,False,False,True,False,1
Сеть аналитики #1105,Наука,Региональный,Субъект РФ,Критическая,61072,9,79645255,2.0,5,9,7247,4839,True,False,False,True,False,False,True,True,False,False,3
АСУ ТП мониторинга #1106,Государственное управление,Федеральный,Несколько муниципалитетов,Низкая,476299,2,326239,72.0,14,13,680030,118,False,False,True,False,False,True,True,False,False,True,3
Платформа аналитики #1107,Связь,Региональный,Федеральный округ,Высокая,192255,11,749455,24.0,10,20,269129,2230,True,False,False,False,False,False,False,False,True,False,2
АСУ ТП аналитики #1108,Энергетика,Федеральный,Один город,Высокая,848829,1,13621245,8.0,6,18,1114129,2425,True,True,False,False,True,False,False,False,False,False,2
Портал передачи #1109,Здравоохранение,Объектовый,Один город,Низкая,2412,4,59065,168.0,1,3,3557,1054,False,False,False,True,False,False,False,False,False,False,1
АСУ ТП передачи #1110,Государственное управление,Федеральный,Субъект РФ,Критическая,806259,6,1325354556,0.5,6,23,182801,3053,True,False,True,False,True,True,True,False,False,True,3
Сервис мониторинга #1111,Топливная промышленность,Региональный,Субъект РФ,Средняя,190653,8,8065644,24.0,7,8,48366,2064,False,True,True,False,True,False,False,False,False,True,2
Сеть обработки #1112,Транспорт,Региональный,Федеральный округ,Низкая,131503,17,141169,24.0,8,1,187866,3799,True,True,False,True,False,False,True,True,False,False,3
Портал обработки #1113,Банковская сфера,Муниципальный,Вся страна,Высокая,7188,84,146102959,8.0,4,12,9542,767,True,False,True,False,False,False,False,False,False,True,2
Портал обработки #1114,Банковская сфера,Муниципальный,Вся страна,Средняя,70202,75,2625119,72.0,7,7,7989,51,False,False,False,False,False,False,False,False,True,True,1
Платформа управления #1115,Топливная промышленность,Региональный,Субъект РФ,Высокая,113755,9,14694579,4.0,11,23,141852,2779,True,True,False,False,True,False,False,False,False,False,3
Портал хранения #1116,Здравоохранение,Федеральный,Федеральный округ,Средняя,1171713,17,3333215,48.0,9,16,1363186,1330,True,False,False,True,False,False,False,False,False,False,3
Сервис управления #1117,Государственное управление,Объектовый,Несколько муниципалитетов,Высокая,891,1,1629363760,8.0,3,4,472,210,True,False,True,False,False,True,True,False,False,True,3
Портал передачи #1118,Государственное управление,Объектовый,Несколько муниципалитетов,Средняя,3816,1,1287657,168.0,2,4,4317,396,True,False,True,False,True,True,True,False,False,True,2
Система управления #1119,Транспорт,Муниципальный,Федеральный округ,Средняя,18171,18,1644181,48.0,2,10,18075,405,False,True,False,True,False,False,True,True,False,False,2
Сервис аналитики #1120,Государственное управление,Муниципальный,Субъект РФ,Средняя,23812,2,1256589,72.0,2,10,27167,108,False,False,True,False,False,True,True,True,False,True,2
Сервис передачи #1121,Государственное управление,Муниципальный,Федеральный округ,Критическая,33117,10,126268289,4.0,7,8,14581,1176,True,False,True,True,False,True,True,True,False,True,3
Портал хранения #1122,Государственное управление,Региональный,Один город,Средняя,204288,2,1313027,24.0,6,20,80782,1713,False,False,True,False,False,True,True,False,False,False,2
Платформа обработки #1123,Здравоохранение,Региональный,Несколько муниципалитетов,Низкая,69169,2,193472,24.0,14,15,29447,1150,False,True,False,True,False,False,False,False,False,False,2
Платформа хранения #1124,Топливная промышленность,Муниципальный,Один город,Средняя,52898,1,206932,24.0,6,9,6638,709,False,True,False,False,True,False,True,True,False,False,1
Сеть мониторинга #1125,Связь,Муниципальный,Субъект РФ,Низкая,4798,8,111015,24.0,2,10,4948,2506,False,False,False,False,False,False,False,False,True,False,0
Платформа мониторинга #1126,Энергетика,Муниципальный,Субъект РФ,Низкая,3147,5,54031,72.0,4,7,4009,1517,True,True,False,False,True,False,False,False,False,False,0
Платформа аналитики #1127,Связь,Региональный,Несколько муниципалитетов,Высокая,338690,3,36705042,24.0,8,10,494624,433,True,False,True,False,False,False,False,False,True,True,2
АСУ ТП мониторинга #1128,Банковская сфера,Объектовый,Несколько муниципалитетов,Высокая,3649,4,99484937,4.0,3,7,564,460,True,False,False,False,False,False,False,False,False,True,1
Платформа аналитики #1129,Наука,Муниципальный,Вся страна,Высокая,22773,71,36123052,4.0,2,11,5290,1557,True,False,False,False,False,False,False,False,False,False,2
АСУ ТП управления #1130,Банковская сфера,Объектовый,Один город,Средняя,511,2,2463892,72.0,2,6,361,823,False,False,False,False,True,False,False,False,False,True,0
Платформа передачи #1131,Транспорт,Муниципальный,Несколько муниципалитетов,Низкая,39516,4,466638,168.0,10,4,52172,1110,False,True,False,True,False,False,True,True,False,False,2
ИС управления #1132,Банковская сфера,Федеральный,Федеральный округ,Низкая,1054727,25,411315,168.0,13,3,1390117,96,False,False,False,False,True,False,False,False,True,True,2
Платформа управления #1133,Оборонная промышленность,Объектовый,Несколько муниципалитетов,Высокая,547,1,85006476,12.0,3,7,507,416,True,True,False,False,True,True,True,False,False,True,2
Портал мониторинга #1134,Энергетика,Региональный,Один город,Высокая,131781,1,135123884,12.0,13,25,94773,1420,True,True,False,False,True,False,False,False,False,False,2
Портал мониторинга #1135,Связь,Объектовый,Несколько муниципалитетов,Средняя,1205,1,905513,24.0,3,8,487,782,False,False,False,False,False,False,False,False,True,False,0
Сеть аналитики #1136,Топливная промышленность,Региональный,Федеральный округ,Высокая,86846,29,104844046,4.0,5,20,121721,2481,True,True,False,False,True,False,False,False,False,False,3
Система обработки #1137,Транспорт,Региональный,Один город,Высокая,123898,4,46028587,4.0,11,17,49901,1447,True,True,False,True,False,False,True,True,False,False,3
АСУ ТП аналитики #1138,Топливная промышленность,Федеральный,Один город,Высокая,417054,4,150793131,4.0,16,1,359786,1276,True,True,False,False,True,False,False,False,False,False,3
Сеть передачи #1139,Здравоохранение,Муниципальный,Субъект РФ,Низкая,29244,6,279164,48.0,9,8,4039,560,False,False,False,True,False,False,False,False,False,False,1
Система управления #1140,Топливная промышленность,Муниципальный,Субъект РФ,Высокая,40541,1,46082725,4.0,6,12,7644,706,True,True,False,False,True,False,False,False,False,False,2
Сервис передачи #1141,Наука,Региональный,Вся страна,Средняя,135734,75,681072,24.0,13,12,15875,1575,False,False,False,False,True,False,False,False,False,False,1
Платформа управления #1142,Здравоохранение,Муниципальный,Вся страна,Средняя,64939,71,27989120,72.0,4,11,30649,1998,False,False,True,True,False,False,False,False,False,True,3
Система передачи #1143,Транспорт,Региональный,Вся страна,Высокая,12796,85,472567011,12.0,6,14,12169,1752,True,True,True,True,False,False,True,True,False,False,3
АСУ ТП аналитики #1144,Государственное управление,Региональный,Субъект РФ,Средняя,225239,1,3084206,168.0,6,8,119767,1052,False,False,True,False,True,True,True,False,False,True,3
Портал хранения #1145,Оборонная промышленность,Региональный,Один город,Низкая,140695,3,188826,168.0,8,5,160329,3405,False,False,False,False,True,True,False,False,False,True,2
Портал мониторинга #1146,Банковская сфера,Федеральный,Один город,Средняя,387476,4,9460472,24.0,14,24,223885,3468,False,False,False,False,False,False,False,False,True,True,2
Платформа обработки #1147,Энергетика,Региональный,Один город,Низкая,142461,1,243603,24.0,11,15,106271,685,False,True,False,False,True,False,False,False,False,False,2
Система управления #1148,Энергетика,Муниципальный,Один город,Высокая,27127,3,414678352,24.0,6,7,7498,2024,True,True,False,False,True,False,False,False,False,False,2
Сервис управления #1149,Энергетика,Региональный,Федеральный округ,Критическая,72491,16,285016945,2.0,6,19,55576,3606,True,True,False,True,True,False,False,False,False,False,3
Портал хранения #1150,Транспорт,Объектовый,Один город,Высокая,451,2,46189162,8.0,3,4,284,69,True,True,False,True,False,False,True,True,False,False,2
АСУ ТП мониторинга #1151,Транспорт,Муниципальный,Один город,Низкая,6315,4,149480,72.0,7,15,8739,1478,True,True,False,True,False,False,True,True,False,False,2
Сеть мониторинга #1152,Топливная промышленность,Региональный,Субъект РФ,Средняя,313672,7,2476355,168.0,14,23,159585,3606,False,True,False,False,True,False,False,False,False,False,2
Платформа передачи #1153,Связь,Объектовый,Несколько муниципалитетов,Средняя,2592,4,178422,72.0,1,4,3140,664,False,False,False,False,False,False,False,False,True,False,0
АСУ ТП обработки #1154,Банковская сфера,Региональный,Вся страна,Средняя,17040,50,2512932,72.0,10,15,8490,2585,False,False,False,False,False,False,False,False,False,True,1
Система мониторинга #1155,Банковская сфера,Региональный,Вся страна,Низкая,246915,64,610726,48.0,3,17,361493,378,False,False,False,False,False,False,False,False,False,True,2
Система обработки #1156,Государственное управление,Муниципальный,Федеральный округ,Средняя,27318,23,3505904,24.0,1,7,7577,326,True,False,True,False,False,True,True,False,False,True,3
Портал аналитики #1157,Государственное управление,Объектовый,Субъект РФ,Низкая,1110,3,258121,72.0,3,6,617,233,False,False,True,False,False,True,True,False,False,False,1
АСУ ТП аналитики #1158,Топливная промышленность,Региональный,Несколько муниципалитетов,Средняя,198352,1,53298933,72.0,6,21,29233,2847,True,True,False,False,True,False,True,False,True,False,2
АСУ ТП хранения #1159,Банковская сфера,Объектовый,Несколько муниципалитетов,Низкая,3721,4,161183,48.0,3,4,1583,1346,False,False,False,False,True,False,False,False,False,True,0
ИС мониторинга #1160,Государственное управление,Федеральный,Субъект РФ,Средняя,570461,7,3619177,72.0,18,25,119532,2275,False,False,True,False,False,True,True,False,False,False,3
Платформа аналитики #1161,Банковская сфера,Муниципальный,Федеральный округ,Средняя,24272,16,572342,72.0,4,8,7691,1087,False,False,False,False,True,False,False,False,False,True,1
АСУ ТП управления #1162,Здравоохранение,Объектовый,Вся страна,Низкая,2451,73,39628,72.0,1,1,3409,752,True,True,False,True,False,False,False,False,False,False,2
Система управления #1163,Топливная промышленность,Региональный,Вся страна,Средняя,26334,73,5708548,48.0,11,6,37805,1419,False,True,False,False,True,False,False,False,False,False,1
Система управления #1164,Энергетика,Федеральный,Федеральный округ,Средняя,782337,29,231919,24.0,8,8,571486,3854,True,True,False,False,True,False,False,False,False,False,2
Платформа аналитики #1165,Государственное управление,Объектовый,Один город,Средняя,3429,1,1487128,24.0,3,3,4770,777,False,False,True,False,False,True,True,False,False,True,2
Сеть управления #1166,Банковская сфера,Муниципальный,Вся страна,Средняя,7173,72,8774939,168.0,5,9,5195,1083,False,False,True,False,False,False,False,False,False,True,1
Сервис мониторинга #1167,Наука,Муниципальный,Несколько муниципалитетов,Низкая,36273,2,180183,168.0,2,15,24744,2231,False,False,False,False,False,False,False,False,False,False,0
Система передачи #1168,Связь,Региональный,Вся страна,Средняя,258060,68,274655,168.0,11,23,90249,4125,False,False,False,False,True,False,False,False,True,False,1
Платформа мониторинга #1169,Энергетика,Объектовый,Вся страна,Средняя,2687,57,3672452,72.0,3,6,1904,694,True,True,False,False,True,False,False,False,False,False,1
АСУ ТП передачи #1170,Оборонная промышленность,Федеральный,Субъект РФ,Средняя,120372,6,1070156,72.0,8,5,165582,2011,False,False,False,False,False,True,False,False,False,True,2
Платформа передачи #1171,Топливная промышленность,Объектовый,Несколько муниципалитетов,Высокая,1454,2,98156548,4.0,2,5,363,431,True,True,False,False,True,False,False,False,False,False,1
ИС хранения #1172,Энергетика,Объектовый,Вся страна,Средняя,436,60,5284359,72.0,1,4,611,270,True,True,False,False,True,False,True,False,False,False,1
Система аналитики #1173,Связь,Объектовый,Один город,Критическая,4246,3,26493353,1.0,2,5,4830,130,True,False,False,True,False,False,False,False,True,False,2
АСУ ТП мониторинга #1174,Связь,Федеральный,Субъект РФ,Высокая,166950,8,9976421,12.0,8,11,73989,2767,True,False,True,False,False,False,False,True,True,True,2
Сервис передачи #1175,Транспорт,Региональный,Один город,Низкая,100220,3,105058,48.0,9,16,90575,2262,False,True,False,True,False,False,True,True,False,False,2
ИС аналитики #1176,Топливная промышленность,Региональный,Несколько муниципалитетов,Критическая,350867,1,63223388,0.5,9,20,257668,640,True,True,False,False,True,False,False,False,False,False,2
ИС обработки #1177,Связь,Региональный,Несколько муниципалитетов,Высокая,318490,2,648207838,12.0,6,16,464570,1795,True,False,False,False,False,False,False,True,True,False,2
Сеть хранения #1178,Связь,Региональный,Один город,Высокая,405814,2,142306566,4.0,15,13,501971,1788,True,True,False,False,False,False,False,False,True,False,3
Платформа управления #1179,Оборонная промышленность,Региональный,Несколько муниципалитетов,Средняя,102359,2,9072788,72.0,5,19,150049,3920,False,True,False,False,False,True,False,False,False,True,2
АСУ ТП передачи #1180,Транспорт,Региональный,Федеральный округ,Высокая,438292,28,120432414,24.0,12,14,257152,2711,True,True,False,True,False,False,True,True,False,False,3
АСУ ТП мониторинга #1181,Государственное управление,Федеральный,Один город,Критическая,906843,4,81550132,4.0,8,22,1285543,2553,True,False,True,True,False,True,True,False,False,True,3
Портал аналитики #1182,Топливная промышленность,Региональный,Один город,Низкая,384795,1,47622,168.0,5,24,227415,1271,False,True,False,False,True,False,False,False,True,False,1
Сеть аналитики #1183,Здравоохранение,Региональный,Один город,Низкая,253374,1,252101,24.0,14,14,244194,832,False,False,False,True,False,False,False,False,False,False,2
Сеть обработки #1184,Государственное управление,Объектовый,Субъект РФ,Высокая,2679,5,396216430,4.0,4,6,1496,399,True,True,True,False,False,True,True,False,False,True,3
Платформа управления #1185,Наука,Объектовый,Федеральный округ,Высокая,815,14,47076785,4.0,2,2,656,780,True,False,True,False,False,False,False,False,False,True,2
Система передачи #1186,Связь,Региональный,Вся страна,Высокая,51014,79,119323539,12.0,15,15,28476,2248,True,True,False,False,False,False,False,False,True,False,2
Платформа мониторинга #1187,Государственное управление,Региональный,Один город,Высокая,238301,3,21156315,8.0,14,10,100914,4418,True,False,True,False,False,True,True,False,False,True,3
Система обработки #1188,Транспорт,Муниципальный,Федеральный округ,Высокая,71552,12,9771927,12.0,7,3,47657,979,True,True,False,True,False,False,True,True,False,False,2
Система управления #1189,Наука,Региональный,Один город,Высокая,142843,3,976245708,4.0,7,14,166803,4738,True,False,False,False,False,False,False,True,False,False,3
Сервис управления #1190,Энергетика,Муниципальный,Субъект РФ,Высокая,36865,2,10337808,24.0,5,8,44978,1007,True,True,False,False,True,False,False,True,False,False,1
АСУ ТП мониторинга #1191,Здравоохранение,Федеральный,Несколько муниципалитетов,Критическая,1392721,3,3162931,1.0,14,26,215740,3149,True,True,False,True,False,True,False,True,False,True,3
Сеть мониторинга #1192,Наука,Федеральный,Федеральный округ,Средняя,474852,15,428946,24.0,7,17,216565,4498,False,False,False,False,False,False,True,False,False,False,2
АСУ ТП хранения #1193,Топливная промышленность,Муниципальный,Субъект РФ,Низкая,66797,8,466398,168.0,8,1,48878,780,False,True,False,False,True,False,False,False,False,False,1
Система мониторинга #1194,Связь,Региональный,Федеральный округ,Высокая,95334,13,665800231,12.0,5,9,94647,3945,True,False,False,False,False,False,False,False,True,False,2
Система аналитики #1195,Государственное управление,Региональный,Субъект РФ,Средняя,19208,4,3598517,24.0,13,26,27042,480,False,False,True,False,False,True,True,False,True,True,3
Сеть обработки #1196,Банковская сфера,Региональный,Один город,Высокая,168885,3,397802534,8.0,10,9,157299,2520,True,True,False,False,False,False,False,False,False,True,3
Портал хранения #1197,Оборонная промышленность,Объектовый,Вся страна,Высокая,2253,58,363556180,8.0,3,2,1712,75,True,False,False,False,True,True,False,False,False,True,2
Сеть хранения #1198,Государственное управление,Федеральный,Субъект РФ,Средняя,292088,9,3867932,168.0,12,12,341482,2370,False,False,True,False,False,True,True,False,False,True,3
ИС хранения #1199,Государственное управление,Федеральный,Один город,Средняя,1848720,1,3194803,168.0,14,21,2018776,3543,True,False,True,False,False,True,True,False,False,True,3
Сервис аналитики #1200,Транспорт,Муниципальный,Субъект РФ,Низкая,35925,1,112233,168.0,6,7,33364,1118,False,True,False,True,False,False,True,True,False,False,2
Система передачи #1201,Банковская сфера,Региональный,Вся страна,Низкая,382278,87,213514,24.0,5,8,270738,493,False,False,False,False,False,False,True,False,False,True,2
Система обработки #1202,Транспорт,Объектовый,Один город,Низкая,957,4,50447,168.0,3,4,628,235,True,True,False,True,False,False,True,True,False,False,2
ИС хранения #1203,Наука,Муниципальный,Вся страна,Низкая,69332,65,137866,24.0,5,7,15682,396,False,False,False,False,False,False,False,False,True,False,1
АСУ ТП аналитики #1204,Государственное управление,Муниципальный,Один город,Низкая,57219,1,437577,48.0,7,13,64178,1935,True,False,True,False,False,True,True,True,False,True,2
АСУ ТП хранения #1205,Топливная промышленность,Федеральный,Один город,Критическая,1066519,4,24423380,4.0,11,21,275943,814,True,True,False,True,True,True,False,False,True,True,3
Портал передачи #1206,Транспорт,Муниципальный,Субъект РФ,Низкая,32975,9,202448,168.0,4,11,14933,1804,False,True,False,True,False,False,True,True,False,False,2
Портал обработки #1207,Банковская сфера,Региональный,Несколько муниципалитетов,Высокая,270451,1,186483781,8.0,14,10,182403,244,True,False,False,False,False,False,True,False,False,True,2
Платформа управления #1208,Топливная промышленность,Федеральный,Несколько муниципалитетов,Высокая,647129,1,33412875,12.0,14,18,738656,923,True,True,False,False,True,False,False,False,False,False,2
Платформа передачи #1209,Здравоохранение,Региональный,Вся страна,Высокая,213076,67,328019359,8.0,9,17,138006,1169,True,False,False,True,False,False,False,False,False,False,3
Сервис хранения #1210,Банковская сфера,Федеральный,Субъект РФ,Средняя,209139,6,1165027,48.0,16,17,171232,3247,True,False,False,False,False,False,True,False,False,True,2
ИС обработки #1211,Наука,Объектовый,Субъект РФ,Высокая,2220,3,881138933,4.0,2,5,2886,1303,True,True,False,False,False,False,False,False,False,False,2
ИС мониторинга #1212,Банковская сфера,Федеральный,Федеральный округ,Критическая,489910,29,39100637,4.0,11,22,300515,235,True,True,False,False,False,True,False,False,False,True,3
ИС мониторинга #1213,Государственное управление,Муниципальный,Несколько муниципалитетов,Высокая,42625,1,32084726,8.0,3,4,6570,612,True,False,True,False,False,True,True,False,False,True,2
Сеть передачи #1214,Энергетика,Объектовый,Один город,Высокая,2884,3,26756634,8.0,3,5,965,659,True,True,False,False,True,False,False,False,False,False,1
Сеть обработки #1215,Государственное управление,Региональный,Федеральный округ,Средняя,200588,13,134003,24.0,11,16,258376,106,False,False,True,False,False,True,True,False,False,True,3
АСУ ТП мониторинга #1216,Наука,Муниципальный,Федеральный округ,Средняя,6618,19,1416224,24.0,7,9,3342,1608,False,False,False,False,False,False,False,False,False,False,0
АСУ ТП аналитики #1217,Государственное управление,Муниципальный,Один город,Средняя,9266,1,362949,48.0,4,7,8260,121,True,True,True,False,True,True,True,False,False,True,2
АСУ ТП мониторинга #1218,Здравоохранение,Региональный,Субъект РФ,Средняя,140652,9,1784479,24.0,10,15,144344,3475,True,False,False,True,False,False,False,True,False,False,3
Сервис хранения #1219,Банковская сфера,Региональный,Один город,Высокая,224442,2,12437503,8.0,8,18,59540,688,True,True,False,False,False,False,False,True,False,True,2
АСУ ТП управления #1220,Наука,Объектовый,Вся страна,Высокая,2047,82,21675946,4.0,3,5,2917,221,True,True,False,False,False,False,False,False,False,False,2
Система передачи #1221,Энергетика,Федеральный,Субъект РФ,Низкая,656586,8,99888,72.0,10,25,795888,1796,False,True,False,False,True,False,False,False,False,False,2
Платформа передачи #1222,Оборонная промышленность,Федеральный,Вся страна,Средняя,740552,55,922460,72.0,9,20,88888,4476,False,True,False,False,False,True,False,False,False,True,3
Система управления #1223,Энергетика,Объектовый,Федеральный округ,Средняя,1683,13,2443238,168.0,4,5,1374,64,False,True,False,False,True,False,False,False,False,False,0
Система передачи #1224,Оборонная промышленность,Муниципальный,Федеральный округ,Средняя,27000,12,15701506,48.0,5,4,15735,392,False,False,True,False,False,True,False,False,False,True,2
Платформа обработки #1225,Транспорт,Муниципальный,Субъект РФ,Низкая,11965,3,187103,24.0,3,14,6667,1380,False,True,False,True,False,False,True,True,False,False,2
Портал аналитики #1226,Энергетика,Региональный,Субъект РФ,Низкая,379780,2,108754,48.0,5,18,322706,2516,False,True,False,False,True,False,False,False,False,False,1
АСУ ТП аналитики #1227,Транспорт,Региональный,Несколько муниципалитетов,Средняя,367826,1,1032356,24.0,10,14,123055,2910,False,True,False,True,False,False,True,True,False,False,3
Платформа мониторинга #1228,Энергетика,Федеральный,Один город,Высокая,1251939,3,74111681,4.0,8,11,1356436,3293,True,True,False,False,True,False,False,False,False,False,3
Платформа передачи #1229,Наука,Региональный,Вся страна,Средняя,419476,59,1738898,72.0,13,16,346299,1189,False,True,True,False,False,False,True,False,False,True,3
Портал аналитики #1230,Наука,Региональный,Один город,Средняя,291249,4,12290685,168.0,6,23,389732,723,False,False,False,False,False,False,False,False,False,False,1
Портал управления #1231,Связь,Объектовый,Федеральный округ,Средняя,1982,25,6316454,168.0,3,6,2304,967,False,False,False,False,False,False,False,False,True,False,0
ИС хранения #1232,Топливная промышленность,Объектовый,Несколько муниципалитетов,Средняя,2757,4,16006615,24.0,3,8,1692,55,False,True,False,False,True,False,False,False,False,False,1
Портал мониторинга #1233,Энергетика,Региональный,Федеральный округ,Низкая,372719,18,282945,48.0,15,5,207616,2037,True,True,False,False,True,False,False,False,False,False,2
Система обработки #1234,Государственное управление,Муниципальный,Вся страна,Средняя,12577,57,30267786,48.0,6,9,16990,853,False,True,True,False,False,True,True,True,False,False,3
Система управления #1235,Связь,Объектовый,Федеральный округ,Средняя,844,19,8104361,72.0,2,5,469,401,False,False,False,False,False,False,False,False,True,False,0
Платформа обработки #1236,Транспорт,Региональный,Вся страна,Средняя,172348,64,17025581,48.0,4,10,154293,2003,False,True,False,True,False,False,True,True,False,False,3
ИС аналитики #1237,Связь,Федеральный,Несколько муниципалитетов,Средняя,91336,1,530431,168.0,11,5,44449,4283,True,False,False,False,False,False,False,False,True,False,1
Сервис обработки #1238,Связь,Региональный,Один город,Высокая,153531,3,113280365,8.0,10,17,178553,1061,True,True,False,False,False,False,False,False,True,False,2
Сеть обработки #1239,Банковская сфера,Региональный,Вся страна,Низкая,200343,71,182101,48.0,8,21,251398,1831,False,True,False,False,False,False,False,False,False,True,2
Платформа обработки #1240,Связь,Муниципальный,Вся страна,Высокая,23130,66,87315904,4.0,1,12,3266,1696,True,False,False,False,False,False,False,False,True,False,2
Платформа мониторинга #1241,Банковская сфера,Региональный,Федеральный округ,Средняя,448196,29,430385,48.0,7,17,404180,1711,False,True,False,False,False,False,False,False,False,True,2
Сеть передачи #1242,Здравоохранение,Муниципальный,Один город,Низкая,5624,3,57792,168.0,6,6,4973,273,False,False,False,True,False,False,False,False,False,False,1
Сеть обработки #1243,Государственное управление,Муниципальный,Вся страна,Низкая,30330,60,52184,72.0,5,7,30397,349,False,True,True,False,False,True,True,False,False,True,3
Сервис обработки #1244,Государственное управление,Объектовый,Несколько муниципалитетов,Высокая,2792,2,42409818,12.0,2,7,3490,511,True,False,True,False,False,True,True,False,False,False,2
Система хранения #1245,Оборонная промышленность,Объектовый,Несколько муниципалитетов,Средняя,1105,3,1314423,24.0,3,10,841,481,True,False,False,False,False,False,False,False,False,True,1
АСУ ТП аналитики #1246,Связь,Региональный,Один город,Критическая,238755,2,80106515,4.0,13,4,269637,318,True,False,False,True,False,False,False,False,True,False,3
АСУ ТП обработки #1247,Связь,Региональный,Один город,Средняя,150517,4,327651,168.0,4,13,217145,4004,False,False,False,False,False,False,True,False,True,False,1
Система аналитики #1248,Топливная промышленность,Объектовый,Один город,Высокая,1064,3,2225304,8.0,3,1,861,850,True,True,False,False,True,False,False,False,False,False,1
ИС передачи #1249,Государственное управление,Объектовый,Один город,Высокая,720,1,186306038,24.0,4,2,389,1059,True,True,True,False,False,True,True,False,False,True,3
Платформа управления #1250,Связь,Объектовый,Несколько муниципалитетов,Высокая,2560,1,7072834,4.0,4,8,1311,76,True,False,False,False,False,False,False,False,True,False,1
Сервис мониторинга #1251,Государственное управление,Региональный,Субъект РФ,Средняя,294392,1,896239,48.0,10,21,182905,1350,False,False,True,False,False,False,True,False,False,True,2
Портал мониторинга #1252,Государственное управление,Региональный,Несколько муниципалитетов,Высокая,329227,4,111631428,4.0,8,19,90551,1872,True,False,True,False,False,True,True,False,False,False,3
АСУ ТП обработки #1253,Энергетика,Муниципальный,Федеральный округ,Средняя,74364,22,5539484,24.0,6,4,41176,2853,True,True,False,False,True,False,False,True,False,False,1
Платформа передачи #1254,Наука,Региональный,Вся страна,Критическая,113628,55,54816616,0.5,21,10,19832,689,True,False,False,True,False,False,False,False,False,False,3
Сервис мониторинга #1255,Государственное управление,Региональный,Федеральный округ,Высокая,191701,21,19002159,24.0,5,13,28983,2573,True,False,True,False,False,False,True,True,False,True,3
Сервис обработки #1256,Наука,Региональный,Вся страна,Средняя,142980,72,2870504,24.0,7,27,138445,688,False,False,False,False,False,False,False,True,False,False,2
Сеть мониторинга #1257,Наука,Муниципальный,Вся страна,Средняя,17063,76,2921838,168.0,4,14,3445,672,False,False,False,False,False,False,False,False,False,False,1
Сервис передачи #1258,Банковская сфера,Региональный,Несколько муниципалитетов,Средняя,41473,1,4883970,72.0,10,19,55002,358,False,False,False,False,False,False,False,False,False,True,1
Сеть управления #1259,Энергетика,Муниципальный,Несколько муниципалитетов,Критическая,45566,3,26518637,4.0,4,9,17553,822,True,True,False,False,True,False,False,False,False,False,1
Система хранения #1260,Наука,Региональный,Вся страна,Высокая,59090,53,48186696,8.0,9,12,12319,200,True,False,False,False,False,False,False,False,False,False,2
Платформа аналитики #1261,Энергетика,Муниципальный,Субъект РФ,Средняя,27023,6,3644727,24.0,2,6,13873,2048,False,True,False,False,True,False,False,True,False,False,1
Сеть хранения #1262,Государственное управление,Федеральный,Федеральный округ,Средняя,1004181,29,1441948,24.0,9,32,1203697,2763,True,True,True,False,False,True,True,False,False,True,3
Платформа обработки #1263,Здравоохранение,Объектовый,Один город,Низкая,530,1,17136,72.0,1,3,394,253,False,False,False,True,False,False,False,False,False,False,1
Портал аналитики #1264,Наука,Региональный,Субъект РФ,Высокая,186617,6,172147363,12.0,12,19,83712,1381,True,False,False,False,False,False,False,False,False,False,2
ИС управления #1265,Связь,Муниципальный,Федеральный округ,Средняя,31371,17,977111,24.0,9,9,26510,148,False,True,True,False,False,False,False,False,True,True,2
АСУ ТП аналитики #1266,Транспорт,Региональный,Субъект РФ,Высокая,470326,9,104873960,8.0,8,19,392938,3112,True,True,False,True,False,False,True,True,False,False,3
АСУ ТП управления #1267,Связь,Муниципальный,Федеральный округ,Низкая,21699,14,256367,24.0,5,6,29362,1821,False,False,False,False,False,False,False,False,True,False,0
Портал обработки #1268,Здравоохранение,Региональный,Субъект РФ,Низкая,305854,7,178096,168.0,8,10,456242,176,False,False,False,True,False,False,False,False,True,False,2
Сервис хранения #1269,Транспорт,Региональный,Федеральный округ,Средняя,39897,28,5404840,168.0,11,13,38138,326,False,True,True,True,False,False,True,True,False,True,3
Сеть хранения #1270,Топливная промышленность,Региональный,Федеральный округ,Высокая,322008,14,852413908,24.0,8,17,420402,1464,True,True,False,False,True,False,False,False,False,False,3
Сервис мониторинга #1271,Транспорт,Региональный,Несколько муниципалитетов,Высокая,131804,1,25962717,12.0,6,15,97222,1394,True,True,False,True,False,False,True,True,False,False,3
Портал передачи #1272,Транспорт,Региональный,Вся страна,Средняя,193438,75,5512334,168.0,11,13,241584,2023,False,True,True,True,False,False,True,True,False,True,3
Система управления #1273,Транспорт,Объектовый,Вся страна,Высокая,735,78,44210752,4.0,1,4,845,454,True,True,False,True,False,False,True,True,False,False,3
АСУ ТП передачи #1274,Наука,Федеральный,Федеральный округ,Средняя,470852,10,836951,24.0,8,5,572806,631,False,False,False,False,False,False,False,False,False,False,2
Сеть хранения #1275,Государственное управление,Муниципальный,Один город,Критическая,33229,3,217041135,4.0,2,7,34496,978,True,False,True,False,False,True,True,False,False,False,3
Портал хранения #1276,Банковская сфера,Муниципальный,Вся страна,Высокая,25236,83,637308622,4.0,6,12,4640,1440,True,False,False,False,False,False,False,False,False,True,3
Сеть мониторинга #1277,Здравоохранение,Муниципальный,Один город,Критическая,74514,1,39893872,4.0,9,12,46880,2375,True,False,False,True,False,False,False,False,False,False,2
АСУ ТП обработки #1278,Наука,Муниципальный,Один город,Высокая,52012,3,599757763,8.0,2,14,19487,1510,True,False,False,False,False,False,False,False,False,False,2
ИС передачи #1279,Энергетика,Региональный,Несколько муниципалитетов,Высокая,53508,2,55898689,12.0,12,21,16408,985,True,True,True,False,True,False,False,False,False,True,2
Платформа хранения #1280,Наука,Федеральный,Субъект РФ,Низкая,1174169,8,60342,72.0,19,6,1388365,537,False,False,False,False,False,False,False,False,False,False,2
Платформа мониторинга #1281,Энергетика,Федеральный,Субъект РФ,Низкая,395555,8,96258,24.0,13,22,441121,818,False,True,False,False,True,False,False,False,False,False,2
ИС аналитики #1282,Государственное управление,Муниципальный,Несколько муниципалитетов,Низкая,16834,2,125524,72.0,7,11,23153,192,False,True,True,False,False,True,True,False,False,True,3
АСУ ТП управления #1283,Связь,Муниципальный,Вся страна,Критическая,40553,65,102586870,1.0,7,1,43832,1206,True,True,False,True,False,False,False,False,True,False,3
Сервис хранения #1284,Оборонная промышленность,Муниципальный,Один город,Средняя,33966,3,6815652,48.0,4,14,50732,2563,False,False,False,False,False,True,False,False,True,True,1
ИС управления #1285,Оборонная промышленность,Региональный,Субъект РФ,Высокая,44820,3,10661991,12.0,6,17,41111,1062,True,False,False,False,False,False,False,False,False,True,2
Система передачи #1286,Наука,Региональный,Вся страна,Низкая,87238,79,216645,48.0,12,8,94213,535,False,False,False,False,False,False,False,False,False,False,1
Сервис управления #1287,Связь,Региональный,Вся страна,Средняя,210458,78,802257,48.0,12,16,306273,1217,False,False,False,False,False,False,False,False,True,False,1
АСУ ТП хранения #1288,Оборонная промышленность,Региональный,Несколько муниципалитетов,Средняя,62793,3,3322526,168.0,4,4,84903,220,True,False,False,False,False,True,False,False,False,True,2
Сеть хранения #1289,Транспорт,Региональный,Несколько муниципалитетов,Низкая,88952,3,194002,72.0,9,22,59887,1940,False,True,False,True,False,False,True,True,False,False,2
Сервис передачи #1290,Топливная промышленность,Региональный,Один город,Критическая,52346,1,89651554,2.0,7,1,30088,139,True,True,False,True,True,False,False,False,False,False,3
АСУ ТП мониторинга #1291,Топливная промышленность,Региональный,Субъект РФ,Средняя,72028,3,7314862,24.0,4,18,22773,198,False,True,False,False,True,False,False,True,False,False,1
Платформа хранения #1292,Связь,Федеральный,Субъект РФ,Средняя,308811,9,2428698,72.0,13,20,180051,3316,False,True,False,False,False,False,True,False,True,False,2
Портал хранения #1293,Транспорт,Региональный,Вся страна,Высокая,291809,79,90891142,24.0,6,13,343444,465,True,True,False,True,False,False,True,True,False,False,3
Портал аналитики #1294,Наука,Федеральный,Вся страна,Высокая,1256306,59,268366206,4.0,14,19,1320559,5803,True,False,False,False,False,False,False,False,False,False,3
АСУ ТП мониторинга #1295,Наука,Объектовый,Субъект РФ,Критическая,3778,9,122200439,0.5,2,3,5436,462,True,False,False,False,False,False,False,False,False,False,1
Портал управления #1296,Государственное управление,Муниципальный,Вся страна,Высокая,23566,50,276887839,24.0,8,8,20262,50,True,True,True,False,False,False,True,False,False,True,3
Портал мониторинга #1297,Здравоохранение,Региональный,Вся страна,Высокая,31696,55,69191854,12.0,5,5,31469,477,True,False,False,True,False,False,False,False,False,False,2
Сеть передачи #1298,Государственное управление,Муниципальный,Федеральный округ,Высокая,11559,13,41464213,4.0,4,12,3720,166,True,False,True,False,False,True,True,False,False,True,3
Портал управления #1299,Государственное управление,Региональный,Один город,Высокая,246102,1,10934069,12.0,9,18,84965,3174,True,False,True,False,False,True,True,False,False,True,3
Система аналитики #1300,Энергетика,Региональный,Один город,Высокая,91666,1,33115364,8.0,8,25,100106,1221,True,True,False,False,True,False,False,False,False,False,2
ИС мониторинга #1301,Оборонная промышленность,Объектовый,Один город,Средняя,1796,1,1850412,168.0,3,5,1116,375,False,False,True,False,False,False,False,False,False,True,1
АСУ ТП аналитики #1302,Транспорт,Муниципальный,Несколько муниципалитетов,Средняя,5165,1,1566838,168.0,5,10,4430,2146,False,True,False,True,False,False,True,True,False,False,1
АСУ ТП мониторинга #1303,Энергетика,Региональный,Вся страна,Средняя,96617,63,10067217,24.0,7,16,138591,1042,False,True,False,False,True,False,False,False,True,False,2
ИС обработки #1304,Транспорт,Объектовый,Несколько муниципалитетов,Средняя,1919,3,18937997,48.0,2,3,1721,1452,True,True,False,True,False,False,True,True,False,False,2
Система обработки #1305,Банковская сфера,Федеральный,Федеральный округ,Высокая,1743731,10,30516007,24.0,10,12,490717,1298,True,False,False,False,False,False,True,False,False,True,3
ИС хранения #1306,Наука,Муниципальный,Один город,Средняя,15167,2,6967839,48.0,8,6,14414,69,True,False,False,False,False,False,False,False,False,False,0
Портал обработки #1307,Государственное управление,Муниципальный,Субъект РФ,Высокая,6147,3,97325485,4.0,5,11,4588,2921,True,False,True,False,False,True,True,False,False,True,3
Сервис управления #1308,Здравоохранение,Федеральный,Вся страна,Средняя,1074675,74,6355065,24.0,6,14,1342036,3209,False,True,True,True,False,False,False,False,False,True,3
Сервис мониторинга #1309,Связь,Объектовый,Несколько муниципалитетов,Высокая,1454,3,57505571,8.0,1,3,1686,920,True,False,False,False,False,False,False,False,True,False,0
ИС хранения #1310,Государственное управление,Региональный,Несколько муниципалитетов,Высокая,92325,1,851599302,24.0,9,10,74175,1472,True,False,True,False,False,True,True,False,False,True,3
Сеть хранения #1311,Банковская сфера,Объектовый,Федеральный округ,Средняя,2032,26,2793079,24.0,2,2,718,564,False,False,False,False,False,False,False,False,False,True,1
ИС мониторинга #1312,Энергетика,Муниципальный,Несколько муниципалитетов,Критическая,37353,2,124645003,0.5,8,10,46145,164,True,True,False,True,True,False,False,False,False,False,3
Сеть передачи #1313,Здравоохранение,Объектовый,Федеральный округ,Средняя,2397,11,578626,72.0,3,4,1100,526,False,False,False,True,False,False,True,False,False,False,1
Система передачи #1314,Здравоохранение,Муниципальный,Субъект РФ,Высокая,61780,4,163815969,4.0,6,15,43403,536,True,False,False,True,False,False,False,False,False,False,3
ИС обработки #1315,Оборонная промышленность,Объектовый,Федеральный округ,Высокая,1159,15,31226400,4.0,4,3,450,1230,True,False,False,False,False,True,False,False,False,True,2
Сеть мониторинга #1316,Связь,Объектовый,Один город,Высокая,1643,1,11615520,12.0,4,5,546,1147,True,False,True,False,False,False,False,True,True,True,1
Сеть обработки #1317,Банковская сфера,Региональный,Вся страна,Низкая,364490,74,169395,72.0,3,13,325922,520,False,False,False,False,True,False,False,False,False,True,2
Портал передачи #1318,Энергетика,Муниципальный,Субъект РФ,Средняя,78493,5,11197815,48.0,8,16,102341,32,True,True,False,False,True,False,False,False,True,False,1
ИС хранения #1319,Наука,Объектовый,Несколько муниципалитетов,Средняя,3746,4,2042182,24.0,3,3,3942,391,True,False,False,False,False,False,False,False,True,False,0
АСУ ТП хранения #1320,Связь,Федеральный,Федеральный округ,Высокая,300233,17,918757730,12.0,8,7,364955,737,True,False,False,False,False,False,False,False,True,False,3
Портал обработки #1321,Топливная промышленность,Региональный,Вся страна,Высокая,163761,82,24288536,4.0,7,10,141277,3034,True,True,False,False,True,False,False,False,True,False,3
АСУ ТП обработки #1322,Топливная промышленность,Региональный,Вся страна,Низкая,78032,54,85025,168.0,7,15,48410,1455,False,True,False,False,True,False,False,False,False,False,1
ИС хранения #1323,Оборонная промышленность,Объектовый,Вся страна,Средняя,1013,59,3188217,48.0,3,2,563,257,True,False,False,False,False,False,False,False,False,True,1
ИС аналитики #1324,Оборонная промышленность,Объектовый,Федеральный округ,Высокая,1259,13,409202854,8.0,4,2,580,1224,True,False,False,False,False,False,False,False,False,True,1
Система аналитики #1325,Энергетика,Федеральный,Один город,Низкая,1647461,3,21792,168.0,8,8,681520,4132,True,True,False,False,True,False,False,False,False,False,2
АСУ ТП аналитики #1326,Оборонная промышленность,Объектовый,Несколько муниципалитетов,Высокая,835,2,317852967,24.0,3,4,875,844,True,False,False,False,False,True,False,False,False,True,2
Сервис обработки #1327,Наука,Объектовый,Один город,Высокая,652,2,122597261,8.0,2,7,787,170,True,False,False,False,False,False,True,False,False,False,1
Сервис хранения #1328,Наука,Муниципальный,Вся страна,Средняя,3946,87,1303568,24.0,6,6,3944,2662,False,False,False,False,False,False,False,False,False,False,1
АСУ ТП обработки #1329,Связь,Муниципальный,Один город,Высокая,44708,2,32917742,4.0,4,12,46692,1965,True,False,True,False,False,False,False,False,True,True,2
АСУ ТП хранения #1330,Государственное управление,Объектовый,Субъект РФ,Средняя,2867,2,4845516,48.0,1,4,3659,316,False,True,True,False,False,False,True,False,False,True,1
Сеть аналитики #1331,Банковская сфера,Региональный,Несколько муниципалитетов,Высокая,138832,1,46393770,12.0,15,21,127489,302,True,False,False,False,False,False,False,False,False,True,2
Портал управления #1332,Оборонная промышленность,Муниципальный,Несколько муниципалитетов,Высокая,13944,2,219111291,24.0,9,6,2045,809,True,False,False,False,False,True,False,False,False,True,2
Система обработки #1333,Связь,Муниципальный,Один город,Критическая,74975,4,666786655,0.5,7,14,49726,79,True,False,False,False,False,False,False,False,True,False,2
Система хранения #1334,Наука,Федеральный,Субъект РФ,Низкая,359213,3,35517,168.0,8,33,315131,969,True,False,False,False,False,False,False,False,False,False,1
Система мониторинга #1335,Банковская сфера,Объектовый,Несколько муниципалитетов,Средняя,1530,1,7981169,72.0,3,1,569,727,False,False,False,False,False,False,False,False,False,True,0
ИС передачи #1336,Здравоохранение,Региональный,Субъект РФ,Высокая,233632,1,458074995,12.0,8,8,168890,2002,True,False,False,True,True,False,True,False,False,False,3
Система обработки #1337,Энергетика,Региональный,Один город,Низкая,97912,1,83751,24.0,13,13,56559,1902,False,True,False,False,True,False,False,False,False,False,1
Сервис мониторинга #1338,Оборонная промышленность,Муниципальный,Вся страна,Критическая,4583,79,473817273,2.0,3,14,6139,509,True,False,False,True,False,True,False,False,False,True,3
Платформа мониторинга #1339,Энергетика,Муниципальный,Субъект РФ,Средняя,37389,9,2426007,168.0,7,8,20696,1649,False,True,False,False,True,False,True,False,False,False,1
Портал аналитики #1340,Энергетика,Муниципальный,Вся страна,Высокая,49878,76,534519286,4.0,8,8,11220,556,True,True,False,False,True,False,False,False,False,False,3
Портал передачи #1341,Государственное управление,Объектовый,Один город,Средняя,1850,4,1593980,72.0,2,8,2036,62,False,False,True,False,False,True,True,False,False,True,2
Платформа передачи #1342,Здравоохранение,Объектовый,Субъект РФ,Высокая,2524,8,8910014,12.0,3,6,3006,847,True,False,False,True,False,False,True,False,False,False,2
Платформа аналитики #1343,Банковская сфера,Объектовый,Федеральный округ,Средняя,3067,11,3082521,24.0,2,4,3706,461,False,False,False,False,False,False,False,False,False,False,0
Платформа аналитики #1344,Здравоохранение,Федеральный,Один город,Критическая,391877,1,39647360,4.0,12,37,534699,5049,True,False,False,True,False,True,False,False,False,True,3
Система мониторинга #1345,Оборонная промышленность,Федеральный,Несколько муниципалитетов,Высокая,729837,2,17755593,4.0,14,1,885346,3975,True,False,False,False,False,True,False,False,True,True,3
Сеть управления #1346,Транспорт,Региональный,Федеральный округ,Средняя,222947,27,5183567,72.0,10,15,232858,1060,False,True,False,True,False,False,True,True,False,False,3
Сеть обработки #1347,Оборонная промышленность,Федеральный,Субъект РФ,Средняя,772274,8,1619286,72.0,19,17,480751,4525,False,False,False,False,False,True,False,True,False,True,3
АСУ ТП хранения #1348,Связь,Региональный,Один город,Средняя,164856,4,2310687,72.0,10,3,75932,886,False,True,False,False,False,False,True,False,True,False,1
АСУ ТП обработки #1349,Транспорт,Муниципальный,Субъект РФ,Средняя,7394,3,1274398,48.0,3,11,4572,367,False,True,False,True,False,False,True,True,False,False,2
Сеть хранения #1350,Оборонная промышленность,Объектовый,Субъект РФ,Низкая,1290,2,346453,48.0,3,4,521,673,False,True,False,False,False,True,False,False,False,True,1
ИС управления #1351,Банковская сфера,Федеральный,Один город,Высокая,539415,1,47863751,4.0,9,1,554201,1316,True,False,False,False,False,False,False,False,False,True,3
Портал обработки #1352,Оборонная промышленность,Региональный,Несколько муниципалитетов,Низкая,64267,3,156617,24.0,10,19,85686,971,False,False,False,False,True,False,False,False,False,True,1
Платформа хранения #1353,Топливная промышленность,Федеральный,Федеральный округ,Высокая,1068852,29,52858677,12.0,12,24,318411,1544,True,True,True,False,True,False,False,False,False,True,3
ИС обработки #1354,Банковская сфера,Объектовый,Несколько муниципалитетов,Средняя,2003,1,4200243,24.0,2,1,1720,869,False,False,False,False,False,False,False,False,False,True,0
Сеть мониторинга #1355,Связь,Объектовый,Вся страна,Высокая,2896,53,80032898,24.0,4,5,3640,808,True,True,False,False,False,False,False,False,True,False,1
Платформа аналитики #1356,Наука,Федеральный,Несколько муниципалитетов,Средняя,545007,2,3218940,72.0,7,13,301942,3821,False,False,False,False,True,False,False,False,False,False,1
Система хранения #1357,Банковская сфера,Муниципальный,Один город,Средняя,16110,4,4079098,48.0,5,9,5736,1865,False,False,False,False,False,False,True,True,False,True,1
Портал аналитики #1358,Связь,Объектовый,Субъект РФ,Высокая,3096,7,424225840,8.0,1,2,1088,997,True,False,True,False,False,False,False,False,True,True,2
Платформа обработки #1359,Связь,Региональный,Несколько муниципалитетов,Низкая,135536,1,277166,168.0,9,14,39065,1251,False,False,False,False,False,False,False,False,True,False,1
Сервис управления #1360,Государственное управление,Муниципальный,Несколько муниципалитетов,Средняя,4924,1,8212809,48.0,3,15,3327,2387,False,False,True,False,False,True,True,False,False,True,2
Сервис хранения #1361,Энергетика,Муниципальный,Субъект РФ,Низкая,54960,7,103339,24.0,6,5,81563,148,False,True,False,False,True,False,False,False,True,False,1
Система мониторинга #1362,Топливная промышленность,Муниципальный,Один город,Средняя,77579,2,1227785,24.0,6,9,50285,1560,False,True,False,False,True,False,True,True,False,False,1
ИС управления #1363,Оборонная промышленность,Муниципальный,Вся страна,Высокая,31968,67,67174234,12.0,7,8,19833,2243,True,False,True,False,False,True,False,False,False,True,3
Портал аналитики #1364,Наука,Муниципальный,Федеральный округ,Высокая,45088,27,5444945,12.0,7,18,39166,475,True,False,True,False,False,False,False,False,False,True,2
Платформа управления #1365,Банковская сфера,Объектовый,Один город,Критическая,2752,3,111454315,2.0,3,5,487,305,True,False,False,True,False,False,False,False,False,True,3
ИС мониторинга #1366,Топливная промышленность,Объектовый,Федеральный округ,Средняя,1144,17,1489069,168.0,3,6,307,289,False,True,False,False,True,False,False,False,False,False,0
Сеть обработки #1367,Топливная промышленность,Региональный,Федеральный округ,Высокая,207072,23,2349270,12.0,8,26,220885,2562,True,True,False,False,True,False,False,False,False,False,2
Сеть передачи #1368,Государственное управление,Федеральный,Субъект РФ,Высокая,608769,3,396082050,4.0,15,9,366436,2280,True,False,True,False,False,True,True,False,False,False,3
Сервис передачи #1369,Связь,Федеральный,Субъект РФ,Низкая,348143,9,250139,72.0,1,19,151093,3430,False,False,True,False,False,False,True,False,True,True,2
АСУ ТП мониторинга #1370,Транспорт,Региональный,Субъект РФ,Высокая,75914,9,24863676,8.0,17,23,45593,2247,True,True,False,True,False,False,True,True,False,False,3
Сеть хранения #1371,Государственное управление,Муниципальный,Субъект РФ,Высокая,6873,6,70121482,8.0,6,15,7508,370,True,True,True,False,False,True,True,False,False,False,3
Сеть обработки #1372,Энергетика,Объектовый,Несколько муниципалитетов,Высокая,3097,3,33237010,24.0,4,6,4191,813,True,True,False,False,True,False,False,False,False,False,1
Система мониторинга #1373,Оборонная промышленность,Региональный,Субъект РФ,Средняя,149105,7,13343655,168.0,10,8,83245,1120,False,False,False,False,False,True,False,False,False,True,2
Сервис аналитики #1374,Транспорт,Муниципальный,Субъект РФ,Низкая,44643,1,420122,48.0,8,10,65374,2650,False,True,True,True,False,False,True,True,True,True,3
Система аналитики #1375,Связь,Региональный,Субъект РФ,Высокая,374951,3,56614983,12.0,4,11,391036,4128,True,False,False,False,False,False,False,False,True,False,1
ИС передачи #1376,Банковская сфера,Объектовый,Субъект РФ,Средняя,1700,8,2878087,48.0,3,6,2456,913,True,False,False,False,False,False,False,True,False,True,1
АСУ ТП хранения #1377,Транспорт,Региональный,Несколько муниципалитетов,Средняя,131418,2,453786,168.0,7,19,121547,978,True,True,False,True,True,False,True,True,False,False,3
Сеть хранения #1378,Оборонная промышленность,Региональный,Вся страна,Критическая,228986,64,245666899,4.0,12,13,30344,721,True,False,False,True,False,True,False,False,False,True,3
АСУ ТП передачи #1379,Банковская сфера,Объектовый,Федеральный округ,Высокая,1977,25,256563471,12.0,3,7,912,894,True,False,False,False,False,False,False,False,False,True,2
Сеть хранения #1380,Топливная промышленность,Федеральный,Федеральный округ,Низкая,361828,26,58013,48.0,14,18,493594,799,True,True,False,False,True,False,False,False,False,False,2
Система управления #1381,Государственное управление,Региональный,Субъект РФ,Средняя,57350,1,594913,48.0,5,19,62151,1124,False,False,True,False,False,True,True,False,False,True,2
Сервис передачи #1382,Здравоохранение,Региональный,Федеральный округ,Средняя,62313,20,6354046,72.0,3,15,15962,2458,False,True,False,True,False,False,False,False,False,False,2
АСУ ТП хранения #1383,Оборонная промышленность,Объектовый,Несколько муниципалитетов,Средняя,1782,3,1527951,72.0,1,8,2524,378,False,False,False,False,False,True,False,False,False,True,1
Платформа управления #1384,Государственное управление,Муниципальный,Несколько муниципалитетов,Критическая,24234,3,252064241,2.0,6,9,16874,1863,True,False,True,True,False,True,True,True,False,True,3
АСУ ТП хранения #1385,Государственное управление,Региональный,Вся страна,Высокая,317370,71,401107058,12.0,10,7,329506,2015,True,False,True,False,False,False,True,False,False,True,3
Портал управления #1386,Оборонная промышленность,Региональный,Один город,Средняя,76497,2,6554322,72.0,9,11,74612,277,False,False,False,False,False,True,False,False,False,False,1
Сервис аналитики #1387,Здравоохранение,Объектовый,Субъект РФ,Высокая,953,7,9008727,24.0,4,4,538,268,True,False,False,True,False,False,False,False,False,False,1
АСУ ТП мониторинга #1388,Энергетика,Региональный,Один город,Средняя,152290,1,3829526,48.0,1,17,31568,1858,False,True,False,False,True,False,False,False,False,False,1
ИС мониторинга #1389,Государственное управление,Региональный,Вся страна,Средняя,309146,85,26413318,72.0,12,13,287924,814,False,False,True,False,False,True,True,False,False,True,3
Портал управления #1390,Энергетика,Региональный,Несколько муниципалитетов,Критическая,90240,1,72096443,2.0,10,25,117166,966,True,True,False,True,True,False,False,False,False,False,3
АСУ ТП мониторинга #1391,Энергетика,Муниципальный,Один город,Средняя,49716,3,11835608,168.0,6,13,58518,1979,True,True,False,False,True,False,False,True,True,False,1
Портал передачи #1392,Транспорт,Объектовый,Вся страна,Низкая,2019,58,153354,72.0,2,1,2586,313,False,True,False,True,False,False,True,True,False,False,2
Портал аналитики #1393,Государственное управление,Объектовый,Субъект РФ,Высокая,4349,7,965368109,24.0,5,4,4918,152,True,False,True,False,False,False,True,False,False,True,2
Система передачи #1394,Оборонная промышленность,Региональный,Субъект РФ,Средняя,266088,7,21355434,168.0,13,9,109373,75,False,False,False,False,False,True,False,False,False,True,2
Система передачи #1395,Здравоохранение,Муниципальный,Один город,Высокая,61826,4,1042423763,12.0,6,12,79514,1866,True,True,False,True,False,False,False,False,False,False,3
АСУ ТП аналитики #1396,Банковская сфера,Региональный,Федеральный округ,Критическая,371921,10,7985698,2.0,10,8,446972,2543,True,False,True,False,False,False,False,False,False,True,3
Платформа хранения #1397,Энергетика,Региональный,Федеральный округ,Средняя,157549,12,6283190,72.0,10,21,211372,640,False,True,False,False,True,False,False,False,False,False,2
Платформа передачи #1398,Транспорт,Муниципальный,Несколько муниципалитетов,Средняя,43163,1,9337089,48.0,1,7,44544,128,False,True,False,True,False,False,True,True,False,False,2
Система управления #1399,Банковская сфера,Федеральный,Вся страна,Низкая,783479,72,172482,48.0,6,19,355694,504,False,False,True,False,False,False,False,False,False,True,2
Сервис обработки #1400,Здравоохранение,Объектовый,Субъект РФ,Средняя,2068,2,1493624,72.0,4,3,2863,1285,True,False,False,True,False,False,False,False,False,False,1
Портал мониторинга #1401,Государственное управление,Муниципальный,Федеральный округ,Высокая,8819,22,175316396,12.0,5,14,1052,927,True,False,True,False,False,True,True,False,False,True,3
Сеть мониторинга #1402,Наука,Муниципальный,Федеральный округ,Средняя,62048,23,15234463,168.0,8,12,72310,727,False,False,False,False,False,False,False,True,False,False,1
Сервис обработки #1403,Государственное управление,Региональный,Один город,Низкая,221586,1,157989,72.0,12,12,153364,1867,False,False,True,False,False,True,True,False,True,True,3
Портал управления #1404,Здравоохранение,Региональный,Вся страна,Низкая,27357,73,391243,48.0,5,8,21520,541,False,False,False,True,False,False,False,True,False,False,2
Портал хранения #1405,Оборонная промышленность,Муниципальный,Один город,Средняя,36970,2,2815495,72.0,3,7,16699,1594,True,False,False,False,False,True,True,False,False,True,2
Платформа хранения #1406,Энергетика,Объектовый,Один город,Средняя,3708,3,4296471,24.0,3,6,5157,1188,False,True,False,False,True,False,True,False,False,False,1
Система управления #1407,Топливная промышленность,Муниципальный,Федеральный округ,Средняя,13402,26,627827,24.0,8,17,11626,1593,False,True,True,False,True,False,False,False,False,True,2
ИС мониторинга #1408,Государственное управление,Региональный,Один город,Средняя,64273,3,3069757,24.0,9,9,46326,637,True,False,True,False,False,False,True,True,False,True,2
Система управления #1409,Здравоохранение,Региональный,Несколько муниципалитетов,Высокая,154135,2,110645983,8.0,9,7,176677,494,True,False,False,True,False,False,False,False,False,False,3
Платформа обработки #1410,Связь,Объектовый,Несколько муниципалитетов,Низкая,1911,3,83760,24.0,4,5,1062,957,False,False,False,False,False,False,False,False,True,False,0
Сервис хранения #1411,Энергетика,Региональный,Вся страна,Средняя,290185,51,1784815,24.0,9,18,123715,2545,False,True,False,False,True,False,False,False,False,False,2
Платформа управления #1412,Банковская сфера,Федеральный,Один город,Критическая,968707,4,611970235,2.0,9,14,1196698,2013,True,True,True,True,False,False,False,False,False,True,3
Система управления #1413,Связь,Объектовый,Субъект РФ,Высокая,2689,2,18487888,4.0,3,6,350,276,True,True,False,False,False,False,False,False,True,False,1
Сеть аналитики #1414,Здравоохранение,Федеральный,Субъект РФ,Низкая,816787,3,116099,168.0,16,7,764411,5279,False,False,False,True,False,False,False,False,False,False,2
ИС хранения #1415,Связь,Муниципальный,Федеральный округ,Средняя,12036,13,7279487,168.0,8,9,13050,2682,True,False,False,False,False,False,False,False,True,False,1
Система аналитики #1416,Энергетика,Объектовый,Федеральный округ,Средняя,2993,28,7373537,24.0,2,2,1088,1162,True,True,False,False,True,False,True,False,False,False,1
Сеть управления #1417,Банковская сфера,Муниципальный,Вся страна,Средняя,4346,57,3083197,24.0,5,7,2847,161,False,True,False,False,False,False,False,False,False,True,1
Портал мониторинга #1418,Государственное управление,Региональный,Субъект РФ,Средняя,258823,2,3820215,48.0,10,4,248731,392,False,False,True,False,False,False,True,False,False,True,2
Портал хранения #1419,Банковская сфера,Объектовый,Один город,Средняя,2729,2,6047162,72.0,3,5,3053,1143,False,False,True,False,False,False,False,False,False,True,1
ИС мониторинга #1420,Связь,Муниципальный,Субъект РФ,Высокая,76037,5,136395692,24.0,7,13,85615,2992,True,False,False,False,False,False,False,False,True,False,1
Портал аналитики #1421,Связь,Муниципальный,Федеральный округ,Средняя,54965,15,3319123,24.0,8,14,41455,730,False,True,False,False,False,False,False,False,True,False,1
Портал обработки #1422,Государственное управление,Объектовый,Несколько муниципалитетов,Средняя,423,1,14053628,168.0,1,7,515,552,False,False,True,False,False,True,True,False,False,True,2
Портал обработки #1423,Государственное управление,Федеральный,Федеральный округ,Высокая,1675308,21,9055506,24.0,10,26,2395514,1089,True,False,True,False,True,True,True,False,False,True,3
Сеть управления #1424,Транспорт,Муниципальный,Вся страна,Высокая,34668,55,351336187,4.0,8,6,47765,1226,True,True,False,True,False,False,True,True,False,False,3
Портал обработки #1425,Оборонная промышленность,Объектовый,Один город,Высокая,397,3,41718996,4.0,3,6,327,154,True,True,True,False,False,True,False,False,False,True,3
Портал управления #1426,Энергетика,Муниципальный,Федеральный округ,Средняя,9698,18,2068384,72.0,7,11,5062,1027,False,True,False,False,True,False,True,False,False,False,1
Платформа мониторинга #1427,Связь,Региональный,Федеральный округ,Низкая,59811,25,129769,72.0,5,20,62218,2807,True,False,False,False,False,False,False,False,True,False,1
Портал обработки #1428,Энергетика,Федеральный,Вся страна,Высокая,372090,65,197136877,4.0,14,21,372691,4062,True,True,False,False,True,False,False,False,False,False,3
ИС аналитики #1429,Наука,Объектовый,Субъект РФ,Высокая,2941,9,39066944,8.0,1,6,3200,763,True,False,True,False,False,False,False,False,False,False,1
Сервис передачи #1430,Транспорт,Объектовый,Один город,Критическая,585,3,13223521,0.5,3,6,314,917,True,True,False,True,False,False,True,True,False,False,2
Сервис аналитики #1431,Здравоохранение,Федеральный,Несколько муниципалитетов,Средняя,1196910,1,14109278,168.0,18,23,190025,1936,False,False,False,True,False,False,False,False,False,False,3
Платформа управления #1432,Связь,Региональный,Субъект РФ,Средняя,256764,8,1407147,168.0,9,11,163606,430,True,True,False,False,False,False,False,False,True,False,2
АСУ ТП хранения #1433,Банковская сфера,Муниципальный,Несколько муниципалитетов,Низкая,51227,4,135536,48.0,4,6,13425,2597,False,False,False,False,False,False,True,False,True,True,1
Система управления #1434,Транспорт,Объектовый,Несколько муниципалитетов,Средняя,3407,2,2713058,48.0,3,5,3915,1063,False,True,False,True,False,False,True,True,False,False,1
Платформа передачи #1435,Топливная промышленность,Муниципальный,Несколько муниципалитетов,Низкая,50444,4,94198,168.0,6,13,54913,2049,False,True,False,False,True,False,False,False,False,False,1
Сервис управления #1436,Наука,Региональный,Вся страна,Критическая,225259,71,11495333,0.5,8,15,116270,2075,True,True,False,True,False,False,False,False,False,False,3
ИС мониторинга #1437,Здравоохранение,Муниципальный,Вся страна,Высокая,11012,55,42510732,4.0,7,10,11771,195,True,False,False,True,False,False,False,False,True,False,3
Сервис аналитики #1438,Здравоохранение,Региональный,Федеральный округ,Средняя,300150,26,6417973,24.0,12,24,94488,1216,False,False,False,True,False,False,True,False,True,False,3
АСУ ТП аналитики #1439,Здравоохранение,Объектовый,Субъект РФ,Критическая,1133,6,8517875,2.0,3,9,932,1096,True,False,False,True,False,False,False,False,False,False,2
ИС мониторинга #1440,Государственное управление,Федеральный,Субъект РФ,Критическая,593786,7,163762485,0.5,12,24,578173,1451,True,False,True,True,False,True,True,False,False,True,3
АСУ ТП передачи #1441,Транспорт,Федеральный,Один город,Высокая,874831,2,163417772,24.0,7,1,623562,165,True,True,False,True,True,False,True,True,False,False,3
Платформа обработки #1442,Здравоохранение,Федеральный,Один город,Средняя,814849,3,12539417,72.0,12,8,635014,4814,False,False,False,True,False,False,False,True,False,False,2
АСУ ТП мониторинга #1443,Оборонная промышленность,Муниципальный,Несколько муниципалитетов,Средняя,45817,3,940456,168.0,9,8,21179,1046,True,False,False,False,False,True,False,True,False,False,1
АСУ ТП управления #1444,Топливная промышленность,Муниципальный,Несколько муниципалитетов,Низкая,55233,4,466116,24.0,5,11,59047,1930,False,True,False,False,True,False,False,False,False,False,1
Портал обработки #1445,Государственное управление,Региональный,Несколько муниципалитетов,Средняя,45580,3,10460468,72.0,1,19,62728,292,True,False,True,False,False,True,True,False,False,True,3
Система хранения #1446,Энергетика,Региональный,Федеральный округ,Высокая,33270,27,14101549,24.0,12,22,6752,825,True,True,False,False,True,False,False,False,False,False,2
Сервис передачи #1447,Энергетика,Федеральный,Несколько муниципалитетов,Высокая,711621,2,5228643,24.0,10,21,442721,1453,True,True,False,False,True,False,False,False,False,False,2
Портал мониторинга #1448,Государственное управление,Муниципальный,Вся страна,Средняя,32067,67,4053868,72.0,3,5,47537,1472,False,False,True,False,False,True,True,False,False,True,2
Сеть управления #1449,Топливная промышленность,Региональный,Субъект РФ,Средняя,108166,6,7283833,72.0,9,6,107085,1109,False,True,False,False,True,False,False,False,False,False,1
АСУ ТП мониторинга #1450,Энергетика,Муниципальный,Вся страна,Критическая,3570,64,229790589,0.5,6,8,1830,1390,True,True,True,True,True,False,False,False,False,True,3
ИС мониторинга #1451,Топливная промышленность,Муниципальный,Федеральный округ,Средняя,30127,12,3810012,168.0,10,14,8866,2068,True,True,False,False,True,False,True,False,False,False,1
Портал хранения #1452,Транспорт,Объектовый,Вся страна,Средняя,2767,76,382758,72.0,3,1,1570,296,True,True,False,True,False,False,True,True,False,False,2
Портал аналитики #1453,Топливная промышленность,Федеральный,Вся страна,Средняя,594673,52,1914457,48.0,10,30,471749,767,False,True,False,False,True,False,True,False,False,False,2
Сеть передачи #1454,Энергетика,Региональный,Вся страна,Высокая,414092,55,18412226,4.0,8,23,460444,4140,True,True,False,False,True,False,False,False,False,False,3
Сеть управления #1455,Энергетика,Муниципальный,Один город,Высокая,58747,2,80470791,24.0,7,15,81451,1249,True,True,False,False,True,False,True,False,False,False,2
АСУ ТП мониторинга #1456,Наука,Федеральный,Федеральный округ,Критическая,957963,20,41102327,0.5,13,27,1213258,3059,True,True,False,True,False,True,False,False,False,True,3
Сеть хранения #1457,Транспорт,Объектовый,Один город,Низкая,682,3,64444,24.0,4,4,226,153,True,True,False,True,False,False,True,True,True,False,2
Сервис управления #1458,Оборонная промышленность,Региональный,Один город,Высокая,50483,4,254125868,8.0,11,14,66679,2376,True,True,False,False,False,True,False,False,False,True,3
Сервис аналитики #1459,Топливная промышленность,Муниципальный,Федеральный округ,Средняя,47705,23,13105673,24.0,7,10,51171,1182,True,True,False,False,True,False,False,False,False,False,2
Портал хранения #1460,Оборонная промышленность,Федеральный,Один город,Средняя,656577,2,4424316,48.0,12,12,403854,6010,True,False,False,False,False,True,False,False,False,True,3
Сеть хранения #1461,Государственное управление,Объектовый,Вся страна,Критическая,995,78,33555982,2.0,1,2,244,350,True,False,True,False,False,False,True,False,True,True,2
ИС хранения #1462,Наука,Региональный,Несколько муниципалитетов,Низкая,52817,4,62364,24.0,9,9,61243,1168,False,False,False,False,True,False,True,False,False,False,1
ИС мониторинга #1463,Государственное управление,Объектовый,Вся страна,Высокая,3748,63,148500575,12.0,1,7,1970,949,True,True,True,False,False,True,True,False,False,True,3
Портал передачи #1464,Оборонная промышленность,Муниципальный,Один город,Средняя,16860,4,3549728,24.0,5,9,14019,1042,False,False,False,False,False,True,False,False,False,True,1
Портал управления #1465,Государственное управление,Федеральный,Субъект РФ,Высокая,793143,4,174035886,24.0,6,24,1084804,1528,True,False,True,False,False,True,True,False,False,True,3
Сервис мониторинга #1466,Банковская сфера,Муниципальный,Несколько муниципалитетов,Высокая,51673,2,31369226,24.0,9,13,67363,1632,True,False,False,False,False,False,False,False,False,True,1
Платформа мониторинга #1467,Транспорт,Муниципальный,Один город,Средняя,32657,4,1010472,48.0,4,7,44060,799,False,True,False,True,False,False,True,True,False,False,2
Система передачи #1468,Связь,Муниципальный,Федеральный округ,Высокая,29784,28,119575737,8.0,5,16,9737,1292,True,False,False,False,False,False,False,False,True,False,2
Портал мониторинга #1469,Топливная промышленность,Объектовый,Вся страна,Низкая,506,60,431926,72.0,4,7,239,1142,False,True,False,False,True,False,True,False,False,False,1
АСУ ТП аналитики #1470,Государственное управление,Региональный,Субъект РФ,Средняя,67365,3,172690,168.0,4,16,84199,162,False,False,True,False,False,True,True,False,False,True,2
Система хранения #1471,Связь,Объектовый,Несколько муниципалитетов,Критическая,1109,2,270023783,1.0,4,2,1125,202,True,False,False,False,False,False,False,True,True,False,1
ИС управления #1472,Связь,Региональный,Федеральный округ,Средняя,97909,26,9344121,72.0,3,21,29057,1627,False,False,False,False,False,False,False,False,True,False,1
Система аналитики #1473,Транспорт,Муниципальный,Один город,Средняя,77697,1,28071532,24.0,7,6,99690,1569,True,True,False,True,False,False,True,True,True,False,2
Сеть обработки #1474,Банковская сфера,Муниципальный,Субъект РФ,Средняя,66770,5,29760151,48.0,6,10,97721,1195,False,False,False,False,False,False,False,False,True,True,1
АСУ ТП мониторинга #1475,Связь,Муниципальный,Субъект РФ,Низкая,18956,5,438490,72.0,4,12,21382,2421,False,False,False,False,True,False,False,False,True,False,0
Система управления #1476,Здравоохранение,Региональный,Вся страна,Низкая,42107,53,244084,24.0,5,10,56562,3100,False,True,False,True,False,False,False,False,False,False,2
АСУ ТП хранения #1477,Энергетика,Муниципальный,Субъект РФ,Высокая,40831,9,94744761,24.0,5,8,14631,72,True,True,False,False,True,False,False,False,False,False,1
Платформа передачи #1478,Связь,Объектовый,Один город,Низкая,939,2,348916,72.0,2,4,250,297,True,False,False,False,False,False,True,False,True,False,0
АСУ ТП мониторинга #1479,Энергетика,Объектовый,Несколько муниципалитетов,Высокая,869,2,17501697,4.0,3,1,1043,97,True,True,False,False,True,False,True,False,False,False,1
Платформа передачи #1480,Связь,Федеральный,Вся страна,Высокая,1845020,62,32966330,8.0,13,10,1567763,603,True,True,False,False,False,False,True,False,True,False,3
Сеть хранения #1481,Оборонная промышленность,Региональный,Федеральный округ,Средняя,69114,17,306450,72.0,9,18,40733,1415,False,True,False,False,False,True,False,False,False,True,2
Сервис аналитики #1482,Государственное управление,Региональный,Один город,Средняя,82402,4,1352875,48.0,6,14,118712,2140,True,False,True,False,False,True,True,False,False,True,3
Сеть мониторинга #1483,Здравоохранение,Муниципальный,Один город,Высокая,9920,2,399169808,4.0,7,5,12555,2243,True,False,True,True,False,False,False,True,False,True,3
ИС мониторинга #1484,Государственное управление,Региональный,Один город,Высокая,203939,4,22157088,4.0,8,16,38801,4457,True,False,True,False,False,True,True,False,False,True,3
Система хранения #1485,Транспорт,Муниципальный,Несколько муниципалитетов,Средняя,31554,4,1414807,24.0,8,10,21848,2399,False,True,False,True,False,False,True,True,False,False,2
Сеть хранения #1486,Топливная промышленность,Объектовый,Несколько муниципалитетов,Средняя,770,3,2391457,24.0,2,3,283,154,False,True,False,False,True,False,False,False,False,False,0
Система передачи #1487,Транспорт,Объектовый,Федеральный округ,Критическая,1499,20,9773814,1.0,2,2,797,1426,True,True,False,True,False,False,True,True,False,False,2
Портал хранения #1488,Связь,Объектовый,Несколько муниципалитетов,Средняя,2508,1,645289,48.0,2,3,510,1483,False,False,False,False,False,False,False,False,True,False,0
Портал обработки #1489,Наука,Федеральный,Федеральный округ,Критическая,73591,25,4611305,4.0,9,7,101565,1063,True,True,False,True,False,True,False,False,False,True,3
ИС передачи #1490,Наука,Объектовый,Несколько муниципалитетов,Высокая,1543,1,74118918,24.0,2,7,1420,378,True,False,False,False,False,False,False,False,False,False,0
Портал обработки #1491,Здравоохранение,Региональный,Вся страна,Низкая,312070,88,259847,168.0,9,8,290663,1826,False,False,False,True,False,False,False,False,False,False,2
Платформа хранения #1492,Связь,Муниципальный,Вся страна,Критическая,29019,65,9094625,1.0,5,4,42387,1961,True,True,False,False,False,False,False,False,True,False,2
Сеть аналитики #1493,Оборонная промышленность,Муниципальный,Несколько муниципалитетов,Критическая,5797,4,10456444,2.0,3,3,8037,545,True,True,False,False,False,True,False,False,False,True,2
Система управления #1494,Связь,Федеральный,Вся страна,Высокая,242477,71,1798479455,8.0,11,31,156137,5201,True,False,False,False,False,False,False,False,True,False,3
АСУ ТП аналитики #1495,Связь,Объектовый,Федеральный округ,Средняя,776,16,1110363,168.0,3,7,418,1426,False,True,False,False,False,False,False,False,True,False,0
Платформа мониторинга #1496,Здравоохранение,Муниципальный,Несколько муниципалитетов,Критическая,11101,4,20481800,2.0,8,11,13679,1947,True,False,False,True,False,False,False,False,False,False,2
Система хранения #1497,Здравоохранение,Федеральный,Один город,Высокая,1353133,4,112427774,24.0,12,18,1683635,829,True,False,False,True,False,False,False,True,False,False,3
Сервис обработки #1498,Оборонная промышленность,Региональный,Один город,Низкая,192264,4,35697,48.0,7,27,192653,884,False,False,False,False,False,True,False,False,True,False,2
АСУ ТП обработки #1499,Здравоохранение,Муниципальный,Субъект РФ,Средняя,13381,5,5430388,48.0,9,11,16186,1326,False,True,False,True,False,False,False,False,False,False,2
ИС обработки #1500,Оборонная промышленность,Региональный,Несколько муниципалитетов,Высокая,215374,1,68887694,8.0,8,16,203723,1277,True,False,False,False,False,True,False,False,False,True,3
Портал хранения #1501,Энергетика,Объектовый,Вся страна,Высокая,2608,83,28683674,24.0,3,5,2269,637,True,True,False,False,True,False,False,False,False,False,1
Система обработки #1502,Транспорт,Муниципальный,Вся страна,Средняя,22517,73,1322591,168.0,2,10,15032,2749,True,True,False,True,True,False,True,True,False,False,2
Система передачи #1503,Транспорт,Муниципальный,Один город,Средняя,57152,4,3922100,168.0,3,7,62315,2800,False,True,False,True,False,False,True,True,False,False,2
АСУ ТП передачи #1504,Государственное управление,Муниципальный,Несколько муниципалитетов,Высокая,33994,4,15217017,8.0,6,4,11888,1989,True,False,True,False,False,True,True,False,False,True,3
Система управления #1505,Здравоохранение,Федеральный,Вся страна,Средняя,830127,70,416076,48.0,9,28,393099,4107,False,False,True,True,False,False,False,False,False,True,3
ИС аналитики #1506,Транспорт,Объектовый,Субъект РФ,Средняя,1232,5,6862959,72.0,2,2,1825,428,False,True,True,True,False,False,True,True,False,True,2
Платформа хранения #1507,Государственное управление,Региональный,Субъект РФ,Средняя,89704,5,562676,24.0,15,15,50805,523,False,False,True,False,False,True,True,False,False,True,3
ИС управления #1508,Энергетика,Муниципальный,Вся страна,Средняя,14366,82,3657368,168.0,3,3,20660,799,True,True,False,False,True,False,False,False,False,False,1
Система управления #1509,Государственное управление,Региональный,Субъект РФ,Средняя,218811,8,2224180,48.0,7,3,261430,2504,False,False,True,False,False,True,True,False,False,True,3
Портал передачи #1510,Оборонная промышленность,Объектовый,Один город,Низкая,2613,4,59230,24.0,1,7,1909,371,False,False,False,False,False,True,True,False,False,True,1
Сеть передачи #1511,Государственное управление,Объектовый,Субъект РФ,Средняя,2205,4,1726978,48.0,4,3,1090,676,True,False,True,False,True,True,True,False,False,True,2
Сервис мониторинга #1512,Связь,Региональный,Вся страна,Средняя,344214,58,3362241,48.0,8,14,351157,4249,True,False,False,False,False,False,False,False,True,False,2
Сервис мониторинга #1513,Оборонная промышленность,Региональный,Субъект РФ,Низкая,207811,8,326453,72.0,13,25,106390,1304,False,False,True,False,False,True,False,False,False,True,3
Портал обработки #1514,Топливная промышленность,Муниципальный,Субъект РФ,Средняя,17092,7,9076275,168.0,6,11,23883,2942,False,True,False,False,True,False,False,False,False,False,1
Сервис обработки #1515,Топливная промышленность,Региональный,Несколько муниципалитетов,Средняя,114014,1,2145248,24.0,12,17,20707,506,False,True,False,False,True,False,False,False,False,False,1
Портал хранения #1516,Энергетика,Региональный,Несколько муниципалитетов,Низкая,138523,2,264582,48.0,10,12,55720,2182,False,True,False,False,True,False,True,False,False,False,1
Портал управления #1517,Здравоохранение,Региональный,Федеральный округ,Средняя,159702,10,11460998,72.0,9,24,119711,2559,False,True,False,True,False,False,True,True,False,False,3
АСУ ТП хранения #1518,Государственное управление,Муниципальный,Несколько муниципалитетов,Низкая,42823,3,367210,168.0,7,11,19984,1292,False,True,True,False,True,True,True,True,False,True,3
ИС хранения #1519,Топливная промышленность,Федеральный,Один город,Высокая,603494,4,41988625,12.0,11,29,526791,2537,True,True,True,False,True,False,False,False,False,True,3
Портал передачи #1520,Связь,Федеральный,Субъект РФ,Средняя,951587,6,3315463,24.0,7,31,132357,5604,False,True,False,False,False,False,False,False,True,False,2
ИС мониторинга #1521,Энергетика,Объектовый,Несколько муниципалитетов,Высокая,879,3,64955697,24.0,2,5,513,419,True,True,False,False,True,False,False,False,False,False,1
ИС хранения #1522,Энергетика,Региональный,Один город,Средняя,177109,1,8121833,48.0,8,11,175404,71,False,True,True,False,True,False,False,False,True,True,2
Портал хранения #1523,Транспорт,Объектовый,Вся страна,Высокая,690,68,49042747,24.0,4,3,382,141,True,True,False,True,False,False,True,True,False,False,2
Сервис передачи #1524,Здравоохранение,Региональный,Федеральный округ,Средняя,11958,24,54900755,48.0,8,8,13509,4032,False,False,False,True,False,False,True,False,False,False,2
Сервис аналитики #1525,Оборонная промышленность,Региональный,Субъект РФ,Низкая,142367,6,71597,168.0,5,14,170341,2942,False,False,False,False,False,True,False,True,False,True,2
Платформа хранения #1526,Оборонная промышленность,Федеральный,Один город,Средняя,460081,4,637963,48.0,16,14,504047,1226,False,False,False,False,False,False,False,False,True,True,2
Сервис управления #1527,Связь,Региональный,Субъект РФ,Низкая,225239,6,371677,24.0,6,20,230792,3016,False,False,False,False,False,False,False,False,True,False,1
ИС передачи #1528,Государственное управление,Муниципальный,Несколько муниципалитетов,Средняя,17976,2,4867082,24.0,5,6,25641,2296,False,False,True,False,False,False,True,False,False,True,1
Платформа аналитики #1529,Здравоохранение,Региональный,Федеральный округ,Средняя,289911,17,1264207,168.0,6,16,105738,205,False,False,False,True,True,False,True,False,False,False,2
Сервис хранения #1530,Энергетика,Муниципальный,Один город,Низкая,20407,3,79792,24.0,5,11,10441,1547,False,True,False,False,True,False,False,False,False,False,1
Система обработки #1531,Связь,Муниципальный,Вся страна,Высокая,27980,59,9023170,4.0,5,7,14782,1456,True,True,False,False,True,False,False,False,True,False,2
АСУ ТП обработки #1532,Государственное управление,Муниципальный,Субъект РФ,Средняя,51196,1,2889523,48.0,10,4,73711,1181,True,False,True,False,False,True,True,False,False,True,2
Система аналитики #1533,Здравоохранение,Федеральный,Один город,Средняя,239557,4,3826202,168.0,10,25,179726,176,False,False,False,True,False,False,False,False,False,False,2
АСУ ТП мониторинга #1534,Энергетика,Федеральный,Несколько муниципалитетов,Высокая,873118,1,53762864,4.0,16,22,182441,4545,True,True,False,False,True,False,False,False,False,False,3
Портал хранения #1535,Транспорт,Муниципальный,Федеральный округ,Средняя,16591,12,3580273,48.0,4,11,20636,692,False,True,False,True,True,False,True,True,False,False,2
Система обработки #1536,Оборонная промышленность,Федеральный,Вся страна,Высокая,290011,67,11063582,4.0,3,22,146573,2217,True,False,False,False,False,True,False,False,False,True,3
Портал хранения #1537,Топливная промышленность,Муниципальный,Несколько муниципалитетов,Высокая,33398,1,152690941,8.0,1,8,49655,1264,True,True,False,False,True,False,False,False,False,False,1
Платформа хранения #1538,Транспорт,Региональный,Субъект РФ,Высокая,168569,3,102651986,24.0,6,3,107440,3787,True,True,False,True,False,False,True,True,False,False,3
ИС хранения #1539,Здравоохранение,Региональный,Один город,Критическая,225343,2,47483225,1.0,7,10,218858,1795,True,False,False,True,True,False,False,False,False,False,3
Платформа хранения #1540,Энергетика,Региональный,Несколько муниципалитетов,Высокая,312435,1,176449088,12.0,7,15,57599,1861,True,True,False,False,True,False,False,False,False,False,2
Платформа передачи #1541,Транспорт,Муниципальный,Вся страна,Низкая,43600,62,227116,24.0,9,14,37212,2479,True,True,False,True,False,False,True,True,False,False,3
Платформа обработки #1542,Наука,Объектовый,Один город,Средняя,2955,2,1046398,72.0,2,6,1032,349,False,False,False,False,False,False,False,False,False,False,0
Сеть обработки #1543,Оборонная промышленность,Муниципальный,Один город,Высокая,61009,3,181478881,24.0,6,12,18697,1494,True,False,False,False,True,False,True,False,False,False,2
Платформа мониторинга #1544,Банковская сфера,Муниципальный,Федеральный округ,Высокая,2296,16,991785680,8.0,5,5,1624,1129,True,False,False,False,True,False,False,True,False,True,2
Сервис хранения #1545,Связь,Муниципальный,Вся страна,Средняя,21952,59,1072829,168.0,5,7,17955,1501,False,False,False,False,False,False,False,False,True,False,0
Портал аналитики #1546,Наука,Федеральный,Несколько муниципалитетов,Средняя,938293,3,7609895,72.0,13,28,657142,4073,False,False,False,False,False,False,False,False,False,False,1
ИС мониторинга #1547,Банковская сфера,Федеральный,Субъект РФ,Средняя,272999,1,14270565,72.0,7,32,223270,1096,False,False,False,False,False,False,False,False,False,True,2
Платформа управления #1548,Оборонная промышленность,Федеральный,Один город,Низкая,917291,3,256002,168.0,16,9,647227,3708,False,False,False,False,False,False,False,False,False,True,2
Система управления #1549,Государственное управление,Региональный,Субъект РФ,Средняя,168826,7,5917116,72.0,4,16,87142,1117,False,False,True,False,False,True,True,False,False,True,3
ИС обработки #1550,Государственное управление,Муниципальный,Вся страна,Высокая,49356,52,1363590,8.0,6,10,39719,2579,True,False,True,False,False,False,True,True,False,False,2
Платформа аналитики #1551,Здравоохранение,Региональный,Федеральный округ,Высокая,332923,24,182082919,8.0,9,11,429222,4551,True,False,False,True,False,False,False,False,False,False,3
ИС обработки #1552,Связь,Федеральный,Субъект РФ,Низкая,564519,5,462284,48.0,17,25,467967,2053,False,False,False,False,False,False,False,False,True,False,1
Система хранения #1553,Наука,Региональный,Один город,Критическая,191309,1,45245594,1.0,11,22,183298,1592,True,False,False,True,False,False,False,False,False,False,3
ИС обработки #1554,Банковская сфера,Региональный,Один город,Высокая,163054,2,177903037,4.0,13,7,113941,172,True,False,True,False,False,False,False,False,False,True,3
Система обработки #1555,Оборонная промышленность,Объектовый,Вся страна,Критическая,375,81,181743982,2.0,3,4,473,256,True,False,False,True,False,True,False,False,False,True,3
Сервис аналитики #1556,Оборонная промышленность,Объектовый,Субъект РФ,Низкая,1684,1,221785,168.0,3,3,954,167,False,False,False,False,False,True,False,False,False,True,1
ИС обработки #1557,Связь,Муниципальный,Вся страна,Высокая,50014,64,95609056,24.0,6,11,16804,257,True,False,True,False,False,False,False,False,True,True,2
Сервис мониторинга #1558,Государственное управление,Объектовый,Субъект РФ,Средняя,1448,6,63724366,168.0,1,5,1498,559,False,False,True,False,False,True,True,False,False,True,2
Сервис аналитики #1559,Транспорт,Региональный,Субъект РФ,Высокая,304828,8,543549724,24.0,10,16,291277,2847,True,True,False,True,True,False,True,True,True,False,3
Сервис аналитики #1560,Топливная промышленность,Объектовый,Субъект РФ,Средняя,1442,4,40938323,72.0,3,7,518,817,False,True,False,False,True,False,False,False,False,False,0
ИС управления #1561,Топливная промышленность,Объектовый,Один город,Средняя,322,1,11843034,48.0,3,2,349,588,True,True,False,False,True,False,False,False,False,False,1
Платформа управления #1562,Наука,Муниципальный,Федеральный округ,Низкая,22841,19,139716,168.0,4,8,7232,557,True,False,False,False,False,False,False,False,False,False,0
АСУ ТП мониторинга #1563,Наука,Региональный,Один город,Высокая,49080,3,4548305,24.0,9,4,33041,1246,True,False,False,False,True,False,False,False,False,False,1
Портал аналитики #1564,Оборонная промышленность,Региональный,Субъект РФ,Высокая,352761,7,25724537,12.0,6,14,78851,755,True,False,False,False,False,False,True,False,False,False,2
АСУ ТП мониторинга #1565,Здравоохранение,Региональный,Вся страна,Средняя,24748,62,3367125,24.0,8,9,5359,3033,True,True,False,True,False,False,False,False,False,False,3
Сервис передачи #1566,Государственное управление,Объектовый,Вся страна,Средняя,3057,63,8604722,48.0,2,2,3716,328,False,False,True,False,False,False,True,False,False,True,1
Платформа передачи #1567,Энергетика,Региональный,Федеральный округ,Средняя,73211,20,7890775,24.0,7,10,23412,1891,False,True,False,False,True,False,False,False,False,False,1
Платформа хранения #1568,Энергетика,Объектовый,Вся страна,Средняя,966,72,4154888,48.0,4,3,1301,830,True,True,False,False,True,False,False,False,False,False,1
Сеть хранения #1569,Банковская сфера,Объектовый,Субъект РФ,Низкая,3393,5,313113,48.0,4,7,4265,1165,True,True,True,False,False,False,False,True,False,True,1
Портал обработки #1570,Оборонная промышленность,Региональный,Субъект РФ,Критическая,358959,7,96272298,2.0,12,15,501736,2130,True,True,False,False,False,True,False,False,False,True,3
Сеть мониторинга #1571,Государственное управление,Объектовый,Вся страна,Низкая,2321,56,455267,48.0,2,2,1895,1563,False,False,True,False,False,False,True,False,False,True,1
Сервис передачи #1572,Государственное управление,Муниципальный,Один город,Средняя,16049,1,16891376,72.0,7,9,6525,1217,False,True,True,False,True,True,True,False,False,True,3
АСУ ТП управления #1573,Оборонная промышленность,Муниципальный,Вся страна,Высокая,24482,87,102215541,4.0,4,10,23880,1456,True,False,False,False,False,False,False,False,False,True,2
Система аналитики #1574,Транспорт,Региональный,Федеральный округ,Высокая,340573,19,37900283,24.0,8,24,425418,1210,True,True,False,True,False,False,True,True,False,False,3
Платформа управления #1575,Топливная промышленность,Муниципальный,Субъект РФ,Низкая,31417,2,667481,72.0,7,11,5948,1508,True,True,False,False,True,False,True,False,False,False,1
Сервис обработки #1576,Топливная промышленность,Федеральный,Вся страна,Средняя,456903,53,16804569,24.0,6,28,334195,140,False,True,False,False,True,False,False,False,True,False,2
АСУ ТП хранения #1577,Транспорт,Объектовый,Федеральный округ,Низкая,1810,29,233209,168.0,3,1,1745,481,False,True,False,True,False,False,True,True,False,False,2
ИС хранения #1578,Банковская сфера,Муниципальный,Вся страна,Средняя,12714,66,152048,72.0,4,9,4354,673,False,False,True,False,False,False,False,False,False,True,1
Сеть передачи #1579,Банковская сфера,Объектовый,Один город,Низкая,3422,3,257424,168.0,2,3,2067,177,False,False,True,False,False,False,False,False,False,True,1
Система аналитики #1580,Здравоохранение,Региональный,Несколько муниципалитетов,Низкая,119319,4,275072,48.0,6,20,91151,690,False,False,True,True,False,False,False,False,False,True,3
Платформа хранения #1581,Транспорт,Объектовый,Один город,Средняя,1261,4,863942,48.0,2,7,552,51,True,True,False,True,False,False,True,True,True,False,2
Сервис управления #1582,Топливная промышленность,Региональный,Несколько муниципалитетов,Средняя,123251,4,4168980,48.0,11,16,123840,2861,False,True,False,False,True,False,False,False,False,False,1
Сервис мониторинга #1583,Энергетика,Федеральный,Субъект РФ,Критическая,904126,9,9618985,2.0,11,15,603363,2340,True,True,False,True,True,False,False,True,False,False,3
Сеть обработки #1584,Государственное управление,Региональный,Вся страна,Критическая,161372,54,232656850,0.5,10,19,212520,171,True,True,True,True,False,True,True,False,True,True,3
Сеть аналитики #1585,Здравоохранение,Федеральный,Несколько муниципалитетов,Низкая,484985,3,236888,48.0,12,13,482544,1949,True,False,False,True,False,False,False,False,False,False,2
Портал обработки #1586,Энергетика,Объектовый,Один город,Средняя,2220,4,1862775,48.0,2,2,948,331,False,True,False,False,True,False,False,False,False,False,0
Платформа хранения #1587,Топливная промышленность,Региональный,Несколько муниципалитетов,Высокая,113613,4,6000338,12.0,11,9,100495,492,True,True,False,False,True,False,False,False,False,False,2
АСУ ТП передачи #1588,Здравоохранение,Объектовый,Субъект РФ,Критическая,985,6,129905589,4.0,2,4,856,523,True,False,False,True,False,False,False,False,False,False,2
АСУ ТП хранения #1589,Оборонная промышленность,Региональный,Несколько муниципалитетов,Средняя,381392,2,7354517,168.0,12,16,562288,457,False,False,False,False,False,True,False,False,True,True,2
ИС аналитики #1590,Связь,Объектовый,Вся страна,Низкая,1852,68,337780,48.0,2,2,1538,536,False,False,False,False,False,False,False,False,True,False,0
ИС передачи #1591,Здравоохранение,Федеральный,Один город,Высокая,120261,2,3112362,4.0,13,24,141647,3850,True,False,False,True,False,False,False,False,False,False,3
Система управления #1592,Энергетика,Региональный,Один город,Низкая,163274,1,80515,72.0,8,11,37394,3389,False,True,False,False,True,False,False,False,False,False,1
Сеть аналитики #1593,Топливная промышленность,Объектовый,Вся страна,Критическая,1420,73,142963749,0.5,1,4,1719,43,True,True,False,True,True,False,True,False,False,False,3
АСУ ТП передачи #1594,Связь,Объектовый,Субъект РФ,Низкая,2407,5,111232,48.0,1,4,2519,492,False,False,False,False,False,False,False,False,True,False,0
ИС хранения #1595,Топливная промышленность,Муниципальный,Несколько муниципалитетов,Средняя,2356,1,6067173,168.0,7,10,2352,1920,True,True,False,False,True,False,False,False,False,False,1
Сервис мониторинга #1596,Государственное управление,Муниципальный,Вся страна,Низкая,22642,63,78988,72.0,7,13,18986,627,False,False,True,False,False,False,True,False,False,True,2
Портал мониторинга #1597,Оборонная промышленность,Объектовый,Вся страна,Высокая,2331,76,17650224,24.0,5,4,2061,784,True,False,False,False,False,False,False,False,False,True,1
Сервис аналитики #1598,Здравоохранение,Муниципальный,Один город,Высокая,81760,1,449595111,24.0,4,11,16913,591,True,False,False,True,False,False,False,False,True,False,2
Сеть управления #1599,Связь,Муниципальный,Субъект РФ,Низкая,9834,8,68934,48.0,6,12,7796,683,False,False,False,False,False,False,False,False,True,False,0
Платформа хранения #1600,Оборонная промышленность,Федеральный,Федеральный округ,Средняя,738093,15,24491151,168.0,12,23,901798,2414,False,False,False,False,False,True,False,True,False,True,3
Система управления #1601,Оборонная промышленность,Региональный,Федеральный округ,Средняя,258168,11,3567306,168.0,8,9,185949,2828,False,False,False,False,False,True,False,False,False,True,2
ИС обработки #1602,Транспорт,Муниципальный,Вся страна,Высокая,13157,64,49811487,12.0,8,7,12356,1129,True,True,False,True,False,False,True,True,False,False,3
АСУ ТП передачи #1603,Наука,Региональный,Федеральный округ,Высокая,86859,18,96862122,24.0,9,31,109241,900,True,True,False,False,False,False,False,False,True,False,2
Портал управления #1604,Наука,Муниципальный,Субъект РФ,Средняя,8786,8,2712648,72.0,4,7,10915,2881,False,False,False,False,True,False,False,False,False,False,0
АСУ ТП мониторинга #1605,Здравоохранение,Муниципальный,Несколько муниципалитетов,Средняя,38691,2,7691048,168.0,9,11,33699,2283,False,True,True,True,False,False,False,True,False,True,3
Портал аналитики #1606,Транспорт,Федеральный,Федеральный округ,Высокая,216949,19,17289938,8.0,7,15,202464,1406,True,True,False,True,False,False,True,True,False,False,3
Портал обработки #1607,Энергетика,Федеральный,Субъект РФ,Низкая,941368,9,93961,72.0,9,22,532757,4394,True,True,True,False,True,False,False,False,False,True,3
ИС управления #1608,Государственное управление,Федеральный,Один город,Средняя,447933,1,6834590,48.0,12,24,56399,3360,False,False,True,False,False,False,True,False,False,False,2
ИС аналитики #1609,Связь,Федеральный,Вся страна,Критическая,730410,53,32004588,4.0,13,22,134009,2641,True,False,False,False,False,False,False,False,True,False,3
Платформа обработки #1610,Здравоохранение,Региональный,Федеральный округ,Средняя,192521,14,3126200,48.0,6,16,25508,1678,True,True,False,True,False,False,False,False,False,False,3
Сервис обработки #1611,Транспорт,Муниципальный,Субъект РФ,Высокая,34200,8,160310647,12.0,3,13,17463,187,True,True,False,True,False,False,True,True,True,False,3
Система передачи #1612,Наука,Муниципальный,Один город,Высокая,3278,4,12609060,12.0,9,5,4596,391,True,False,True,False,False,False,False,False,False,True,1
Портал мониторинга #1613,Наука,Региональный,Субъект РФ,Средняя,180800,9,13942618,24.0,5,10,210579,531,True,False,False,False,False,False,False,False,False,False,1
ИС аналитики #1614,Здравоохранение,Муниципальный,Вся страна,Высокая,5963,67,27872628,12.0,5,12,1941,995,True,False,False,True,False,False,False,False,False,False,2
Система передачи #1615,Банковская сфера,Муниципальный,Один город,Высокая,16286,4,3401084,24.0,7,7,16821,359,True,False,False,False,False,False,False,False,False,True,1
Платформа аналитики #1616,Здравоохранение,Федеральный,Несколько муниципалитетов,Высокая,1186048,3,23891504,4.0,14,12,546302,1937,True,True,False,True,False,False,True,False,False,False,3
Сервис управления #1617,Государственное управление,Региональный,Вся страна,Средняя,6226,85,486349,48.0,9,6,5916,1636,False,False,True,False,True,True,True,False,False,True,2
Платформа управления #1618,Оборонная промышленность,Региональный,Один город,Высокая,231484,4,78537625,8.0,4,18,187976,723,True,False,False,False,False,False,False,False,False,True,2
Сервис передачи #1619,Топливная промышленность,Муниципальный,Вся страна,Высокая,42390,80,28981730,12.0,8,13,51182,73,True,True,False,False,True,False,False,False,False,False,2
Система обработки #1620,Наука,Объектовый,Вся страна,Высокая,2539,83,113808772,4.0,4,5,2728,176,True,False,False,False,False,False,False,False,False,False,2
Система обработки #1621,Оборонная промышленность,Региональный,Несколько муниципалитетов,Средняя,308141,1,10022949,168.0,10,14,266751,3934,False,True,False,False,False,False,False,False,False,True,2
Платформа аналитики #1622,Топливная промышленность,Региональный,Вся страна,Высокая,452648,69,2003899,24.0,2,13,168969,2071,True,True,False,False,True,False,False,False,False,False,2
АСУ ТП мониторинга #1623,Энергетика,Региональный,Несколько муниципалитетов,Высокая,121122,4,241024951,8.0,10,12,37831,2193,True,True,False,False,True,False,False,False,False,False,2
Сервис обработки #1624,Транспорт,Объектовый,Вся страна,Критическая,932,57,5454195,0.5,2,3,633,1155,True,True,False,True,False,False,True,True,False,False,3
Портал аналитики #1625,Связь,Объектовый,Вся страна,Средняя,1684,87,1209017,72.0,1,5,427,1013,True,True,False,False,False,False,False,False,True,False,1
Сеть хранения #1626,Здравоохранение,Муниципальный,Федеральный округ,Критическая,21817,20,46027535,2.0,4,11,11313,527,True,False,False,True,False,False,False,True,False,False,2
Система обработки #1627,Наука,Муниципальный,Несколько муниципалитетов,Средняя,41034,3,6765488,72.0,5,7,7744,1067,False,True,False,False,False,False,False,False,False,False,0
ИС хранения #1628,Оборонная промышленность,Региональный,Несколько муниципалитетов,Высокая,407489,3,147163908,24.0,10,15,605091,313,True,False,False,False,False,False,True,False,False,True,3
Сеть мониторинга #1629,Наука,Муниципальный,Один город,Средняя,38322,1,3894218,48.0,7,11,23870,1485,False,False,False,False,False,False,False,False,False,False,0
Сервис мониторинга #1630,Транспорт,Региональный,Вся страна,Критическая,108799,63,68962542,2.0,10,6,56905,3042,True,True,False,True,False,False,True,True,False,False,3
ИС передачи #1631,Связь,Региональный,Несколько муниципалитетов,Высокая,308289,2,21118657,24.0,12,18,71911,3177,True,False,False,False,False,False,False,False,True,False,1
ИС передачи #1632,Связь,Региональный,Один город,Критическая,265533,2,104211241,0.5,6,25,347906,901,True,False,False,False,False,False,False,False,True,False,2
Сеть управления #1633,Оборонная промышленность,Муниципальный,Субъект РФ,Высокая,7943,2,131784797,24.0,7,9,997,123,True,False,False,False,False,True,False,False,False,True,2
АСУ ТП мониторинга #1634,Банковская сфера,Федеральный,Один город,Средняя,1373575,4,399531,72.0,16,27,722030,3153,False,False,False,False,False,False,False,False,False,True,2
ИС аналитики #1635,Оборонная промышленность,Объектовый,Федеральный округ,Высокая,1242,10,129573555,12.0,4,7,957,97,True,False,False,False,False,False,False,False,False,True,1
АСУ ТП мониторинга #1636,Государственное управление,Муниципальный,Вся страна,Критическая,44626,50,247632739,2.0,2,4,38972,1709,True,False,True,True,False,True,True,False,False,True,3
Сеть управления #1637,Связь,Региональный,Федеральный округ,Высокая,66020,18,13805745,24.0,9,17,82605,2404,True,True,False,False,False,False,False,False,True,False,2
ИС мониторинга #1638,Связь,Региональный,Федеральный округ,Критическая,370093,25,1063030193,4.0,15,17,430450,1403,True,False,False,True,False,False,False,False,True,False,3
ИС хранения #1639,Транспорт,Региональный,Несколько муниципалитетов,Средняя,149795,4,592898,168.0,7,16,58205,3010,False,True,False,True,False,False,True,True,False,False,2
Сеть передачи #1640,Связь,Региональный,Несколько муниципалитетов,Высокая,210903,1,3425956,8.0,6,19,271688,1237,True,False,False,False,False,False,False,False,True,False,1
Портал мониторинга #1641,Оборонная промышленность,Федеральный,Вся страна,Высокая,528420,83,201996644,8.0,13,30,327709,1603,True,False,False,False,False,False,False,False,True,True,3
Платформа аналитики #1642,Транспорт,Муниципальный,Вся страна,Высокая,50999,61,136504635,4.0,5,9,35135,307,True,True,False,True,False,False,True,True,False,False,3
Портал мониторинга #1643,Транспорт,Муниципальный,Вся страна,Низкая,26405,75,58049,24.0,4,6,25934,2437,True,True,False,True,False,False,True,True,False,False,2
Портал передачи #1644,Государственное управление,Объектовый,Несколько муниципалитетов,Средняя,2413,4,1108385,24.0,3,7,2586,1102,True,True,True,False,False,False,True,False,False,True,2
Сервис аналитики #1645,Государственное управление,Региональный,Несколько муниципалитетов,Низкая,227564,2,597362,168.0,9,13,56018,242,False,True,True,False,False,True,True,False,False,False,3
Сеть аналитики #1646,Наука,Региональный,Вся страна,Низкая,202410,72,232647,48.0,8,18,59025,2154,False,False,False,False,False,False,True,False,False,False,1
АСУ ТП аналитики #1647,Государственное управление,Региональный,Несколько муниципалитетов,Средняя,253534,3,1672758,72.0,4,12,51047,2782,True,True,True,False,True,False,True,False,False,True,2
Сеть хранения #1648,Государственное управление,Федеральный,Федеральный округ,Низкая,377960,18,382770,168.0,9,19,57063,1986,False,False,True,False,True,True,True,False,False,False,3
Система обработки #1649,Топливная промышленность,Муниципальный,Вся страна,Средняя,55541,65,613309,48.0,5,10,63256,61,False,True,False,False,True,False,True,False,False,False,1
Система управления #1650,Топливная промышленность,Муниципальный,Один город,Низкая,70633,2,169040,72.0,7,3,73800,998,False,True,False,False,True,False,False,False,False,False,1
Платформа хранения #1651,Оборонная промышленность,Муниципальный,Вся страна,Средняя,51992,56,909773,48.0,6,5,24196,142,False,False,True,False,False,True,False,False,False,True,2
АСУ ТП мониторинга #1652,Здравоохранение,Объектовый,Федеральный округ,Критическая,4183,16,7024952,0.5,2,1,5468,345,True,False,False,True,False,False,False,False,True,False,2
Сеть аналитики #1653,Связь,Региональный,Несколько муниципалитетов,Средняя,137722,1,2444486,48.0,12,4,45269,999,False,True,False,False,False,False,True,False,True,False,1
ИС управления #1654,Связь,Объектовый,Один город,Высокая,1829,4,199965484,24.0,1,8,1541,695,True,True,False,False,False,False,False,True,True,False,1
Сервис передачи #1655,Государственное управление,Региональный,Несколько муниципалитетов,Низкая,195774,4,152129,48.0,9,13,48023,1587,False,False,True,False,False,True,True,False,False,True,3
Сеть хранения #1656,Оборонная промышленность,Региональный,Вся страна,Низкая,222026,88,135864,48.0,9,17,245077,4071,False,True,False,False,False,True,False,False,True,True,3
Платформа мониторинга #1657,Государственное управление,Объектовый,Один город,Средняя,3425,3,410540,24.0,1,4,577,603,True,False,True,False,False,True,True,False,False,True,2
Платформа управления #1658,Здравоохранение,Муниципальный,Вся страна,Средняя,41957,52,6796429,48.0,6,6,16138,2276,False,False,False,True,True,False,False,False,False,False,2
Портал хранения #1659,Здравоохранение,Объектовый,Один город,Средняя,2517,4,4835400,48.0,1,3,1753,172,False,False,False,True,False,False,False,False,False,False,1
Платформа мониторинга #1660,Здравоохранение,Региональный,Один город,Низкая,411764,4,116863,48.0,5,18,183361,2677,False,True,False,True,False,False,False,False,False,False,2
АСУ ТП мониторинга #1661,Государственное управление,Региональный,Федеральный округ,Средняя,224735,19,27282945,48.0,6,12,50342,583,True,False,True,False,False,True,True,False,False,True,3
ИС передачи #1662,Энергетика,Федеральный,Вся страна,Низкая,807934,71,233646,168.0,9,17,210113,1143,False,True,False,False,True,False,False,False,False,False,2
АСУ ТП мониторинга #1663,Государственное управление,Объектовый,Один город,Низкая,2745,2,264747,168.0,2,3,2196,967,False,False,True,False,False,True,True,False,False,True,2
Сеть управления #1664,Связь,Федеральный,Субъект РФ,Высокая,342507,2,61864800,24.0,16,16,39245,858,True,False,False,False,False,False,False,False,True,False,2
Платформа управления #1665,Топливная промышленность,Муниципальный,Один город,Высокая,43700,2,303850041,24.0,7,13,46591,2168,True,True,False,False,True,False,False,False,False,False,2
Сеть управления #1666,Энергетика,Региональный,Федеральный округ,Высокая,181192,28,23592527,4.0,7,15,268937,459,True,True,False,False,True,False,False,False,False,False,3
Сеть хранения #1667,Банковская сфера,Объектовый,Один город,Средняя,513,4,482484,168.0,2,1,429,630,False,False,False,False,False,False,False,False,False,True,0
АСУ ТП хранения #1668,Оборонная промышленность,Федеральный,Вся страна,Низкая,705915,57,49226,168.0,13,16,852493,1154,False,False,False,False,False,True,False,False,False,True,3
Система мониторинга #1669,Энергетика,Муниципальный,Несколько муниципалитетов,Средняя,19353,2,1848878,24.0,5,8,20521,167,False,True,False,False,True,False,False,False,False,False,1
Сервис хранения #1670,Энергетика,Федеральный,Федеральный округ,Высокая,1517817,11,26036074,12.0,11,12,845068,1080,True,True,False,False,True,False,False,False,True,False,3
Сеть управления #1671,Транспорт,Объектовый,Субъект РФ,Высокая,2725,5,85290914,24.0,3,2,2364,567,True,True,True,True,False,False,True,True,False,True,3
АСУ ТП передачи #1672,Связь,Региональный,Субъект РФ,Средняя,391650,9,6098207,72.0,14,20,114720,642,False,False,False,False,False,False,False,False,True,False,1
Система аналитики #1673,Топливная промышленность,Муниципальный,Федеральный округ,Низкая,61722,15,199001,168.0,6,8,40139,204,False,True,True,False,True,False,False,False,False,True,2
Система хранения #1674,Транспорт,Региональный,Вся страна,Критическая,255487,80,43424381,0.5,12,7,367751,3823,True,True,False,True,True,False,True,True,False,False,3
Система передачи #1675,Топливная промышленность,Региональный,Один город,Высокая,189644,3,33941046,24.0,10,22,102635,1312,True,True,False,False,True,False,False,False,False,False,2
Портал хранения #1676,Энергетика,Объектовый,Несколько муниципалитетов,Высокая,837,4,44883117,4.0,3,3,371,416,True,True,False,False,True,False,True,False,False,False,1
Система управления #1677,Оборонная промышленность,Региональный,Федеральный округ,Низкая,310811,13,281496,168.0,12,21,107828,1086,False,False,False,False,False,True,False,False,False,True,2
Сеть аналитики #1678,Государственное управление,Региональный,Несколько муниципалитетов,Средняя,354337,4,5623393,48.0,14,18,508158,3540,True,False,True,False,True,False,True,False,False,True,2
Платформа обработки #1679,Государственное управление,Муниципальный,Один город,Высокая,18597,2,81974825,24.0,8,12,26622,810,True,True,True,False,False,True,True,False,False,False,3
Система мониторинга #1680,Наука,Муниципальный,Один город,Критическая,55128,2,31714470,4.0,7,9,37222,1559,True,False,False,True,False,False,False,False,False,False,2
Сеть передачи #1681,Государственное управление,Объектовый,Субъект РФ,Средняя,2628,8,999548,168.0,3,5,2389,471,False,True,True,False,False,True,True,False,False,True,2
АСУ ТП обработки #1682,Связь,Объектовый,Один город,Высокая,1398,3,15052959,4.0,3,3,786,1237,True,False,False,False,False,False,False,False,True,False,1
АСУ ТП аналитики #1683,Топливная промышленность,Региональный,Один город,Средняя,73452,1,1373948,48.0,8,11,13281,343,True,True,False,False,True,False,False,False,True,False,1
Система мониторинга #1684,Государственное управление,Региональный,Субъект РФ,Высокая,52917,2,68686418,4.0,6,11,41547,80,True,False,True,False,False,True,True,False,False,True,3
ИС мониторинга #1685,Наука,Федеральный,Несколько муниципалитетов,Критическая,1447679,3,35699087,2.0,11,35,1366934,497,True,False,False,False,False,True,False,False,True,True,3
Сервис управления #1686,Здравоохранение,Региональный,Вся страна,Высокая,29373,80,39115703,24.0,11,14,23111,1343,True,False,False,True,True,False,False,False,False,False,3
Сервис управления #1687,Транспорт,Объектовый,Вся страна,Высокая,1652,54,11940135,12.0,4,1,456,738,True,True,True,True,False,False,True,True,False,True,3
АСУ ТП передачи #1688,Здравоохранение,Региональный,Федеральный округ,Средняя,151823,29,10272507,24.0,12,13,15213,1891,True,False,False,True,False,False,False,False,False,False,3
Платформа хранения #1689,Связь,Региональный,Федеральный округ,Низкая,25247,24,129037,72.0,7,13,13410,1154,False,True,False,False,False,False,False,False,True,False,1
ИС передачи #1690,Энергетика,Региональный,Федеральный округ,Высокая,55485,16,14578788,4.0,5,18,40084,1184,True,True,True,False,True,False,False,False,False,True,3
АСУ ТП обработки #1691,Государственное управление,Муниципальный,Один город,Средняя,15764,3,6933354,168.0,6,2,17707,2025,False,False,True,False,True,True,True,False,False,True,2
Система мониторинга #1692,Связь,Региональный,Несколько муниципалитетов,Средняя,290063,1,2422364,168.0,11,9,40394,4141,True,False,True,False,False,False,False,False,True,True,2
Сервис обработки #1693,Топливная промышленность,Региональный,Федеральный округ,Критическая,181276,27,88743412,4.0,8,10,90041,2551,True,True,False,False,True,False,False,False,False,False,2
Сеть хранения #1694,Государственное управление,Объектовый,Вся страна,Средняя,2359,68,61865521,24.0,4,3,1423,1037,True,False,True,False,False,False,True,False,False,True,2
Платформа хранения #1695,Оборонная промышленность,Муниципальный,Несколько муниципалитетов,Средняя,21417,4,16869720,168.0,3,9,8999,1150,False,False,False,False,False,False,False,False,False,True,1
Портал аналитики #1696,Транспорт,Муниципальный,Субъект РФ,Высокая,11032,2,71481193,12.0,1,11,15130,361,True,True,False,True,False,False,True,True,True,False,2
Сервис управления #1697,Здравоохранение,Федеральный,Федеральный округ,Средняя,271743,15,373109,168.0,15,13,125212,892,True,False,False,True,False,False,False,False,False,False,3
Портал передачи #1698,Оборонная промышленность,Объектовый,Вся страна,Средняя,2079,66,2938515,168.0,4,4,2104,1119,False,False,False,False,False,True,False,False,True,True,1
Сеть мониторинга #1699,Государственное управление,Объектовый,Один город,Критическая,3002,2,573287387,1.0,4,8,1219,114,True,False,True,True,False,False,True,False,False,True,3
Сеть хранения #1700,Транспорт,Региональный,Один город,Низкая,46325,1,140810,168.0,13,10,18444,1091,False,True,False,True,False,False,True,True,False,False,2
Портал хранения #1701,Банковская сфера,Объектовый,Вся страна,Высокая,1067,77,375787715,8.0,4,3,1499,249,True,False,False,False,True,False,False,False,False,True,2
Сервис мониторинга #1702,Банковская сфера,Региональный,Несколько муниципалитетов,Высокая,201885,2,117281833,12.0,7,3,67543,3185,True,False,True,False,False,False,False,False,True,True,2
Сеть мониторинга #1703,Здравоохранение,Муниципальный,Несколько муниципалитетов,Средняя,10359,1,26125575,72.0,5,14,4536,1995,False,False,False,True,False,False,False,True,False,False,1
АСУ ТП хранения #1704,Энергетика,Объектовый,Вся страна,Средняя,431,66,1064813,72.0,3,5,362,341,True,True,False,False,True,False,False,True,False,False,1
Сервис мониторинга #1705,Здравоохранение,Муниципальный,Вся страна,Критическая,64333,86,9911306,4.0,7,2,43009,72,True,False,False,True,False,False,False,False,False,False,2
Платформа обработки #1706,Наука,Объектовый,Несколько муниципалитетов,Средняя,2683,1,4377419,48.0,3,7,2066,32,False,False,True,False,False,False,False,False,False,True,1
Портал мониторинга #1707,Связь,Муниципальный,Субъект РФ,Средняя,26006,3,7219912,48.0,4,1,33798,61,False,False,False,False,False,False,False,False,True,False,0
Портал управления #1708,Топливная промышленность,Муниципальный,Федеральный округ,Высокая,5968,20,219111096,24.0,3,12,750,1599,True,True,False,False,True,False,False,True,False,False,2
ИС обработки #1709,Государственное управление,Муниципальный,Несколько муниципалитетов,Высокая,30693,1,31711411,8.0,6,7,15396,1732,True,True,True,False,False,True,True,False,False,True,3
Платформа мониторинга #1710,Оборонная промышленность,Объектовый,Один город,Средняя,557,2,11806143,24.0,3,7,159,166,False,False,False,False,False,True,True,False,False,True,2
Портал обработки #1711,Транспорт,Федеральный,Несколько муниципалитетов,Высокая,367352,1,57999025,4.0,3,22,507031,217,True,True,False,True,False,False,True,True,False,False,3
Сервис управления #1712,Оборонная промышленность,Региональный,Федеральный округ,Высокая,27306,16,53891823,8.0,14,16,27572,3416,True,False,False,False,True,True,False,False,False,True,3
Платформа хранения #1713,Топливная промышленность,Региональный,Несколько муниципалитетов,Низкая,155268,1,91437,24.0,14,15,78835,1802,False,True,True,False,True,False,False,False,False,True,2
Система управления #1714,Оборонная промышленность,Региональный,Один город,Низкая,64463,2,91729,168.0,9,19,71888,2942,False,False,False,False,False,False,False,False,False,True,1
Система мониторинга #1715,Наука,Муниципальный,Несколько муниципалитетов,Средняя,24031,4,5378978,168.0,4,15,18001,1691,False,True,False,False,False,False,False,False,False,False,1
Сервис аналитики #1716,Государственное управление,Муниципальный,Федеральный округ,Высокая,36187,22,13258410,12.0,6,7,8638,1265,True,False,True,False,True,True,True,False,True,True,3
Система обработки #1717,Транспорт,Федеральный,Вся страна,Низкая,358554,81,736727,24.0,13,11,201929,223,True,True,False,True,False,False,True,True,False,False,3
Портал обработки #1718,Государственное управление,Объектовый,Несколько муниципалитетов,Средняя,1076,4,3996940,48.0,2,3,183,505,False,False,True,False,False,False,True,False,False,True,1
АСУ ТП управления #1719,Топливная промышленность,Региональный,Субъект РФ,Средняя,46068,7,7301467,168.0,12,22,5764,1261,False,True,False,False,True,False,False,False,False,False,1
Портал аналитики #1720,Оборонная промышленность,Региональный,Один город,Средняя,210849,4,3325787,48.0,11,6,289242,65,False,False,False,False,True,True,False,False,False,True,2
Система хранения #1721,Наука,Региональный,Вся страна,Средняя,115575,86,12114105,24.0,7,10,105873,1239,False,False,False,False,False,False,True,True,False,False,2
ИС обработки #1722,Оборонная промышленность,Федеральный,Вся страна,Низкая,776068,83,25478,168.0,14,20,989216,2709,False,False,False,False,False,False,False,False,True,True,2
Сеть передачи #1723,Наука,Муниципальный,Один город,Средняя,33214,1,7597828,168.0,6,7,18929,2549,False,False,False,False,False,False,False,False,False,False,0
Система передачи #1724,Наука,Федеральный,Субъект РФ,Средняя,533150,4,1304459,24.0,12,25,577627,722,False,False,False,False,False,False,False,False,False,False,2
АСУ ТП хранения #1725,Государственное управление,Региональный,Субъект РФ,Низкая,221591,6,155499,72.0,8,14,120880,4265,False,True,True,False,False,True,True,True,False,True,3
Система передачи #1726,Государственное управление,Региональный,Субъект РФ,Средняя,169225,7,862720,48.0,5,14,60066,706,True,True,True,False,False,True,True,False,True,True,3
Сеть управления #1727,Наука,Объектовый,Федеральный округ,Высокая,2499,14,17515134,12.0,5,5,3221,412,True,False,False,False,False,False,False,False,False,False,1
ИС аналитики #1728,Энергетика,Объектовый,Федеральный округ,Средняя,2406,22,4566209,48.0,3,5,2536,433,False,True,False,False,True,False,False,False,False,False,1
Система аналитики #1729,Транспорт,Объектовый,Вся страна,Средняя,1425,68,5426437,72.0,4,6,1764,298,True,True,False,True,False,False,True,True,False,False,2
Сервис обработки #1730,Здравоохранение,Объектовый,Субъект РФ,Средняя,1440,6,11819881,24.0,3,4,995,188,False,False,False,True,True,False,False,False,False,False,1
Портал хранения #1731,Транспорт,Муниципальный,Несколько муниципалитетов,Критическая,22378,1,70257874,4.0,3,15,20547,2325,True,True,False,True,False,False,True,True,False,False,3
Система аналитики #1732,Транспорт,Муниципальный,Вся страна,Средняя,40436,83,679927,72.0,9,4,18723,733,False,True,False,True,False,False,True,True,False,False,2
Сервис передачи #1733,Энергетика,Муниципальный,Несколько муниципалитетов,Средняя,31330,2,10337806,24.0,8,16,35997,1162,True,True,False,False,True,False,False,True,False,False,1
АСУ ТП управления #1734,Наука,Региональный,Субъект РФ,Высокая,429745,9,68088569,12.0,8,14,547180,1808,True,True,False,False,False,False,False,False,False,False,2
Портал аналитики #1735,Транспорт,Объектовый,Вся страна,Низкая,926,61,384828,72.0,3,1,316,474,False,True,False,True,False,False,True,True,False,False,2
АСУ ТП хранения #1736,Здравоохранение,Объектовый,Вся страна,Высокая,1996,59,11376461,4.0,3,7,2751,252,True,True,False,True,False,False,False,True,False,False,3
Сервис хранения #1737,Государственное управление,Муниципальный,Вся страна,Средняя,52890,78,4873722,24.0,6,11,18061,344,False,False,True,False,False,False,True,False,False,True,2
Платформа аналитики #1738,Топливная промышленность,Федеральный,Федеральный округ,Критическая,1093737,12,1307659113,0.5,12,12,258071,2353,True,True,False,False,True,True,False,False,False,True,3
ИС обработки #1739,Оборонная промышленность,Объектовый,Вся страна,Средняя,1766,80,3592337,48.0,5,9,178,247,True,False,False,False,False,True,False,False,False,True,2
Портал мониторинга #1740,Топливная промышленность,Муниципальный,Вся страна,Критическая,30780,73,346911191,1.0,6,11,29121,3077,True,True,False,True,True,False,True,False,False,False,3
Сеть мониторинга #1741,Оборонная промышленность,Федеральный,Один город,Высокая,625296,2,20272269,12.0,8,11,413317,1358,True,False,False,False,False,False,True,False,False,True,2
АСУ ТП хранения #1742,Энергетика,Региональный,Федеральный округ,Средняя,250339,24,3847694,48.0,8,8,362606,616,False,True,False,False,True,False,False,False,False,False,2
Портал хранения #1743,Наука,Муниципальный,Один город,Средняя,72039,4,9788180,168.0,3,7,8218,1021,False,False,False,False,False,False,False,True,False,False,0
Портал аналитики #1744,Энергетика,Региональный,Федеральный округ,Высокая,199195,10,168538331,8.0,7,9,47036,849,True,True,False,False,True,False,False,False,False,False,2
Платформа мониторинга #1745,Топливная промышленность,Региональный,Вся страна,Высокая,195268,53,456217488,24.0,6,10,260451,3591,True,True,False,False,True,False,False,False,True,False,3
Портал управления #1746,Связь,Федеральный,Субъект РФ,Высокая,1004231,8,16347864,8.0,13,25,1388742,3358,True,False,False,False,False,False,False,False,True,False,3
Сеть обработки #1747,Государственное управление,Объектовый,Вся страна,Средняя,684,61,6457411,72.0,4,4,965,458,True,False,True,False,False,True,True,False,False,True,2
Сервис аналитики #1748,Транспорт,Муниципальный,Несколько муниципалитетов,Средняя,18005,2,8658814,48.0,7,8,3189,99,True,True,False,True,True,False,True,True,True,False,2
АСУ ТП управления #1749,Связь,Объектовый,Субъект РФ,Низкая,3296,1,187370,168.0,2,6,2879,742,False,False,True,False,False,False,True,False,True,False,0
ИС аналитики #1750,Государственное управление,Региональный,Субъект РФ,Высокая,256036,6,3121152,4.0,6,25,236283,592,True,False,True,False,False,True,True,True,False,True,3
Платформа управления #1751,Транспорт,Муниципальный,Субъект РФ,Высокая,82827,7,87959724,8.0,6,14,70205,1093,True,True,False,True,False,False,True,True,False,False,3
Сервис хранения #1752,Транспорт,Региональный,Несколько муниципалитетов,Низкая,304118,2,223353,168.0,6,3,201253,740,False,True,False,True,False,False,True,True,False,False,2
Сервис управления #1753,Наука,Региональный,Федеральный округ,Высокая,93488,11,14877156,24.0,3,2,117682,1649,True,False,False,False,False,False,True,False,False,False,1
Платформа передачи #1754,Связь,Муниципальный,Субъект РФ,Средняя,9712,6,6095660,24.0,7,8,11396,1972,True,False,False,False,False,False,True,False,True,False,1
Сеть хранения #1755,Энергетика,Объектовый,Несколько муниципалитетов,Средняя,3225,2,14477340,168.0,2,8,2677,113,False,True,False,False,True,False,False,False,False,False,0
АСУ ТП аналитики #1756,Наука,Муниципальный,Субъект РФ,Низкая,15489,6,75448,24.0,5,9,20145,220,True,False,False,False,False,False,False,False,False,False,1
Платформа управления #1757,Топливная промышленность,Федеральный,Вся страна,Высокая,1264775,73,42551661,24.0,9,15,751788,1535,True,True,False,False,True,False,False,True,True,False,3
Платформа хранения #1758,Оборонная промышленность,Региональный,Вся страна,Высокая,393461,80,151105426,4.0,7,10,110572,1470,True,True,False,False,False,True,False,False,False,False,3
ИС обработки #1759,Наука,Региональный,Один город,Средняя,177836,2,1569124,168.0,8,9,221882,2526,False,True,False,False,False,False,False,False,False,False,1
Сеть обработки #1760,Государственное управление,Муниципальный,Один город,Высокая,9198,1,165369232,8.0,10,11,4183,352,True,False,True,False,False,True,True,False,False,True,3
ИС управления #1761,Топливная промышленность,Муниципальный,Субъект РФ,Средняя,38501,6,605220,168.0,6,6,30449,629,False,True,False,False,True,False,False,False,False,False,1
АСУ ТП хранения #1762,Транспорт,Муниципальный,Один город,Высокая,43312,3,279176327,4.0,4,7,49532,235,True,True,False,True,False,False,True,True,False,False,3
АСУ ТП обработки #1763,Наука,Муниципальный,Один город,Средняя,17178,4,5459418,72.0,6,19,8821,2618,False,True,False,False,False,False,False,False,True,False,1
АСУ ТП управления #1764,Государственное управление,Объектовый,Федеральный округ,Низкая,909,26,223809,48.0,2,1,548,882,False,False,True,False,False,True,True,False,False,True,2
Платформа обработки #1765,Связь,Объектовый,Один город,Низкая,1725,3,30148,168.0,3,6,2555,322,False,False,False,False,False,False,False,False,True,False,0
Сеть передачи #1766,Топливная промышленность,Муниципальный,Федеральный округ,Средняя,69931,17,5130533,48.0,5,11,45334,370,False,True,False,False,True,False,False,False,False,False,1
Система обработки #1767,Связь,Объектовый,Федеральный округ,Высокая,1421,18,468698198,8.0,3,7,873,1278,True,False,False,False,False,False,False,False,True,False,1
Сеть передачи #1768,Оборонная промышленность,Объектовый,Федеральный округ,Низкая,385,12,45843,72.0,2,3,504,1146,False,False,False,False,False,True,False,False,False,True,1
Сервис обработки #1769,Оборонная промышленность,Муниципальный,Несколько муниципалитетов,Низкая,64130,1,274491,48.0,8,14,14178,1044,False,False,False,False,False,True,False,False,False,True,2
Система аналитики #1770,Топливная промышленность,Объектовый,Несколько муниципалитетов,Средняя,1317,4,3243963,168.0,1,8,564,792,False,True,False,False,True,False,True,False,False,False,0
Система обработки #1771,Связь,Федеральный,Один город,Средняя,820396,4,26261773,168.0,12,22,498148,3269,False,False,False,False,False,False,False,False,True,False,1
ИС передачи #1772,Топливная промышленность,Объектовый,Федеральный округ,Низкая,1236,27,187195,48.0,2,6,528,414,False,True,True,False,True,False,False,False,False,True,1
Платформа хранения #1773,Государственное управление,Федеральный,Федеральный округ,Высокая,293777,21,861042984,12.0,13,23,433297,323,True,False,True,False,False,True,True,False,False,True,3
Система хранения #1774,Транспорт,Региональный,Один город,Высокая,13654,2,12353657,4.0,8,16,7025,1729,True,True,False,True,False,False,True,True,False,False,3
Платформа управления #1775,Банковская сфера,Муниципальный,Субъект РФ,Высокая,42943,6,25978944,12.0,6,14,48157,1099,True,False,False,False,False,False,True,False,False,True,2
Сервис аналитики #1776,Банковская сфера,Муниципальный,Вся страна,Высокая,12415,78,40364417,4.0,5,11,4570,1142,True,False,False,False,False,False,True,True,True,True,2
Портал управления #1777,Транспорт,Федеральный,Субъект РФ,Высокая,443129,8,97667245,12.0,12,41,49330,398,True,True,False,True,False,False,True,True,False,False,3
Портал обработки #1778,Оборонная промышленность,Муниципальный,Субъект РФ,Средняя,3737,2,636102,72.0,6,2,494,1828,False,False,False,False,False,False,False,False,False,False,0
Система управления #1779,Здравоохранение,Региональный,Субъект РФ,Низкая,216017,8,1114635,48.0,11,18,58444,1028,True,False,False,True,False,False,False,False,False,False,2
Портал обработки #1780,Оборонная промышленность,Региональный,Федеральный округ,Средняя,389108,20,1812766,168.0,3,17,408108,2346,False,False,False,False,False,False,True,True,False,False,1
ИС управления #1781,Государственное управление,Региональный,Вся страна,Критическая,222881,61,21436088,2.0,13,16,322244,1328,True,False,True,False,False,True,True,False,False,True,3
Сеть хранения #1782,Наука,Региональный,Субъект РФ,Средняя,320138,2,4803213,48.0,7,3,222218,746,True,True,False,False,False,False,False,False,False,False,1
Платформа передачи #1783,Банковская сфера,Региональный,Вся страна,Средняя,73086,68,2010395,168.0,13,17,99861,444,True,False,False,False,False,False,True,False,True,True,2
Сеть аналитики #1784,Транспорт,Федеральный,Несколько муниципалитетов,Средняя,142087,1,3778002,168.0,13,13,23123,1670,False,True,False,True,False,False,True,True,False,False,3
Платформа хранения #1785,Топливная промышленность,Федеральный,Несколько муниципалитетов,Средняя,1130326,2,4205439,24.0,11,15,1381469,3824,True,True,False,False,True,False,False,True,False,False,3
ИС управления #1786,Наука,Муниципальный,Вся страна,Средняя,63665,65,11322237,72.0,7,11,22055,582,True,False,False,False,False,False,False,False,False,False,1
Сеть обработки #1787,Банковская сфера,Региональный,Один город,Высокая,109071,1,81072496,4.0,6,18,133463,1088,True,True,False,False,False,False,False,False,False,True,3
АСУ ТП передачи #1788,Топливная промышленность,Федеральный,Субъект РФ,Низкая,1283693,8,77660,48.0,13,21,1242864,4810,True,True,False,False,True,False,False,False,False,False,3
АСУ ТП мониторинга #1789,Здравоохранение,Объектовый,Несколько муниципалитетов,Средняя,295,3,256319,24.0,2,7,390,728,False,False,False,True,False,False,False,False,False,False,1
Платформа управления #1790,Оборонная промышленность,Муниципальный,Несколько муниципалитетов,Средняя,12458,3,50251678,72.0,4,8,2675,980,False,False,False,False,False,False,False,False,True,False,0
Система аналитики #1791,Оборонная промышленность,Региональный,Федеральный округ,Средняя,86872,22,2060047,168.0,16,8,35529,2006,False,False,False,False,False,True,False,False,False,True,2
АСУ ТП передачи #1792,Оборонная промышленность,Объектовый,Федеральный округ,Критическая,3913,29,199936429,1.0,3,3,2308,953,True,True,False,True,False,True,False,True,False,True,3
Система мониторинга #1793,Топливная промышленность,Региональный,Несколько муниципалитетов,Низкая,67790,1,134793,168.0,8,9,46798,3627,False,True,False,False,True,False,False,False,False,False,1
Платформа управления #1794,Транспорт,Муниципальный,Несколько муниципалитетов,Средняя,8927,2,3858591,72.0,6,7,2973,961,False,True,False,True,True,False,True,True,False,False,2
Платформа управления #1795,Топливная промышленность,Объектовый,Вся страна,Высокая,649,86,66238199,4.0,4,4,184,1240,True,True,False,False,True,False,False,False,False,False,2
Платформа обработки #1796,Здравоохранение,Федеральный,Один город,Низкая,371274,3,99929,24.0,8,27,51145,1413,True,False,False,True,False,False,False,False,True,False,2
Система мониторинга #1797,Здравоохранение,Объектовый,Один город,Высокая,3479,1,444972645,4.0,2,2,450,37,True,False,False,True,False,False,True,False,False,False,2
Сеть хранения #1798,Связь,Региональный,Один город,Высокая,62336,3,59958791,12.0,5,5,38781,1205,True,False,False,False,True,False,False,False,True,False,1
Сеть аналитики #1799,Связь,Объектовый,Федеральный округ,Низкая,691,11,218997,48.0,2,6,238,892,False,False,False,False,False,False,True,False,True,False,0
ИС мониторинга #1800,Топливная промышленность,Объектовый,Один город,Высокая,1012,1,30944188,12.0,2,6,1233,730,True,True,False,False,True,False,False,False,False,False,1
Портал обработки #1801,Энергетика,Муниципальный,Несколько муниципалитетов,Критическая,1510,1,33371807,1.0,8,16,1295,1043,True,True,False,True,True,False,False,False,False,False,3
Платформа передачи #1802,Банковская сфера,Федеральный,Федеральный округ,Средняя,879353,13,3077175,24.0,16,28,635203,1324,False,False,False,False,False,False,False,True,False,True,2
ИС аналитики #1803,Энергетика,Региональный,Один город,Высокая,99933,2,82652979,12.0,1,31,102745,213,True,True,False,False,True,False,False,False,False,False,2
ИС передачи #1804,Транспорт,Объектовый,Субъект РФ,Низкая,2987,4,265007,72.0,4,5,568,1310,False,True,False,True,False,False,True,True,False,False,1
Сеть управления #1805,Наука,Региональный,Субъект РФ,Высокая,26734,1,125359038,4.0,11,8,12172,242,True,False,False,False,False,False,False,False,False,False,2
Система мониторинга #1806,Транспорт,Объектовый,Несколько муниципалитетов,Критическая,1082,4,24206621,4.0,2,2,714,395,True,True,False,True,False,False,True,True,False,False,2
Портал аналитики #1807,Связь,Муниципальный,Федеральный округ,Высокая,22490,11,94959078,24.0,6,4,30727,591,True,False,False,False,False,False,False,False,True,False,1
Сеть управления #1808,Здравоохранение,Объектовый,Один город,Низкая,3420,3,83347,72.0,4,4,1004,696,False,False,True,True,False,False,False,False,False,True,2
Платформа передачи #1809,Транспорт,Объектовый,Несколько муниципалитетов,Средняя,3316,4,1025546,24.0,3,6,4320,86,True,True,False,True,False,False,True,True,False,False,2
ИС аналитики #1810,Наука,Муниципальный,Субъект РФ,Средняя,17480,7,23377969,24.0,6,12,14274,2819,True,True,False,False,False,False,False,False,False,False,2
Портал передачи #1811,Связь,Региональный,Федеральный округ,Высокая,192074,20,311552556,4.0,8,9,47844,4063,True,False,False,False,False,False,False,False,True,False,2
ИС управления #1812,Транспорт,Муниципальный,Один город,Средняя,42157,3,3051970,24.0,6,21,7390,1636,False,True,False,True,False,False,True,True,False,False,2
Система аналитики #1813,Государственное управление,Муниципальный,Один город,Низкая,21546,1,115670,72.0,8,11,7687,336,True,False,True,False,False,False,True,False,False,True,2
Портал управления #1814,Транспорт,Региональный,Вся страна,Средняя,286328,69,2465889,24.0,11,14,109771,1554,True,True,False,True,False,False,True,True,False,False,3
Сеть передачи #1815,Оборонная промышленность,Федеральный,Субъект РФ,Средняя,1314938,1,1582778,24.0,8,18,749767,1083,True,True,False,False,False,True,False,False,False,True,3
АСУ ТП обработки #1816,Наука,Региональный,Несколько муниципалитетов,Низкая,45149,2,896246,168.0,7,16,11895,1063,True,True,False,False,False,False,False,False,False,False,1
Платформа управления #1817,Энергетика,Муниципальный,Федеральный округ,Высокая,65942,25,94992244,8.0,7,6,33715,1003,True,True,False,False,True,False,False,False,False,False,2
АСУ ТП обработки #1818,Транспорт,Региональный,Один город,Средняя,113187,3,5331744,168.0,12,1,102734,2079,True,True,False,True,False,False,True,True,False,False,3
Сеть мониторинга #1819,Связь,Региональный,Федеральный округ,Критическая,125019,29,93933016,2.0,10,19,103351,947,True,False,False,True,False,False,False,False,True,False,3
Система хранения #1820,Государственное управление,Объектовый,Субъект РФ,Низкая,1925,3,68735,48.0,2,4,902,147,False,False,True,False,False,False,True,False,False,True,1
Сеть передачи #1821,Банковская сфера,Муниципальный,Субъект РФ,Высокая,22981,1,10939628,24.0,6,9,31159,2090,True,True,False,False,False,False,False,False,False,True,2
Сеть передачи #1822,Здравоохранение,Объектовый,Один город,Средняя,3483,4,7043169,48.0,5,3,2876,440,True,False,False,True,False,False,False,False,False,False,1
АСУ ТП мониторинга #1823,Связь,Региональный,Вся страна,Средняя,59678,71,26550875,24.0,16,13,87829,1662,True,False,False,False,False,False,True,False,True,False,2
ИС передачи #1824,Связь,Объектовый,Один город,Средняя,138,4,1499785,24.0,2,10,84,1209,False,False,False,False,False,False,False,False,True,False,0
Платформа хранения #1825,Транспорт,Муниципальный,Субъект РФ,Критическая,54440,4,18899421,4.0,7,8,67287,495,True,True,False,True,False,False,True,True,True,False,3
ИС мониторинга #1826,Транспорт,Региональный,Федеральный округ,Средняя,36980,12,10361410,24.0,6,13,55166,817,False,True,False,True,False,False,True,True,False,False,3
Система обработки #1827,Банковская сфера,Федеральный,Один город,Средняя,242336,2,9841288,24.0,7,19,222926,63,True,False,False,False,False,False,False,False,False,True,2
Платформа обработки #1828,Связь,Муниципальный,Федеральный округ,Средняя,23142,17,3358277,72.0,8,8,18178,2157,True,False,False,False,False,False,False,False,True,False,1
Сеть хранения #1829,Здравоохранение,Федеральный,Несколько муниципалитетов,Низкая,385047,2,457767,168.0,12,22,515347,100,True,False,False,True,False,False,False,False,False,False,3
Портал мониторинга #1830,Связь,Объектовый,Несколько муниципалитетов,Высокая,3220,1,113920775,12.0,2,4,1750,230,True,False,False,False,False,False,False,True,True,False,1
Сервис обработки #1831,Наука,Объектовый,Субъект РФ,Высокая,868,3,21984612,8.0,2,1,1094,86,True,False,False,False,False,False,True,False,False,False,1
ИС аналитики #1832,Энергетика,Муниципальный,Один город,Средняя,31305,3,1559997,72.0,5,9,42558,1750,False,True,False,False,True,False,False,False,False,False,0
Система хранения #1833,Топливная промышленность,Региональный,Субъект РФ,Критическая,112780,4,148129074,4.0,7,9,77428,1300,True,True,False,True,True,False,False,False,False,False,3
Система обработки #1834,Энергетика,Муниципальный,Федеральный округ,Низкая,14890,16,24145,48.0,5,8,18381,3058,False,True,False,False,True,False,False,False,False,False,1
АСУ ТП хранения #1835,Государственное управление,Муниципальный,Вся страна,Высокая,25440,86,11541158,24.0,7,17,20523,2154,True,False,True,False,False,True,True,False,False,True,3
АСУ ТП передачи #1836,Здравоохранение,Региональный,Несколько муниципалитетов,Высокая,61538,4,9196244,12.0,8,19,40884,228,True,False,False,True,False,False,False,False,True,False,2
Платформа аналитики #1837,Государственное управление,Региональный,Федеральный округ,Средняя,123424,24,7249432,24.0,12,9,81357,840,True,False,True,False,False,True,True,False,False,True,3
Система обработки #1838,Транспорт,Объектовый,Вся страна,Средняя,1750,77,6460041,48.0,3,6,270,640,True,True,False,True,False,False,True,True,False,False,2
Платформа хранения #1839,Энергетика,Региональный,Субъект РФ,Средняя,35675,3,757645,72.0,8,10,13637,381,False,True,True,False,True,False,False,False,False,True,2
Система передачи #1840,Наука,Региональный,Федеральный округ,Низкая,302507,14,454093,72.0,2,22,371791,193,True,False,False,False,False,False,False,False,False,False,1
Портал мониторинга #1841,Топливная промышленность,Региональный,Субъект РФ,Критическая,51183,2,131910220,4.0,10,7,11064,2175,True,True,False,True,True,False,False,False,False,False,3
ИС обработки #1842,Государственное управление,Федеральный,Субъект РФ,Средняя,489772,8,1731795,168.0,5,1,553557,2569,False,True,True,False,False,False,True,False,False,True,3
АСУ ТП передачи #1843,Здравоохранение,Объектовый,Субъект РФ,Средняя,4069,1,1875254,72.0,3,3,4669,476,False,False,False,True,False,False,True,False,False,False,1
ИС аналитики #1844,Связь,Региональный,Субъект РФ,Низкая,158907,9,183319,48.0,11,17,37842,726,True,False,False,False,False,False,True,False,True,False,1
Портал мониторинга #1845,Топливная промышленность,Федеральный,Несколько муниципалитетов,Средняя,731150,1,42533538,48.0,16,25,666531,2646,True,True,False,False,True,False,False,False,False,False,2
Система обработки #1846,Связь,Региональный,Один город,Высокая,23456,4,245544333,8.0,9,12,14731,586,True,False,False,False,False,False,False,False,True,False,2
ИС мониторинга #1847,Государственное управление,Региональный,Один город,Средняя,172086,3,4767394,48.0,6,18,139423,1970,False,False,True,False,False,False,True,False,False,True,2
Система управления #1848,Государственное управление,Объектовый,Субъект РФ,Низкая,2144,6,251205,72.0,1,6,2135,293,False,False,True,False,False,False,True,False,False,True,1
Платформа управления #1849,Транспорт,Муниципальный,Федеральный округ,Средняя,41702,28,2833165,72.0,6,6,11184,1395,False,True,False,True,False,False,True,True,False,False,2
Портал хранения #1850,Связь,Объектовый,Вся страна,Низкая,1381,88,190504,168.0,4,5,1078,1391,False,False,False,False,False,False,False,False,True,False,0
Система управления #1851,Транспорт,Региональный,Субъект РФ,Критическая,401324,8,24592704,1.0,10,22,140661,1503,True,True,False,True,False,False,True,True,False,False,3
Сеть мониторинга #1852,Энергетика,Объектовый,Несколько муниципалитетов,Средняя,3382,3,5531603,72.0,3,4,3339,202,True,True,False,False,True,False,False,False,False,False,0
Портал хранения #1853,Энергетика,Федеральный,Несколько муниципалитетов,Низкая,1072826,1,201033,72.0,18,13,932656,309,True,True,False,False,True,False,False,False,True,False,2
АСУ ТП передачи #1854,Оборонная промышленность,Региональный,Федеральный округ,Низкая,323774,27,77482,168.0,9,11,48781,2474,False,True,False,False,False,True,False,False,False,True,3
Сервис аналитики #1855,Наука,Объектовый,Вся страна,Высокая,2354,71,29825998,24.0,3,2,1826,861,True,False,False,False,False,False,False,False,False,False,1
ИС аналитики #1856,Транспорт,Региональный,Вся страна,Средняя,327315,74,1163902,48.0,9,18,394833,372,True,True,False,True,False,False,True,True,False,False,3
АСУ ТП управления #1857,Государственное управление,Федеральный,Один город,Высокая,1184614,2,272076863,8.0,9,10,1023934,2736,True,True,True,False,False,False,True,False,False,True,3
ИС мониторинга #1858,Наука,Объектовый,Вся страна,Средняя,3679,77,12566090,72.0,2,7,918,145,True,True,False,False,False,False,False,False,False,False,1
Сервис управления #1859,Наука,Региональный,Федеральный округ,Средняя,470541,20,2061420,48.0,10,29,632033,2637,True,False,False,False,False,False,False,True,False,False,2
Сервис мониторинга #1860,Топливная промышленность,Региональный,Несколько муниципалитетов,Критическая,290085,3,12920508,0.5,8,7,189665,1455,True,True,False,True,True,False,False,False,False,False,3
Сеть мониторинга #1861,Топливная промышленность,Региональный,Вся страна,Высокая,148890,79,10232134,12.0,10,17,133532,1401,True,True,False,False,True,False,False,False,False,False,2
АСУ ТП хранения #1862,Связь,Региональный,Несколько муниципалитетов,Низкая,70167,2,698797,24.0,11,16,100307,3059,False,False,False,False,False,False,False,False,True,False,1
ИС обработки #1863,Здравоохранение,Муниципальный,Субъект РФ,Низкая,14956,7,34542,168.0,7,1,19978,2150,False,False,False,True,True,False,False,False,False,False,1
Платформа передачи #1864,Связь,Муниципальный,Федеральный округ,Средняя,25111,17,679972,72.0,4,13,11804,2457,False,True,False,False,False,False,False,False,True,False,1
ИС управления #1865,Наука,Муниципальный,Один город,Низкая,9381,3,157288,72.0,7,20,13180,825,False,True,False,False,False,False,True,False,False,False,1
Система обработки #1866,Банковская сфера,Объектовый,Один город,Средняя,965,2,218485,48.0,3,8,1148,153,False,True,False,False,False,False,True,False,False,True,1
Сеть аналитики #1867,Банковская сфера,Муниципальный,Несколько муниципалитетов,Критическая,8513,1,396449662,2.0,4,10,9578,2684,True,False,False,False,False,False,False,False,False,True,2
Сеть обработки #1868,Здравоохранение,Объектовый,Вся страна,Высокая,1331,83,2173124244,24.0,5,7,595,917,True,False,True,True,False,False,False,False,True,True,3
АСУ ТП обработки #1869,Транспорт,Федеральный,Один город,Низкая,889786,2,238402,72.0,11,19,1278161,1129,False,True,False,True,False,False,True,True,False,False,3
Сеть обработки #1870,Связь,Объектовый,Один город,Средняя,2731,2,894983,24.0,2,7,658,382,True,False,False,False,False,False,False,False,True,False,0
Сеть мониторинга #1871,Транспорт,Муниципальный,Один город,Средняя,44240,2,914311,48.0,2,7,35509,2005,True,True,False,True,False,False,True,True,False,False,2
АСУ ТП управления #1872,Оборонная промышленность,Объектовый,Федеральный округ,Средняя,3626,29,1321138,72.0,4,4,4617,475,False,False,True,False,False,True,False,False,False,True,2
Сервис аналитики #1873,Государственное управление,Объектовый,Несколько муниципалитетов,Средняя,3733,1,19291310,48.0,1,5,2367,472,False,False,True,False,False,True,True,False,False,True,2
Система мониторинга #1874,Государственное управление,Региональный,Вся страна,Средняя,73405,66,1428350,24.0,6,5,88666,2125,True,False,True,False,False,False,True,False,False,True,2
Сервис обработки #1875,Связь,Муниципальный,Федеральный округ,Низкая,34353,11,110226,24.0,4,8,6523,1240,False,False,False,False,False,False,False,False,True,False,0
АСУ ТП передачи #1876,Банковская сфера,Объектовый,Вся страна,Средняя,3745,61,250587,48.0,2,4,2617,747,False,False,False,False,False,False,True,False,False,False,0
Сеть хранения #1877,Оборонная промышленность,Объектовый,Один город,Средняя,740,4,8536258,24.0,3,7,253,370,False,False,False,False,False,False,False,False,False,True,0
Система мониторинга #1878,Энергетика,Региональный,Субъект РФ,Средняя,382000,3,1368435,48.0,9,3,147773,853,False,True,False,False,True,False,False,False,False,False,1
АСУ ТП передачи #1879,Оборонная промышленность,Муниципальный,Вся страна,Средняя,52522,61,324737,72.0,4,4,7230,421,True,False,False,False,False,True,False,True,False,True,2
Портал обработки #1880,Оборонная промышленность,Объектовый,Федеральный округ,Средняя,1759,22,1985213,168.0,2,4,2341,616,False,False,False,False,False,True,False,False,False,True,1
АСУ ТП управления #1881,Наука,Муниципальный,Несколько муниципалитетов,Высокая,79866,3,82931695,12.0,4,8,95446,2555,True,False,False,False,False,False,False,False,False,False,1
Платформа хранения #1882,Наука,Региональный,Несколько муниципалитетов,Низкая,240630,2,45124,168.0,12,6,196440,1441,False,False,False,False,False,False,False,False,False,False,1
Платформа мониторинга #1883,Топливная промышленность,Муниципальный,Один город,Критическая,38752,2,59149364,2.0,5,6,22383,1625,True,True,False,False,True,False,False,False,False,False,1
Сеть хранения #1884,Банковская сфера,Объектовый,Федеральный округ,Высокая,343,27,11620184,24.0,1,5,93,1398,True,False,False,False,False,False,True,False,False,True,1
Портал управления #1885,Связь,Объектовый,Вся страна,Средняя,3557,64,3737852,24.0,1,3,4593,78,True,True,False,False,True,False,False,False,True,False,1
Система управления #1886,Наука,Региональный,Вся страна,Высокая,263628,51,51100606,4.0,8,5,26688,3168,True,True,True,False,False,False,False,False,False,True,3
ИС обработки #1887,Здравоохранение,Региональный,Субъект РФ,Высокая,65594,5,160549651,12.0,12,13,10748,1502,True,False,True,True,False,False,False,False,False,True,3
ИС управления #1888,Транспорт,Объектовый,Субъект РФ,Низкая,2562,3,35222,24.0,2,5,2739,228,False,True,False,True,False,False,True,True,True,False,2
ИС передачи #1889,Связь,Региональный,Вся страна,Средняя,323806,76,25606787,72.0,9,8,101665,1052,False,True,False,False,False,False,False,False,True,False,2
Система управления #1890,Банковская сфера,Региональный,Вся страна,Средняя,76689,74,2125973,48.0,7,12,97363,3570,True,False,False,False,False,False,False,False,False,True,2
АСУ ТП аналитики #1891,Энергетика,Объектовый,Вся страна,Высокая,778,77,83387565,24.0,2,6,1076,1298,True,True,True,False,True,False,False,False,False,True,2
Сеть аналитики #1892,Транспорт,Региональный,Федеральный округ,Средняя,124546,28,621659,24.0,8,18,180714,1962,False,True,False,True,False,False,True,True,False,False,3
ИС аналитики #1893,Оборонная промышленность,Объектовый,Субъект РФ,Средняя,4090,6,22040659,168.0,1,5,419,1240,False,True,False,False,False,True,False,False,False,True,2
ИС мониторинга #1894,Государственное управление,Региональный,Один город,Высокая,35611,3,79890952,24.0,10,16,32740,2398,True,False,True,False,False,True,True,False,True,True,3
ИС аналитики #1895,Здравоохранение,Муниципальный,Несколько муниципалитетов,Высокая,88747,3,155972260,12.0,6,8,33596,1793,True,False,False,True,True,False,False,False,False,False,2
АСУ ТП обработки #1896,Государственное управление,Региональный,Федеральный округ,Средняя,245417,16,1264033,72.0,7,6,238048,2964,False,False,True,False,False,True,True,False,False,True,3
ИС управления #1897,Транспорт,Региональный,Субъект РФ,Высокая,254967,3,133615033,12.0,9,23,120746,496,True,True,False,True,False,False,True,True,False,False,3
Портал хранения #1898,Оборонная промышленность,Федеральный,Федеральный округ,Средняя,876012,29,3315613,168.0,9,29,267613,392,False,False,True,False,True,True,False,False,False,True,3
Портал обработки #1899,Оборонная промышленность,Региональный,Один город,Критическая,342458,2,12700397,1.0,7,4,347610,112,True,False,False,True,False,True,False,False,False,True,3
Система аналитики #1900,Здравоохранение,Объектовый,Федеральный округ,Низкая,755,13,24702,72.0,3,5,96,249,False,True,False,True,True,False,False,False,False,False,1
Платформа мониторинга #1901,Связь,Муниципальный,Субъект РФ,Высокая,41799,6,235226003,24.0,6,8,28845,821,True,False,False,False,False,False,False,True,True,False,1
Портал хранения #1902,Здравоохранение,Региональный,Вся страна,Высокая,149083,76,261555301,24.0,7,7,171600,1720,True,False,False,True,False,False,False,False,False,False,3
Сервис хранения #1903,Энергетика,Федеральный,Несколько муниципалитетов,Критическая,557174,3,68023750,4.0,6,21,331303,213,True,True,False,True,True,False,False,False,False,False,3
Система обработки #1904,Транспорт,Муниципальный,Один город,Высокая,9467,3,202419223,24.0,3,4,9495,2218,True,True,False,True,False,False,True,True,False,False,2
АСУ ТП обработки #1905,Оборонная промышленность,Региональный,Федеральный округ,Низкая,303478,14,348557,168.0,13,16,168426,1433,False,False,False,False,False,False,False,False,False,True,2
Сервис передачи #1906,Связь,Региональный,Вся страна,Средняя,140121,84,13495851,24.0,9,12,129718,1778,True,False,False,False,False,False,False,False,True,False,2
ИС обработки #1907,Связь,Региональный,Субъект РФ,Высокая,224079,9,3021174,24.0,9,13,92657,637,True,True,False,False,False,False,False,False,True,False,2
Сервис управления #1908,Энергетика,Региональный,Федеральный округ,Высокая,62880,16,15897399,8.0,9,13,78877,1134,True,True,False,False,True,False,False,False,False,False,2
АСУ ТП управления #1909,Топливная промышленность,Объектовый,Федеральный округ,Высокая,632,29,205976444,8.0,1,4,589,707,True,True,False,False,True,False,False,False,True,False,2
Сеть хранения #1910,Энергетика,Региональный,Субъект РФ,Средняя,113305,4,8216664,72.0,13,13,41951,447,False,True,False,False,True,False,False,False,False,False,1
АСУ ТП хранения #1911,Банковская сфера,Муниципальный,Несколько муниципалитетов,Средняя,12421,2,4172524,72.0,5,10,14098,131,True,False,False,False,False,False,False,True,False,True,1
ИС передачи #1912,Государственное управление,Муниципальный,Несколько муниципалитетов,Средняя,17201,1,1100247,48.0,9,9,18590,980,True,False,True,False,False,True,True,False,False,True,2
Платформа аналитики #1913,Энергетика,Объектовый,Вся страна,Высокая,2457,54,25109418,12.0,3,3,1499,336,True,True,False,False,True,False,False,True,False,False,1
Сервис передачи #1914,Здравоохранение,Региональный,Субъект РФ,Низкая,80831,5,32807,24.0,13,18,97244,2120,False,False,False,True,False,False,False,False,False,False,2
Сервис обработки #1915,Государственное управление,Федеральный,Субъект РФ,Средняя,240043,7,5633756,48.0,18,21,245807,2164,True,False,True,False,False,False,True,False,False,True,3
ИС аналитики #1916,Транспорт,Региональный,Субъект РФ,Средняя,281582,6,8108850,24.0,6,10,111309,2456,False,True,False,True,False,False,True,True,False,False,3
Сервис обработки #1917,Энергетика,Муниципальный,Вся страна,Низкая,15096,70,132868,24.0,6,8,19055,95,True,True,False,False,True,False,False,False,False,False,1
ИС аналитики #1918,Банковская сфера,Региональный,Вся страна,Средняя,295640,77,1321665,24.0,9,10,439675,886,False,False,False,False,False,False,False,False,False,False,1
Система передачи #1919,Банковская сфера,Региональный,Один город,Высокая,377769,3,9733354,12.0,7,19,204596,1069,True,True,False,False,False,False,False,False,False,True,2
Платформа передачи #1920,Оборонная промышленность,Муниципальный,Один город,Критическая,26103,1,2399492,2.0,8,15,16675,1082,True,False,False,False,False,True,False,False,False,True,2
Сеть мониторинга #1921,Оборонная промышленность,Федеральный,Субъект РФ,Низкая,605114,5,64307,168.0,15,34,572692,5979,False,False,False,False,False,True,False,False,False,True,3
Сервис хранения #1922,Топливная промышленность,Региональный,Вся страна,Низкая,37565,60,317115,72.0,5,18,42367,1490,False,True,False,False,True,False,False,False,False,False,1
Сервис аналитики #1923,Энергетика,Региональный,Один город,Низкая,266450,4,202951,72.0,8,19,240595,2391,False,True,False,False,True,False,False,False,False,False,1
АСУ ТП мониторинга #1924,Государственное управление,Региональный,Несколько муниципалитетов,Высокая,111574,3,2302088560,4.0,2,18,36127,2738,True,False,True,False,False,True,True,False,False,True,3
Платформа мониторинга #1925,Государственное управление,Объектовый,Субъект РФ,Средняя,1888,8,5167657,48.0,3,5,837,717,False,False,True,False,False,True,True,False,True,True,2
АСУ ТП управления #1926,Оборонная промышленность,Объектовый,Несколько муниципалитетов,Средняя,272,1,27028036,24.0,3,5,386,217,False,False,True,False,False,True,False,False,False,True,2
Система аналитики #1927,Наука,Региональный,Несколько муниципалитетов,Средняя,183618,4,4628798,24.0,5,25,34483,3836,False,False,False,False,True,False,True,False,False,False,1
Платформа хранения #1928,Наука,Федеральный,Вся страна,Средняя,187871,84,2453018,24.0,15,29,89940,489,True,False,True,False,False,False,False,False,False,True,3
Платформа аналитики #1929,Транспорт,Региональный,Вся страна,Критическая,79732,60,214877604,0.5,11,16,64706,461,True,True,False,True,False,False,True,True,False,False,3
Портал передачи #1930,Связь,Региональный,Несколько муниципалитетов,Низкая,139122,1,95353,48.0,11,16,129748,622,False,True,False,False,False,False,False,False,True,False,1
ИС обработки #1931,Государственное управление,Муниципальный,Один город,Высокая,65732,4,2966055,24.0,3,7,85880,1290,True,True,True,False,False,True,True,False,False,True,3
Портал управления #1932,Наука,Федеральный,Федеральный округ,Критическая,591891,21,26598977,1.0,11,18,802118,301,True,False,False,True,False,True,True,False,False,True,3
ИС мониторинга #1933,Оборонная промышленность,Муниципальный,Один город,Высокая,45494,4,18370402,12.0,5,8,61097,1077,True,False,False,False,False,True,False,False,False,True,2
Платформа передачи #1934,Оборонная промышленность,Федеральный,Субъект РФ,Средняя,657067,7,675655,24.0,16,38,147392,2713,True,False,True,False,False,True,True,False,False,True,3
Портал хранения #1935,Здравоохранение,Региональный,Субъект РФ,Критическая,80612,5,15059148,0.5,8,20,33624,476,True,False,False,True,False,False,False,False,False,False,3
ИС обработки #1936,Банковская сфера,Региональный,Один город,Высокая,133661,4,405370026,4.0,1,5,36887,4168,True,False,False,False,False,False,False,False,False,True,2
Платформа мониторинга #1937,Здравоохранение,Региональный,Федеральный округ,Критическая,128568,16,155624135,4.0,7,15,177782,3505,True,False,False,True,True,False,True,False,False,False,3
АСУ ТП управления #1938,Топливная промышленность,Региональный,Субъект РФ,Средняя,334678,2,981103,48.0,7,18,485698,61,False,True,True,False,True,False,False,False,False,True,2
Система управления #1939,Связь,Региональный,Федеральный округ,Высокая,147998,26,8308628,8.0,11,17,126526,2642,True,True,False,False,False,False,False,False,True,False,2
Платформа аналитики #1940,Энергетика,Федеральный,Несколько муниципалитетов,Средняя,1108351,4,7173769,24.0,13,32,768975,5537,False,True,False,False,True,False,True,False,False,False,3
Сеть передачи #1941,Банковская сфера,Региональный,Один город,Средняя,38782,3,526283,48.0,12,16,9816,859,False,False,False,False,True,False,False,False,False,True,1
Сервис обработки #1942,Энергетика,Объектовый,Один город,Высокая,729,1,6711606,24.0,3,3,347,795,True,True,True,False,True,False,False,False,False,True,1
АСУ ТП аналитики #1943,Наука,Муниципальный,Вся страна,Средняя,37950,80,2305883,24.0,7,9,53593,552,False,True,False,False,False,False,False,False,False,False,1
АСУ ТП управления #1944,Государственное управление,Федеральный,Вся страна,Низкая,288718,53,107030,168.0,11,18,138660,2597,False,False,True,False,False,True,True,False,False,True,3
Сервис хранения #1945,Наука,Федеральный,Федеральный округ,Высокая,597560,14,259020532,24.0,13,19,324844,1638,True,True,False,False,False,False,False,False,False,False,3
ИС управления #1946,Транспорт,Федеральный,Вся страна,Средняя,751792,58,4556461,48.0,15,2,158386,3717,False,True,False,True,False,False,True,True,False,False,3
АСУ ТП обработки #1947,Энергетика,Региональный,Федеральный округ,Средняя,61345,10,8462365,72.0,5,20,48792,4465,True,True,False,False,True,False,False,False,False,False,1
Сервис управления #1948,Связь,Региональный,Субъект РФ,Высокая,220500,4,92297166,4.0,17,10,56336,2662,True,False,False,False,False,False,False,False,True,False,2
Платформа аналитики #1949,Банковская сфера,Региональный,Вся страна,Низкая,462917,72,185145,72.0,6,17,474306,2692,True,False,False,False,False,False,False,False,True,True,2
Платформа мониторинга #1950,Государственное управление,Федеральный,Вся страна,Низкая,341919,54,147505,168.0,11,18,500015,885,False,False,True,False,False,True,True,False,False,True,3
Сервис мониторинга #1951,Связь,Муниципальный,Федеральный округ,Средняя,15246,19,5848663,24.0,6,10,18438,512,False,False,False,False,False,False,False,False,True,False,1
Сеть хранения #1952,Банковская сфера,Региональный,Несколько муниципалитетов,Высокая,243950,3,3803930879,24.0,12,8,172625,869,True,False,False,False,False,False,False,False,False,True,3
АСУ ТП хранения #1953,Топливная промышленность,Федеральный,Несколько муниципалитетов,Средняя,1169826,2,11294215,48.0,15,24,937846,3471,False,True,False,False,True,False,False,False,False,False,2
Платформа мониторинга #1954,Топливная промышленность,Региональный,Вся страна,Критическая,88621,80,19923726,2.0,6,21,38525,2068,True,True,True,True,True,False,False,False,False,True,3
Сеть хранения #1955,Оборонная промышленность,Муниципальный,Один город,Высокая,6037,1,25394728,8.0,5,13,1497,2657,True,False,False,False,False,True,False,False,False,False,1
Сервис хранения #1956,Банковская сфера,Региональный,Вся страна,Средняя,308723,66,12399373,24.0,5,14,436834,960,True,False,False,False,False,False,False,False,False,False,2
Сеть обработки #1957,Оборонная промышленность,Объектовый,Федеральный округ,Низкая,568,24,74295,168.0,4,4,786,239,False,False,False,False,False,True,False,False,True,True,1
Сеть мониторинга #1958,Топливная промышленность,Региональный,Один город,Высокая,21184,4,33112084,4.0,10,16,12821,1448,True,True,False,False,True,False,False,False,False,False,2
Портал аналитики #1959,Государственное управление,Региональный,Вся страна,Низкая,121200,72,567386,48.0,9,17,162382,2003,False,False,True,False,False,False,True,False,False,True,2
Сервис мониторинга #1960,Банковская сфера,Региональный,Несколько муниципалитетов,Средняя,23822,4,856211,168.0,6,15,29496,1633,True,True,False,False,False,False,False,True,False,True,2
ИС мониторинга #1961,Государственное управление,Объектовый,Субъект РФ,Средняя,528,6,862382,72.0,4,6,323,909,True,False,True,False,False,False,True,True,False,True,1
АСУ ТП передачи #1962,Оборонная промышленность,Объектовый,Несколько муниципалитетов,Низкая,1849,4,1633628,72.0,4,4,2393,1019,False,False,False,False,False,False,True,False,True,True,0
Сеть мониторинга #1963,Наука,Федеральный,Субъект РФ,Средняя,625720,6,6656026,48.0,8,15,309401,1759,True,False,False,False,False,False,False,False,False,False,2
Сеть управления #1964,Наука,Федеральный,Один город,Критическая,406252,2,5001626,0.5,1,21,570077,375,True,False,True,True,False,True,False,False,False,True,3
Платформа управления #1965,Транспорт,Федеральный,Несколько муниципалитетов,Высокая,1685012,1,315465406,12.0,8,1,1225731,4601,True,True,False,True,False,False,True,True,True,False,3
Портал мониторинга #1966,Государственное управление,Региональный,Субъект РФ,Средняя,391144,5,4110566,72.0,6,9,46234,3823,False,False,True,False,False,True,True,False,False,True,2
Сервис аналитики #1967,Топливная промышленность,Региональный,Один город,Средняя,82623,4,10387831,168.0,10,23,51275,3844,False,True,False,False,True,False,False,False,False,False,1
ИС передачи #1968,Здравоохранение,Региональный,Один город,Низкая,154984,3,211633,48.0,7,14,157072,360,False,False,False,True,False,False,False,False,False,False,2
ИС обработки #1969,Банковская сфера,Объектовый,Субъект РФ,Средняя,2296,1,4913604,168.0,2,3,1071,494,False,False,True,False,False,False,False,False,False,True,1
Портал хранения #1970,Энергетика,Муниципальный,Несколько муниципалитетов,Высокая,73524,2,421229422,4.0,2,13,56557,2310,True,True,True,False,True,False,False,False,False,True,3
Сервис управления #1971,Оборонная промышленность,Муниципальный,Федеральный округ,Средняя,30624,26,1765370,72.0,6,10,33540,1282,True,False,False,False,False,False,False,True,False,True,1
ИС аналитики #1972,Энергетика,Региональный,Один город,Средняя,64009,1,1079329,24.0,10,24,69069,2336,False,True,True,False,True,False,False,False,True,True,2
ИС обработки #1973,Транспорт,Региональный,Несколько муниципалитетов,Средняя,108442,4,22922739,24.0,11,14,140981,3022,False,True,False,True,False,False,True,True,False,False,3
Портал аналитики #1974,Банковская сфера,Региональный,Субъект РФ,Высокая,400910,9,104362730,24.0,9,11,480828,1181,True,True,False,False,False,False,False,True,False,True,3
Система обработки #1975,Транспорт,Региональный,Федеральный округ,Критическая,306263,11,14248577,4.0,9,19,70649,1410,True,True,False,True,False,False,True,True,False,False,3
Сервис аналитики #1976,Связь,Муниципальный,Федеральный округ,Низкая,37611,17,133105,72.0,5,11,47763,124,False,False,False,False,False,False,False,False,True,False,0
ИС мониторинга #1977,Энергетика,Региональный,Вся страна,Средняя,97983,53,4422459,168.0,6,15,45398,3734,False,True,False,False,True,False,False,True,True,False,1
ИС управления #1978,Связь,Региональный,Федеральный округ,Средняя,109657,25,303532,24.0,13,20,163162,1846,True,True,False,False,False,False,False,False,True,False,2
Система передачи #1979,Наука,Региональный,Несколько муниципалитетов,Средняя,188133,4,2187988,72.0,13,15,23791,688,False,False,False,False,False,False,False,False,False,False,1
Портал мониторинга #1980,Связь,Региональный,Федеральный округ,Средняя,115159,12,4286913,168.0,1,14,48525,2952,True,True,False,False,False,False,False,True,True,False,1
Портал аналитики #1981,Оборонная промышленность,Региональный,Федеральный округ,Средняя,343550,16,2943283,72.0,4,26,309380,1357,True,False,True,False,False,True,False,False,False,False,2
Система хранения #1982,Транспорт,Региональный,Несколько муниципалитетов,Низкая,287500,4,240492,48.0,5,8,44169,1273,True,True,False,True,False,False,True,True,False,False,2
Система управления #1983,Энергетика,Объектовый,Федеральный округ,Средняя,287,25,1019955,24.0,2,4,166,434,False,True,False,False,True,False,False,False,False,False,1
Система аналитики #1984,Энергетика,Объектовый,Один город,Низкая,1620,4,42742,168.0,2,1,874,350,False,True,False,False,True,False,False,False,False,False,0
Система аналитики #1985,Транспорт,Региональный,Один город,Высокая,36672,1,122884263,12.0,10,24,48109,3243,True,True,False,True,False,False,True,True,False,False,3
ИС обработки #1986,Наука,Объектовый,Федеральный округ,Низкая,1170,12,422818,168.0,2,4,1703,889,False,False,False,False,False,False,False,False,True,False,0
ИС аналитики #1987,Оборонная промышленность,Федеральный,Федеральный округ,Средняя,364518,28,5398464,72.0,7,29,357157,2447,False,False,False,False,False,True,False,False,False,True,3
ИС хранения #1988,Топливная промышленность,Региональный,Субъект РФ,Критическая,45837,3,27384488,1.0,12,16,22640,1787,True,True,False,True,True,False,False,False,False,False,3
ИС хранения #1989,Здравоохранение,Региональный,Несколько муниципалитетов,Средняя,184260,4,2151275,24.0,10,21,121275,2097,False,False,True,True,True,False,False,False,False,True,3
Сеть управления #1990,Энергетика,Региональный,Несколько муниципалитетов,Средняя,64250,4,2791448,72.0,9,25,41890,1337,False,True,False,False,True,False,False,False,False,False,1
Сеть аналитики #1991,Оборонная промышленность,Муниципальный,Вся страна,Средняя,4230,83,2431845,72.0,6,7,3886,964,False,False,False,False,False,True,False,False,False,True,2
Сервис передачи #1992,Транспорт,Объектовый,Один город,Низкая,1812,3,146168,48.0,4,3,1902,809,True,True,False,True,False,False,True,True,False,False,2
АСУ ТП аналитики #1993,Государственное управление,Региональный,Субъект РФ,Высокая,114517,6,757857391,12.0,4,21,47704,158,True,True,True,False,False,False,True,False,False,True,3
Система хранения #1994,Энергетика,Объектовый,Один город,Высокая,3410,1,4160256,24.0,4,1,2691,1269,True,True,False,False,True,False,False,False,False,False,1
Платформа обработки #1995,Банковская сфера,Муниципальный,Вся страна,Средняя,41231,51,26963817,72.0,7,4,12636,217,False,True,False,False,False,False,False,False,False,True,2
Сервис обработки #1996,Транспорт,Объектовый,Вся страна,Средняя,2038,87,25841160,168.0,1,4,2097,359,True,True,False,True,False,False,True,True,False,False,2
Платформа управления #1997,Транспорт,Объектовый,Несколько муниципалитетов,Высокая,2050,3,206403322,8.0,2,2,287,673,True,True,False,True,False,False,True,True,False,False,2
АСУ ТП обработки #1998,Банковская сфера,Муниципальный,Несколько муниципалитетов,Средняя,15738,4,2092657,168.0,7,13,18587,246,True,False,False,False,False,False,False,True,False,True,1
Система хранения #1999,Наука,Объектовый,Субъект РФ,Высокая,1705,8,3702392266,12.0,3,8,1165,53,True,False,False,False,True,False,True,False,False,False,2
Портал обработки #2000,Топливная промышленность,Муниципальный,Вся страна,Средняя,6976,57,1060445,24.0,5,13,7325,1023,True,True,False,False,True,False,True,False,False,False,1
Платформа передачи #2001,Связь,Объектовый,Вся страна,Критическая,1019,51,105994872,2.0,3,2,184,301,True,False,False,True,True,False,False,False,True,False,3
Сервис обработки #2002,Государственное управление,Муниципальный,Федеральный округ,Средняя,41817,16,3226693,168.0,7,9,23128,1225,False,False,True,False,False,True,True,False,False,False,2
АСУ ТП управления #2003,Здравоохранение,Муниципальный,Субъект РФ,Высокая,58415,9,39628299,4.0,9,1,26584,692,True,True,False,True,False,False,False,False,False,False,3
Сервис мониторинга #2004,Энергетика,Муниципальный,Один город,Средняя,43001,2,2966592,24.0,5,11,48121,3020,False,True,False,False,True,False,False,False,False,False,1
Платформа аналитики #2005,Здравоохранение,Муниципальный,Субъект РФ,Низкая,30405,7,416745,48.0,6,11,27653,1210,False,False,False,True,False,False,True,False,False,False,2
АСУ ТП аналитики #2006,Энергетика,Объектовый,Один город,Средняя,3530,3,2083463,72.0,2,7,3374,297,True,True,False,False,True,False,False,False,False,False,0
Система аналитики #2007,Связь,Объектовый,Один город,Низкая,1824,1,665434,48.0,2,5,1538,614,False,False,False,False,False,False,False,False,True,False,0
АСУ ТП хранения #2008,Топливная промышленность,Муниципальный,Субъект РФ,Средняя,22307,4,318401,72.0,4,13,28742,1271,False,True,False,False,True,False,False,False,False,False,1
Сеть хранения #2009,Связь,Объектовый,Субъект РФ,Критическая,1904,9,317351322,2.0,1,5,1538,337,True,True,False,True,False,False,False,False,True,False,3
Сервис обработки #2010,Энергетика,Региональный,Один город,Средняя,363023,4,606635,48.0,10,4,540544,3081,True,True,False,False,True,False,False,False,False,False,2
АСУ ТП мониторинга #2011,Связь,Объектовый,Несколько муниципалитетов,Средняя,3606,3,38444900,48.0,1,7,4283,803,True,True,False,False,True,False,True,False,True,False,1
Сеть обработки #2012,Наука,Объектовый,Вся страна,Низкая,4492,83,78348,24.0,2,2,4324,102,False,False,False,False,False,False,False,False,False,False,0
Портал хранения #2013,Оборонная промышленность,Муниципальный,Субъект РФ,Низкая,35723,9,229354,168.0,6,9,30209,69,False,False,False,False,False,False,True,False,False,True,1
Платформа хранения #2014,Банковская сфера,Объектовый,Один город,Средняя,2029,2,1435697,48.0,2,6,3000,681,False,False,False,False,False,False,False,False,False,True,0
АСУ ТП обработки #2015,Энергетика,Региональный,Несколько муниципалитетов,Низкая,136027,2,17329,24.0,9,23,67230,1238,True,True,False,False,True,False,False,False,False,False,2
Сеть хранения #2016,Здравоохранение,Объектовый,Федеральный округ,Средняя,2319,13,3187679,72.0,1,4,3163,60,False,False,True,True,False,False,False,False,False,True,2
Платформа аналитики #2017,Энергетика,Региональный,Вся страна,Низкая,147107,87,313663,168.0,9,10,74023,1323,True,True,False,False,True,False,False,False,False,False,2
ИС аналитики #2018,Энергетика,Региональный,Один город,Критическая,209583,2,725140400,0.5,8,7,303909,3317,True,True,False,True,True,False,True,True,False,False,3
Сеть хранения #2019,Связь,Объектовый,Субъект РФ,Высокая,1986,4,333391029,24.0,3,2,1745,61,True,False,False,False,False,False,False,False,True,False,1
ИС аналитики #2020,Здравоохранение,Региональный,Федеральный округ,Средняя,119353,21,1160829,24.0,3,15,17010,3356,False,False,False,True,False,False,False,False,False,False,2
Платформа обработки #2021,Оборонная промышленность,Муниципальный,Субъект РФ,Средняя,59894,6,390105,168.0,5,7,49330,1175,True,False,True,False,False,True,False,False,True,True,2
Сеть управления #2022,Транспорт,Федеральный,Вся страна,Средняя,1498723,65,973685,72.0,17,33,2030530,694,False,True,False,True,False,False,True,True,False,False,3
Сеть управления #2023,Энергетика,Муниципальный,Субъект РФ,Критическая,17125,9,33150868,4.0,6,10,4178,596,True,True,True,True,True,False,False,False,False,True,3
АСУ ТП мониторинга #2024,Здравоохранение,Федеральный,Федеральный округ,Низкая,489578,29,409629,24.0,7,21,511388,715,True,False,False,True,False,False,False,False,False,False,3
Сеть мониторинга #2025,Наука,Федеральный,Один город,Средняя,1513440,4,2209878,168.0,12,22,454026,4015,False,True,False,False,False,False,False,False,False,False,2
Платформа мониторинга #2026,Связь,Региональный,Федеральный округ,Высокая,379629,25,21196641,24.0,7,12,370759,1580,True,False,False,False,False,False,False,False,True,False,2
Платформа хранения #2027,Здравоохранение,Региональный,Вся страна,Средняя,115882,69,2016553,24.0,5,18,149473,2951,False,False,False,True,False,False,True,False,False,False,3
Платформа обработки #2028,Топливная промышленность,Региональный,Федеральный округ,Высокая,286672,18,1088175915,4.0,6,14,204458,259,True,True,False,False,True,False,True,False,False,False,3
АСУ ТП управления #2029,Связь,Федеральный,Субъект РФ,Низкая,727709,8,128517,24.0,17,15,596099,2022,False,True,False,False,False,False,False,False,True,False,2
Сервис хранения #2030,Энергетика,Муниципальный,Вся страна,Средняя,39543,62,17400890,48.0,6,9,28328,2671,False,True,False,False,True,False,False,False,False,False,1
Сервис мониторинга #2031,Банковская сфера,Федеральный,Несколько муниципалитетов,Средняя,618498,1,961959,24.0,17,18,89841,974,False,True,False,False,False,False,False,False,False,False,2
Сервис обработки #2032,Здравоохранение,Региональный,Один город,Низкая,91766,4,245527,168.0,14,15,133051,792,False,False,False,True,False,False,False,False,False,False,2
Система передачи #2033,Здравоохранение,Региональный,Вся страна,Низкая,68722,80,106574,48.0,10,19,95107,661,False,True,False,True,False,False,False,False,False,False,2
Портал управления #2034,Государственное управление,Муниципальный,Вся страна,Средняя,8570,72,3857317,24.0,7,11,1423,107,True,False,True,False,False,True,True,False,False,True,3
АСУ ТП хранения #2035,Государственное управление,Региональный,Несколько муниципалитетов,Высокая,471751,3,44249269,8.0,8,23,387701,2104,True,False,True,False,False,False,True,False,False,True,3
ИС управления #2036,Здравоохранение,Объектовый,Несколько муниципалитетов,Средняя,1456,2,1571781,168.0,2,5,670,186,False,False,False,True,False,False,False,False,True,False,1
Платформа мониторинга #2037,Энергетика,Объектовый,Федеральный округ,Высокая,1387,10,781158,4.0,1,3,704,358,True,True,False,False,True,False,True,False,False,False,1
АСУ ТП передачи #2038,Транспорт,Региональный,Федеральный округ,Высокая,218600,19,27341428,4.0,11,21,98770,2703,True,True,False,True,False,False,True,True,False,False,3
Портал обработки #2039,Оборонная промышленность,Объектовый,Один город,Высокая,4113,3,2889277605,12.0,1,1,5433,630,True,False,False,False,False,True,False,False,True,True,2
Портал передачи #2040,Банковская сфера,Муниципальный,Федеральный округ,Средняя,16334,20,3997424,72.0,8,11,12688,621,False,False,False,False,False,False,False,False,False,True,1
Платформа передачи #2041,Транспорт,Муниципальный,Федеральный округ,Средняя,39047,28,5168484,72.0,8,9,18196,558,False,True,False,True,False,False,True,True,False,False,2
Сеть мониторинга #2042,Наука,Объектовый,Вся страна,Средняя,399,84,4856673,168.0,4,6,596,413,False,True,False,False,True,False,False,False,False,False,1
ИС мониторинга #2043,Энергетика,Федеральный,Несколько муниципалитетов,Низкая,443783,2,152376,48.0,19,12,508553,1812,True,True,False,False,True,False,False,False,False,False,2
Система мониторинга #2044,Связь,Муниципальный,Вся страна,Средняя,33296,78,1980686,48.0,8,5,23162,792,False,True,False,False,False,False,False,False,True,False,1
АСУ ТП аналитики #2045,Оборонная промышленность,Федеральный,Несколько муниципалитетов,Высокая,997370,1,12040586,4.0,14,33,471131,1342,True,False,False,False,False,True,False,False,False,True,3
ИС аналитики #2046,Банковская сфера,Объектовый,Вся страна,Низкая,606,65,176046,168.0,3,6,446,27,False,True,False,False,False,False,False,False,False,True,1
ИС аналитики #2047,Банковская сфера,Региональный,Федеральный округ,Высокая,17483,23,296335472,8.0,7,8,10507,1026,True,False,False,False,False,False,False,False,False,True,2
ИС передачи #2048,Топливная промышленность,Федеральный,Один город,Низкая,440013,3,93673,72.0,15,26,334871,5147,True,True,False,False,True,False,False,False,False,False,2
ИС аналитики #2049,Банковская сфера,Муниципальный,Федеральный округ,Критическая,1513,22,228742241,0.5,6,9,1052,1095,True,False,False,True,False,False,False,False,False,True,3
Система хранения #2050,Банковская сфера,Федеральный,Один город,Критическая,821556,4,223577204,4.0,8,14,639009,1242,True,False,True,True,False,True,False,False,True,True,3
Портал обработки #2051,Энергетика,Объектовый,Федеральный округ,Низкая,1479,11,20293,24.0,2,8,2045,734,True,True,False,False,True,False,False,False,False,False,1
Система передачи #2052,Здравоохранение,Региональный,Один город,Средняя,481562,4,2249527,72.0,8,10,104385,518,False,False,True,True,False,False,False,False,False,True,3
Система аналитики #2053,Связь,Региональный,Несколько муниципалитетов,Низкая,110351,1,303721,24.0,9,16,143139,1913,False,False,False,False,False,False,False,True,True,False,1
Платформа хранения #2054,Наука,Муниципальный,Субъект РФ,Средняя,80736,8,5601403,24.0,6,6,51264,654,False,True,False,False,False,False,False,False,False,False,1
Портал хранения #2055,Транспорт,Объектовый,Федеральный округ,Средняя,1979,16,7400539,72.0,2,1,985,274,False,True,False,True,False,False,True,True,False,False,2
Сервис управления #2056,Топливная промышленность,Муниципальный,Вся страна,Средняя,29010,56,855336,24.0,3,12,14594,90,True,True,False,False,True,False,True,False,False,False,2
Система хранения #2057,Государственное управление,Объектовый,Вся страна,Низкая,346,54,189851,24.0,2,3,113,633,False,False,True,False,False,True,True,False,False,True,2
Сервис хранения #2058,Связь,Федеральный,Один город,Средняя,423046,1,2014726,168.0,13,12,513151,5195,False,False,False,False,False,False,False,False,True,False,1
Платформа мониторинга #2059,Связь,Федеральный,Вся страна,Высокая,1242862,72,30221748,4.0,14,19,1370625,2399,True,False,False,False,False,False,True,False,True,False,3
ИС аналитики #2060,Оборонная промышленность,Региональный,Федеральный округ,Низкая,60532,26,199524,24.0,11,23,55785,390,False,False,False,False,True,True,False,False,False,True,2
Портал аналитики #2061,Государственное управление,Региональный,Один город,Высокая,90165,2,95755813,12.0,11,10,41611,1658,True,False,True,False,False,True,True,False,False,True,3
Сеть мониторинга #2062,Государственное управление,Региональный,Один город,Средняя,206242,1,6710610,24.0,7,13,149446,972,False,False,True,False,False,True,True,False,False,True,3
Платформа управления #2063,Государственное управление,Региональный,Субъект РФ,Средняя,32998,8,11982362,24.0,9,11,31890,843,True,True,True,False,False,False,True,True,False,True,3
АСУ ТП аналитики #2064,Оборонная промышленность,Объектовый,Вся страна,Средняя,761,52,2887914,24.0,3,7,393,772,False,False,False,False,False,True,False,False,False,True,2
Платформа обработки #2065,Государственное управление,Региональный,Один город,Средняя,221817,2,11291342,48.0,10,25,227466,901,True,False,True,False,False,False,True,False,False,True,2
ИС хранения #2066,Связь,Объектовый,Субъект РФ,Средняя,2711,1,2947337,48.0,2,7,3754,554,False,True,False,False,False,False,True,False,True,False,0
Сеть обработки #2067,Здравоохранение,Региональный,Вся страна,Высокая,198083,64,141373179,12.0,10,11,196955,1843,True,False,False,True,False,False,False,False,False,False,3
ИС передачи #2068,Банковская сфера,Объектовый,Несколько муниципалитетов,Средняя,215,4,9308598,48.0,2,7,90,1423,False,False,False,False,False,False,False,False,False,True,0
Сервис передачи #2069,Наука,Региональный,Один город,Средняя,26279,2,4704380,48.0,10,13,34643,1913,True,False,False,False,False,False,True,True,False,False,1
Платформа аналитики #2070,Связь,Объектовый,Субъект РФ,Высокая,795,8,72338100,8.0,1,7,222,203,True,False,False,False,False,False,False,False,True,False,1
Сеть управления #2071,Оборонная промышленность,Федеральный,Несколько муниципалитетов,Средняя,1156970,2,10769240,48.0,14,35,251106,4917,True,True,False,False,False,True,False,False,False,True,3
Платформа передачи #2072,Банковская сфера,Региональный,Федеральный округ,Средняя,440964,24,5589063,72.0,7,18,405737,1324,False,True,False,False,True,False,True,False,False,True,2
Платформа хранения #2073,Оборонная промышленность,Объектовый,Субъект РФ,Высокая,4262,5,47887642,24.0,5,6,1801,449,True,False,False,False,False,True,False,False,False,True,2
Система хранения #2074,Банковская сфера,Муниципальный,Субъект РФ,Средняя,36859,4,3831124,168.0,5,9,42379,1388,False,False,False,False,False,False,False,False,False,True,0
Сервис обработки #2075,Топливная промышленность,Объектовый,Несколько муниципалитетов,Низкая,256,2,122867,72.0,3,5,206,1450,True,True,False,False,True,False,False,False,False,False,0
Система управления #2076,Банковская сфера,Федеральный,Вся страна,Критическая,1310611,51,36307369,0.5,8,3,1689411,119,True,False,False,True,True,True,False,False,False,True,3
Сеть обработки #2077,Связь,Региональный,Один город,Средняя,86406,2,2813858,168.0,5,18,87602,3605,False,False,False,False,False,False,False,True,True,False,0
Портал мониторинга #2078,Государственное управление,Федеральный,Федеральный округ,Высокая,460140,10,20520001,8.0,19,21,404570,3804,True,False,True,False,False,True,True,False,False,True,3
ИС обработки #2079,Наука,Федеральный,Один город,Низкая,521740,3,62730,24.0,15,27,359005,5061,False,False,False,False,False,False,False,False,False,False,1
Сеть управления #2080,Здравоохранение,Федеральный,Несколько муниципалитетов,Высокая,894856,4,6222177,12.0,14,16,1253951,983,True,False,False,True,False,False,True,False,False,False,3
Платформа хранения #2081,Энергетика,Муниципальный,Федеральный округ,Средняя,18614,28,651138,48.0,5,10,2814,2544,True,True,False,False,True,False,False,True,False,False,1
Портал передачи #2082,Банковская сфера,Муниципальный,Вся страна,Низкая,4611,87,195255,48.0,6,10,5369,435,False,False,False,False,False,False,True,False,False,True,1
Система обработки #2083,Энергетика,Объектовый,Субъект РФ,Критическая,647,9,944685517,1.0,3,5,109,71,True,True,False,False,True,False,False,False,False,False,2
Платформа управления #2084,Транспорт,Муниципальный,Несколько муниципалитетов,Высокая,36720,1,61418449,4.0,3,13,33761,291,True,True,False,True,False,False,True,True,False,False,3
ИС передачи #2085,Здравоохранение,Региональный,Федеральный округ,Высокая,53609,24,174108454,12.0,8,8,76810,910,True,False,False,True,False,False,False,False,False,False,3
Сервис аналитики #2086,Транспорт,Региональный,Несколько муниципалитетов,Критическая,25157,4,36362470,4.0,4,18,22610,3401,True,True,False,True,False,False,True,True,False,False,3
Сеть аналитики #2087,Государственное управление,Муниципальный,Вся страна,Средняя,20932,74,2159171,48.0,6,9,12782,668,False,False,True,False,False,True,True,False,False,True,2
ИС аналитики #2088,Наука,Региональный,Вся страна,Критическая,108493,87,324873879,1.0,12,14,54198,3070,True,False,False,True,False,False,False,False,False,False,3
Сервис хранения #2089,Транспорт,Объектовый,Вся страна,Средняя,1720,54,1734945,24.0,1,8,559,920,False,True,False,True,False,False,True,True,False,False,2
ИС аналитики #2090,Государственное управление,Региональный,Субъект РФ,Низкая,219581,7,137832,24.0,9,15,102193,764,False,False,True,False,False,True,True,False,False,False,3
ИС аналитики #2091,Связь,Региональный,Вся страна,Средняя,239974,84,803564,72.0,10,22,168906,1558,False,False,False,False,False,False,False,False,True,False,1
Портал передачи #2092,Транспорт,Объектовый,Вся страна,Низкая,2252,59,95971,48.0,3,4,1738,624,False,True,True,True,True,False,True,True,False,True,3
Портал управления #2093,Транспорт,Муниципальный,Субъект РФ,Средняя,62043,3,6034541,72.0,5,2,73493,1025,False,True,False,True,False,False,True,True,False,False,2
АСУ ТП передачи #2094,Оборонная промышленность,Региональный,Вся страна,Высокая,328136,61,13269538,4.0,11,17,461864,425,True,True,False,False,False,True,False,False,True,True,3
Система мониторинга #2095,Топливная промышленность,Объектовый,Федеральный округ,Средняя,2977,26,4065242,168.0,3,1,4220,1390,False,True,False,False,True,False,False,False,False,False,1
Сеть передачи #2096,Топливная промышленность,Муниципальный,Субъект РФ,Средняя,13501,1,1202596,24.0,2,14,16240,1317,False,True,False,False,True,False,True,False,False,False,1
Сеть обработки #2097,Энергетика,Объектовый,Федеральный округ,Высокая,4033,16,671269123,12.0,2,2,5875,336,True,True,False,False,True,False,False,True,False,False,2
Сервис хранения #2098,Связь,Объектовый,Субъект РФ,Средняя,2220,3,8512663,72.0,2,2,1503,617,False,False,False,False,False,False,True,False,True,False,0
Портал управления #2099,Государственное управление,Муниципальный,Несколько муниципалитетов,Низкая,86303,1,467396,24.0,5,16,88482,551,False,True,True,False,False,True,True,False,False,True,3
АСУ ТП управления #2100,Транспорт,Федеральный,Один город,Низкая,177265,2,217334,72.0,15,1,110500,1886,False,True,False,True,False,False,True,True,False,False,3
Сеть обработки #2101,Наука,Федеральный,Несколько муниципалитетов,Высокая,304168,3,114338108,8.0,16,25,161948,4659,True,False,False,False,False,False,False,False,False,False,2
Сеть передачи #2102,Наука,Региональный,Один город,Высокая,468271,2,698200,12.0,5,16,384708,749,True,False,False,False,False,False,False,False,True,False,1
Сервис передачи #2103,Энергетика,Региональный,Субъект РФ,Высокая,281800,3,81813750,8.0,1,1,265501,1569,True,True,False,False,True,False,True,False,False,False,2
Сервис передачи #2104,Государственное управление,Федеральный,Федеральный округ,Высокая,118364,21,36066188,12.0,13,21,73482,2984,True,False,True,False,False,True,True,False,False,True,3
Сервис хранения #2105,Наука,Муниципальный,Несколько муниципалитетов,Высокая,11529,4,102133617,8.0,7,8,15927,1340,True,True,False,False,False,False,False,False,False,False,2
Платформа управления #2106,Связь,Муниципальный,Один город,Средняя,13928,3,1032687,24.0,6,8,8781,106,False,False,False,False,False,False,False,False,True,False,0
ИС мониторинга #2107,Оборонная промышленность,Объектовый,Несколько муниципалитетов,Высокая,3523,1,60202950,8.0,3,6,1205,893,True,False,False,False,False,True,True,False,False,True,2
Платформа управления #2108,Транспорт,Федеральный,Один город,Высокая,1895577,1,12327521,12.0,15,30,360871,1319,True,True,False,True,True,False,True,True,False,False,3
Система хранения #2109,Государственное управление,Региональный,Один город,Низкая,405645,1,68300,48.0,8,15,588233,1944,False,True,True,False,True,True,True,False,False,True,3
Система мониторинга #2110,Здравоохранение,Муниципальный,Вся страна,Низкая,28961,72,195821,168.0,3,13,12578,133,True,False,True,True,False,False,False,False,False,True,3
Система мониторинга #2111,Топливная промышленность,Объектовый,Федеральный округ,Средняя,211,20,1298637,48.0,2,7,78,948,False,True,False,False,True,False,False,False,False,False,0
ИС управления #2112,Банковская сфера,Объектовый,Один город,Средняя,571,3,4322237,24.0,3,5,528,528,True,True,False,False,False,False,False,False,False,False,1
Сервис обработки #2113,Государственное управление,Объектовый,Несколько муниципалитетов,Высокая,453,2,86014694,24.0,2,5,234,418,True,True,True,False,False,True,True,True,True,False,2
Платформа хранения #2114,Банковская сфера,Федеральный,Федеральный округ,Средняя,1471442,25,3511682,24.0,4,21,2043897,3621,False,False,False,False,False,False,False,False,False,True,3
Сервис хранения #2115,Оборонная промышленность,Объектовый,Вся страна,Критическая,774,84,1372204210,0.5,4,5,792,129,True,False,False,True,False,True,True,False,True,True,3
АСУ ТП хранения #2116,Наука,Региональный,Один город,Средняя,55273,2,14047887,24.0,8,10,35883,1658,False,False,False,False,False,False,True,True,True,False,1
ИС управления #2117,Здравоохранение,Региональный,Вся страна,Средняя,213393,88,43879644,24.0,11,8,290470,1338,False,False,False,True,False,False,False,False,False,False,3
Портал хранения #2118,Энергетика,Региональный,Вся страна,Низкая,142643,81,528681,48.0,10,21,180123,2846,False,True,False,False,True,False,False,True,False,False,2
АСУ ТП управления #2119,Транспорт,Федеральный,Вся страна,Высокая,444523,83,110121844,12.0,14,12,182642,6233,True,True,False,True,False,False,True,True,True,False,3
Сервис передачи #2120,Транспорт,Объектовый,Несколько муниципалитетов,Средняя,1587,2,11097243,72.0,3,5,582,284,True,True,False,True,False,False,True,True,False,False,2
ИС передачи #2121,Энергетика,Объектовый,Один город,Критическая,1736,3,6766237,0.5,3,6,1772,690,True,True,True,True,True,False,False,False,False,True,3
АСУ ТП передачи #2122,Энергетика,Региональный,Федеральный округ,Средняя,101008,20,499028,72.0,8,13,114257,3009,False,True,False,False,True,False,False,False,False,False,2
Система передачи #2123,Государственное управление,Региональный,Субъект РФ,Низкая,269587,9,544433,168.0,4,19,337347,853,False,False,True,False,False,False,True,False,False,True,2
Система аналитики #2124,Топливная промышленность,Объектовый,Федеральный округ,Высокая,291,10,166842066,12.0,2,5,278,621,True,True,False,False,True,False,False,False,True,False,1
Сервис управления #2125,Банковская сфера,Муниципальный,Субъект РФ,Низкая,61313,3,167718,48.0,7,2,83995,237,True,False,False,False,False,False,True,False,False,True,1
Платформа аналитики #2126,Оборонная промышленность,Региональный,Субъект РФ,Средняя,143433,4,954182,24.0,11,17,192774,3700,False,False,False,False,False,False,False,False,False,True,2
ИС хранения #2127,Транспорт,Объектовый,Субъект РФ,Высокая,902,9,751195516,24.0,2,1,900,802,True,True,True,True,False,False,True,True,False,True,3
Портал управления #2128,Энергетика,Региональный,Несколько муниципалитетов,Средняя,119518,3,14939598,72.0,7,2,162264,172,False,True,False,False,True,False,False,False,False,False,1
АСУ ТП аналитики #2129,Здравоохранение,Региональный,Субъект РФ,Средняя,113877,5,2417316,24.0,3,6,51248,603,False,True,False,True,False,False,False,False,True,False,2
ИС управления #2130,Банковская сфера,Региональный,Субъект РФ,Высокая,131512,1,380407838,8.0,14,22,175559,861,True,False,False,False,False,False,False,False,False,True,2
АСУ ТП мониторинга #2131,Оборонная промышленность,Объектовый,Несколько муниципалитетов,Средняя,1018,4,1320307,48.0,2,1,225,618,True,False,False,False,False,True,False,False,False,True,1
Сеть управления #2132,Банковская сфера,Региональный,Несколько муниципалитетов,Критическая,261409,2,962903490,2.0,10,18,44239,580,True,False,False,False,True,False,False,False,False,True,3
Сеть хранения #2133,Наука,Объектовый,Вся страна,Высокая,1159,70,1103434515,12.0,2,2,798,316,True,False,False,False,False,False,True,True,False,False,2
Сеть мониторинга #2134,Наука,Региональный,Субъект РФ,Высокая,197714,2,38034269,12.0,10,14,46808,2421,True,True,False,False,True,False,False,False,False,False,2
АСУ ТП хранения #2135,Банковская сфера,Объектовый,Один город,Высокая,3148,4,100818296,12.0,3,4,3429,1315,True,False,False,False,False,False,False,False,False,False,1
Система передачи #2136,Государственное управление,Муниципальный,Несколько муниципалитетов,Высокая,17705,3,139752196,12.0,5,12,14754,315,True,False,True,False,False,False,True,False,False,True,2
Платформа передачи #2137,Банковская сфера,Объектовый,Федеральный округ,Низкая,978,15,82589,24.0,2,4,229,172,True,True,False,False,False,False,False,False,True,True,1
Портал хранения #2138,Транспорт,Объектовый,Федеральный округ,Низкая,1831,10,71775,48.0,2,6,1675,220,False,True,False,True,False,False,True,True,False,False,2
Платформа мониторинга #2139,Банковская сфера,Федеральный,Несколько муниципалитетов,Высокая,378684,1,33819931,24.0,10,31,342303,5614,True,True,False,False,False,False,False,False,False,True,3
Сеть хранения #2140,Наука,Муниципальный,Субъект РФ,Высокая,13816,2,86451237,24.0,4,5,20631,3032,True,True,False,False,False,False,True,False,False,False,1
Сеть передачи #2141,Банковская сфера,Объектовый,Федеральный округ,Средняя,2966,20,54970872,72.0,3,5,3175,1189,True,False,False,False,False,False,False,False,False,True,1
ИС обработки #2142,Топливная промышленность,Федеральный,Федеральный округ,Низкая,1170177,24,213806,24.0,18,13,808937,2220,False,True,False,False,True,False,False,True,False,False,3
Портал передачи #2143,Топливная промышленность,Региональный,Вся страна,Средняя,337575,83,921210,168.0,7,13,216283,2484,True,True,False,False,True,False,False,False,False,False,2
Сеть аналитики #2144,Наука,Объектовый,Федеральный округ,Средняя,1100,16,11426486,168.0,1,3,583,133,False,True,False,False,True,False,False,False,False,False,1
Платформа аналитики #2145,Здравоохранение,Региональный,Федеральный округ,Высокая,457709,28,30212366,12.0,6,6,397494,1855,True,False,True,True,False,False,False,False,False,True,3
Платформа хранения #2146,Оборонная промышленность,Региональный,Субъект РФ,Высокая,168704,9,2865995,8.0,10,13,193486,998,True,False,False,False,False,True,False,False,False,True,3
Платформа аналитики #2147,Государственное управление,Региональный,Субъект РФ,Средняя,157640,9,2696282,168.0,11,5,187293,496,True,False,True,False,False,True,True,False,False,True,3
Сеть мониторинга #2148,Связь,Региональный,Федеральный округ,Средняя,168701,27,7954781,168.0,10,14,30815,4426,False,False,False,False,True,False,False,False,True,False,1
Портал обработки #2149,Государственное управление,Объектовый,Федеральный округ,Высокая,1774,23,38117832,8.0,3,8,2307,363,True,False,True,False,False,True,True,False,False,True,3
Портал управления #2150,Банковская сфера,Региональный,Несколько муниципалитетов,Низкая,280293,2,71958,48.0,11,19,119310,938,False,False,False,False,False,False,False,True,False,True,1
АСУ ТП обработки #2151,Наука,Муниципальный,Федеральный округ,Критическая,15459,22,77410764,2.0,4,14,14135,323,True,False,False,True,False,False,False,False,False,False,3
Платформа управления #2152,Государственное управление,Региональный,Федеральный округ,Низкая,39897,26,883999,24.0,16,9,15026,3225,False,False,True,False,True,True,True,False,False,True,3
АСУ ТП обработки #2153,Связь,Объектовый,Один город,Высокая,4144,1,89191491,24.0,2,6,3097,1313,True,False,False,False,False,False,False,False,True,False,0
Сеть обработки #2154,Государственное управление,Объектовый,Субъект РФ,Средняя,493,3,11458617,168.0,3,5,197,1386,True,False,True,False,False,True,True,False,False,True,2
АСУ ТП аналитики #2155,Топливная промышленность,Муниципальный,Субъект РФ,Критическая,25446,8,1022363339,1.0,2,16,20258,802,True,True,True,True,True,False,False,False,False,True,3
Сеть управления #2156,Банковская сфера,Региональный,Вся страна,Низкая,55332,65,220556,48.0,12,4,72509,1439,True,False,False,False,False,False,True,False,False,True,2
Платформа аналитики #2157,Топливная промышленность,Федеральный,Вся страна,Низкая,410697,59,327692,72.0,6,21,381107,211,False,True,False,False,True,False,False,False,False,False,2
ИС аналитики #2158,Транспорт,Муниципальный,Федеральный округ,Средняя,32566,17,1506692,48.0,4,6,31216,1003,False,True,False,True,False,False,True,True,False,False,2
Система аналитики #2159,Государственное управление,Региональный,Несколько муниципалитетов,Средняя,77554,4,1553386,72.0,14,6,72051,369,False,True,True,False,False,True,True,False,False,True,3
АСУ ТП аналитики #2160,Государственное управление,Федеральный,Федеральный округ,Низкая,581861,13,19876,24.0,12,22,391532,4629,True,False,True,False,False,True,True,False,False,True,3
Система передачи #2161,Банковская сфера,Региональный,Один город,Средняя,184021,2,898560,24.0,8,10,255402,1744,True,False,False,False,False,False,False,False,False,True,2
ИС мониторинга #2162,Энергетика,Объектовый,Несколько муниципалитетов,Высокая,519,4,6667354,12.0,2,3,423,900,True,True,False,False,True,False,False,False,False,False,1
Сеть обработки #2163,Связь,Федеральный,Несколько муниципалитетов,Критическая,1166282,4,15628328,0.5,4,25,805192,2302,True,False,False,True,False,False,False,False,True,False,3
Сервис мониторинга #2164,Связь,Региональный,Несколько муниципалитетов,Высокая,241565,2,40007159,4.0,6,11,241371,592,True,False,False,False,False,False,False,False,True,False,2
Сеть передачи #2165,Государственное управление,Федеральный,Субъект РФ,Средняя,897419,4,749741,168.0,4,11,1045495,793,False,False,True,False,False,True,True,False,False,True,3
Сеть мониторинга #2166,Оборонная промышленность,Региональный,Вся страна,Высокая,70625,53,2147570140,8.0,5,15,98167,324,True,False,False,False,False,True,False,False,False,True,3
АСУ ТП хранения #2167,Государственное управление,Объектовый,Вся страна,Средняя,1303,52,4908331,168.0,1,8,1897,847,False,False,True,False,False,True,True,False,True,True,2
Сеть управления #2168,Энергетика,Муниципальный,Один город,Средняя,59786,4,10957765,24.0,7,13,32794,926,False,True,False,False,True,False,False,True,True,False,1
ИС обработки #2169,Банковская сфера,Объектовый,Один город,Высокая,2850,3,53539810,12.0,4,6,2829,652,True,False,False,False,False,False,False,False,False,True,1
ИС мониторинга #2170,Транспорт,Объектовый,Федеральный округ,Низкая,4143,14,110861,168.0,3,3,3880,909,True,True,False,True,False,False,True,True,False,False,2
Портал мониторинга #2171,Оборонная промышленность,Федеральный,Субъект РФ,Средняя,1543048,1,508154,24.0,9,1,432355,4966,False,False,False,False,False,False,False,False,False,True,2
Портал передачи #2172,Здравоохранение,Федеральный,Один город,Высокая,1596261,1,36861437,24.0,11,19,709417,1641,True,False,False,True,True,False,False,False,False,False,3
Портал мониторинга #2173,Транспорт,Объектовый,Вся страна,Средняя,4513,73,5108151,48.0,3,3,3468,1227,True,True,False,True,False,False,True,True,False,False,2
Сеть передачи #2174,Транспорт,Федеральный,Федеральный округ,Низкая,189837,20,152542,72.0,8,26,46501,680,False,True,False,True,False,False,True,True,False,False,3
Система хранения #2175,Государственное управление,Объектовый,Субъект РФ,Низкая,1474,3,481144,24.0,3,5,777,620,True,True,True,False,False,False,True,False,False,True,2
Сервис хранения #2176,Энергетика,Федеральный,Вся страна,Высокая,1001125,76,109873679,12.0,25,30,877535,5190,True,True,True,False,True,False,False,False,False,True,3
Сервис аналитики #2177,Банковская сфера,Федеральный,Вся страна,Средняя,1550470,74,7948667,48.0,14,20,347092,3128,False,False,False,False,False,False,False,False,False,True,2
Система аналитики #2178,Банковская сфера,Объектовый,Один город,Средняя,3261,2,3245662,48.0,2,9,3032,52,False,False,False,False,False,False,False,False,False,True,0
Сеть аналитики #2179,Здравоохранение,Региональный,Один город,Критическая,416271,4,31980757,1.0,8,8,348129,1685,True,False,False,True,False,False,False,False,False,False,3
Платформа управления #2180,Государственное управление,Федеральный,Несколько муниципалитетов,Высокая,1285460,1,35931726,4.0,14,9,520891,418,True,False,True,False,True,False,True,False,False,True,3
Портал аналитики #2181,Транспорт,Муниципальный,Один город,Средняя,38037,3,12478977,168.0,3,8,7112,1563,False,True,False,True,False,False,True,True,False,False,2
Сервис хранения #2182,Топливная промышленность,Муниципальный,Федеральный округ,Высокая,27992,20,108273861,24.0,8,8,36941,110,True,True,False,False,True,False,False,False,False,False,2
Платформа аналитики #2183,Связь,Муниципальный,Субъект РФ,Критическая,11385,7,286966892,4.0,6,15,5164,594,True,True,False,True,False,False,False,True,True,False,3
АСУ ТП хранения #2184,Государственное управление,Муниципальный,Вся страна,Средняя,18353,62,2467934,168.0,9,6,5667,65,False,False,True,False,False,False,True,False,False,True,2
Портал аналитики #2185,Оборонная промышленность,Региональный,Федеральный округ,Средняя,86371,23,18735802,168.0,8,12,108488,255,False,False,False,False,True,True,False,False,False,True,3
ИС управления #2186,Энергетика,Муниципальный,Один город,Высокая,8490,3,10403565,4.0,5,6,3060,1548,True,True,False,False,True,False,False,False,False,False,1
Портал управления #2187,Оборонная промышленность,Объектовый,Вся страна,Высокая,843,86,8919936,12.0,2,8,691,177,True,False,False,False,False,True,False,False,False,False,1
Сервис аналитики #2188,Топливная промышленность,Региональный,Один город,Высокая,173676,1,9974920,12.0,10,11,54190,4289,True,True,False,False,True,False,False,False,False,False,2
Сеть мониторинга #2189,Банковская сфера,Объектовый,Несколько муниципалитетов,Высокая,617,4,6678369,8.0,1,8,302,1003,True,False,False,False,False,False,False,False,False,True,1
Система управления #2190,Энергетика,Региональный,Субъект РФ,Средняя,26620,9,1037939,24.0,7,12,29862,3345,False,True,False,False,True,False,False,False,True,False,1
Платформа обработки #2191,Государственное управление,Региональный,Несколько муниципалитетов,Высокая,241415,1,24933421,8.0,10,18,318795,2580,True,False,True,False,False,True,True,False,False,True,3
ИС обработки #2192,Оборонная промышленность,Федеральный,Один город,Низкая,382633,1,309669,168.0,16,17,444204,266,True,False,True,False,False,True,False,False,False,True,3
ИС передачи #2193,Наука,Региональный,Вся страна,Средняя,386956,80,13934718,24.0,10,5,143669,679,False,True,False,False,True,False,False,False,False,False,2
Сеть мониторинга #2194,Здравоохранение,Муниципальный,Один город,Средняя,10891,4,54515641,48.0,5,13,7679,2578,False,True,False,True,True,False,False,False,False,False,2
Сеть обработки #2195,Государственное управление,Объектовый,Субъект РФ,Средняя,1055,7,2774955,24.0,3,4,1028,1070,True,False,True,False,False,True,True,False,False,True,2
Сеть аналитики #2196,Связь,Федеральный,Субъект РФ,Средняя,207179,3,426598,168.0,12,21,43074,2428,False,False,True,False,False,False,True,False,True,True,2
АСУ ТП аналитики #2197,Транспорт,Муниципальный,Федеральный округ,Средняя,12328,17,465301,72.0,5,9,10743,1133,False,True,False,True,False,False,True,True,False,False,2
Сеть управления #2198,Государственное управление,Федеральный,Несколько муниципалитетов,Средняя,892016,2,2717451,24.0,6,19,1048359,4796,True,False,True,False,False,True,True,False,False,True,3
Система аналитики #2199,Энергетика,Объектовый,Субъект РФ,Высокая,3023,7,255619389,12.0,1,7,503,204,True,True,False,False,True,False,False,False,False,False,1
Сеть мониторинга #2200,Банковская сфера,Объектовый,Федеральный округ,Средняя,3209,21,1568873,48.0,2,2,645,575,False,False,True,False,False,False,False,False,False,True,1
АСУ ТП передачи #2201,Наука,Объектовый,Один город,Низкая,4235,2,112745,48.0,3,3,2426,79,False,False,False,False,False,False,False,False,False,False,0
Система обработки #2202,Связь,Федеральный,Вся страна,Низкая,1435302,73,422015,168.0,17,14,730161,842,False,False,False,False,False,False,False,True,True,False,2
Платформа хранения #2203,Энергетика,Региональный,Один город,Средняя,301027,2,594038,168.0,14,17,302154,538,False,True,False,False,True,False,True,False,False,False,2
АСУ ТП обработки #2204,Банковская сфера,Муниципальный,Субъект РФ,Высокая,40269,5,112822839,8.0,3,11,32552,2212,True,False,False,False,False,False,False,False,False,True,2
Платформа аналитики #2205,Здравоохранение,Объектовый,Несколько муниципалитетов,Средняя,1280,2,1031055,168.0,2,2,824,905,False,False,False,True,False,False,True,True,False,False,1
Система обработки #2206,Здравоохранение,Муниципальный,Федеральный округ,Высокая,9075,25,1638593533,8.0,9,13,9263,607,True,False,False,True,False,False,False,False,False,False,3
ИС передачи #2207,Государственное управление,Муниципальный,Один город,Высокая,78259,2,34082927,4.0,6,10,19157,1311,True,False,True,False,True,False,True,False,False,True,2
Сервис аналитики #2208,Топливная промышленность,Федеральный,Субъект РФ,Низкая,1170151,3,217940,72.0,8,17,522448,1643,False,True,False,False,True,False,False,False,False,False,2
Система обработки #2209,Государственное управление,Региональный,Вся страна,Высокая,49581,68,63096661,8.0,11,10,39580,551,True,False,True,False,False,True,True,False,False,True,3
Портал обработки #2210,Оборонная промышленность,Объектовый,Субъект РФ,Низкая,1920,1,133013,24.0,3,4,2098,235,False,True,False,False,False,True,False,True,False,True,2
Система аналитики #2211,Оборонная промышленность,Региональный,Федеральный округ,Высокая,99890,10,22123399,12.0,8,22,129346,1169,True,False,False,False,False,False,False,True,False,True,2
Платформа управления #2212,Банковская сфера,Объектовый,Субъект РФ,Низкая,1370,8,128586,72.0,4,6,308,1304,False,False,False,False,True,False,True,True,False,True,1
Сеть передачи #2213,Здравоохранение,Муниципальный,Федеральный округ,Критическая,3722,13,67884306,2.0,10,13,1755,167,True,False,False,True,False,False,False,False,False,False,2
Платформа передачи #2214,Государственное управление,Муниципальный,Один город,Низкая,23643,3,597116,72.0,5,12,16663,168,False,True,True,False,False,True,True,False,False,False,2
Сервис управления #2215,Наука,Федеральный,Один город,Средняя,1019929,1,7026627,72.0,13,9,1189985,1789,True,False,False,False,False,False,False,False,True,False,2
Сеть передачи #2216,Здравоохранение,Муниципальный,Один город,Низкая,39468,2,513130,24.0,4,11,58703,2143,False,False,False,True,False,False,False,True,False,False,1
АСУ ТП передачи #2217,Здравоохранение,Региональный,Федеральный округ,Критическая,227429,24,138145735,1.0,3,7,229923,179,True,False,False,True,False,False,False,True,False,False,3
Сервис аналитики #2218,Государственное управление,Муниципальный,Один город,Высокая,32693,2,137855305,8.0,3,8,26020,595,True,False,True,False,False,False,True,False,False,True,2
АСУ ТП передачи #2219,Энергетика,Региональный,Один город,Средняя,405961,4,2352117,72.0,4,18,215804,404,False,True,False,False,True,False,True,False,False,False,1
Сеть передачи #2220,Энергетика,Объектовый,Несколько муниципалитетов,Низкая,3920,1,681437,24.0,4,5,1417,971,False,True,False,False,True,False,False,False,True,False,0
Система управления #2221,Наука,Региональный,Один город,Высокая,24592,4,4981028,12.0,3,17,24951,125,True,True,False,False,False,False,False,False,False,False,1
Сеть обработки #2222,Топливная промышленность,Региональный,Несколько муниципалитетов,Средняя,270235,1,13357915,72.0,4,5,315482,1270,True,True,False,False,True,False,False,False,False,False,1
Портал хранения #2223,Энергетика,Объектовый,Несколько муниципалитетов,Высокая,1232,1,3606017,24.0,2,9,988,305,True,True,False,False,True,False,False,False,False,False,1
Сеть аналитики #2224,Транспорт,Муниципальный,Субъект РФ,Высокая,23545,6,9435694,4.0,13,13,29944,2361,True,True,False,True,False,False,True,True,False,False,3
ИС управления #2225,Здравоохранение,Региональный,Один город,Средняя,44372,4,1024841,168.0,5,5,24249,285,False,False,False,True,False,False,False,False,False,False,1
Сервис обработки #2226,Государственное управление,Объектовый,Вся страна,Низкая,2267,71,57468,72.0,1,5,2070,449,False,True,True,False,False,True,True,True,False,True,2
ИС аналитики #2227,Наука,Муниципальный,Один город,Критическая,13170,3,259884665,1.0,5,12,17085,956,True,False,False,True,True,False,False,False,False,False,3
ИС хранения #2228,Наука,Объектовый,Один город,Средняя,1421,2,4296272,24.0,3,2,370,1062,False,True,True,False,False,False,False,False,False,False,1
Система передачи #2229,Транспорт,Объектовый,Федеральный округ,Средняя,1584,27,1101343,72.0,1,4,1195,175,False,True,False,True,False,False,True,True,False,False,2
Система управления #2230,Топливная промышленность,Муниципальный,Субъект РФ,Критическая,22674,3,21023973,2.0,4,10,4237,585,True,True,False,True,True,False,False,False,False,False,2
Система хранения #2231,Связь,Региональный,Один город,Низкая,221511,1,192974,168.0,9,18,197882,916,True,False,False,False,False,False,True,False,True,False,1
Сеть передачи #2232,Здравоохранение,Региональный,Федеральный округ,Критическая,94563,25,446533114,2.0,6,20,41923,4643,True,True,True,True,False,False,False,False,False,True,3
ИС аналитики #2233,Государственное управление,Федеральный,Один город,Средняя,437913,3,8477376,72.0,3,8,354153,1298,False,False,True,False,False,False,True,False,True,True,2
Система мониторинга #2234,Оборонная промышленность,Объектовый,Несколько муниципалитетов,Средняя,937,1,11538633,24.0,2,3,236,1492,False,False,False,False,False,True,False,False,False,True,1
Система обработки #2235,Наука,Региональный,Вся страна,Средняя,120310,56,4105736,24.0,15,16,114284,331,True,True,True,False,False,False,False,True,False,True,3
Система передачи #2236,Оборонная промышленность,Региональный,Один город,Высокая,254001,4,182368557,4.0,9,18,201532,2150,True,True,False,False,False,True,False,False,False,True,3
Портал управления #2237,Энергетика,Объектовый,Вся страна,Высокая,3048,76,13386853,24.0,4,2,3955,874,True,True,False,False,True,False,False,False,False,False,1
Сервис управления #2238,Связь,Муниципальный,Вся страна,Низкая,18767,51,55979,48.0,5,4,18948,1041,False,False,False,False,False,False,False,False,True,False,0
Платформа мониторинга #2239,Транспорт,Региональный,Один город,Средняя,354446,3,5421142,72.0,4,14,525768,4253,False,True,True,True,False,False,True,True,False,True,3
АСУ ТП обработки #2240,Здравоохранение,Объектовый,Один город,Высокая,1186,3,31235898,24.0,4,7,1044,1249,True,False,False,True,False,False,False,False,False,False,1
Сервис мониторинга #2241,Транспорт,Региональный,Субъект РФ,Высокая,186143,6,66393547,8.0,15,18,80287,4685,True,True,False,True,False,False,True,True,False,False,3
АСУ ТП аналитики #2242,Наука,Региональный,Субъект РФ,Средняя,79324,5,2194328,72.0,1,17,29911,1371,False,False,False,False,False,False,False,True,False,False,0
Платформа хранения #2243,Энергетика,Региональный,Федеральный округ,Средняя,101479,27,1503987,72.0,7,17,40149,1959,False,True,False,False,True,False,False,False,False,False,2
Система хранения #2244,Связь,Объектовый,Несколько муниципалитетов,Высокая,2695,3,91614111,4.0,5,6,659,1041,True,False,False,False,False,False,False,False,True,False,1
АСУ ТП управления #2245,Государственное управление,Муниципальный,Один город,Критическая,58262,4,63419768,2.0,4,14,63499,244,True,False,True,True,False,True,True,False,False,True,3
АСУ ТП обработки #2246,Связь,Муниципальный,Вся страна,Высокая,11748,75,36792421,8.0,6,9,11393,750,True,True,False,False,False,False,False,False,True,False,2
Сервис хранения #2247,Связь,Муниципальный,Субъект РФ,Средняя,53769,9,54312334,24.0,6,13,57358,208,False,True,True,False,False,False,False,False,True,True,2
ИС мониторинга #2248,Топливная промышленность,Объектовый,Субъект РФ,Низкая,3414,9,247019,24.0,3,6,1423,849,False,True,False,False,True,False,False,True,False,False,1
АСУ ТП хранения #2249,Энергетика,Региональный,Субъект РФ,Средняя,117686,5,39615666,24.0,8,10,25524,614,False,True,False,False,True,False,True,True,False,False,2
Платформа передачи #2250,Государственное управление,Федеральный,Субъект РФ,Средняя,557560,2,34335240,72.0,18,5,174409,481,False,False,True,False,False,False,True,False,False,True,2
ИС мониторинга #2251,Государственное управление,Муниципальный,Один город,Низкая,23077,1,257486,24.0,8,19,22699,2957,True,True,True,False,False,False,True,False,False,True,2
Сервис аналитики #2252,Оборонная промышленность,Региональный,Вся страна,Высокая,64996,64,11871982,24.0,6,17,29622,452,True,False,False,False,False,True,False,False,False,True,3
Система аналитики #2253,Энергетика,Федеральный,Один город,Низкая,1080115,1,216338,168.0,15,24,1481722,2311,True,True,True,False,True,False,False,False,False,True,3
Платформа обработки #2254,Топливная промышленность,Объектовый,Субъект РФ,Средняя,174,4,3601515,168.0,4,2,243,613,False,True,False,False,True,False,False,False,False,False,0
Сеть управления #2255,Наука,Объектовый,Федеральный округ,Низкая,1762,10,359292,48.0,1,4,189,303,False,False,False,False,True,False,False,False,False,False,0
АСУ ТП обработки #2256,Топливная промышленность,Объектовый,Субъект РФ,Критическая,778,7,28473635,0.5,2,7,1061,1439,True,True,False,True,True,False,False,False,False,False,2
Система аналитики #2257,Топливная промышленность,Муниципальный,Несколько муниципалитетов,Высокая,80224,3,35804708,12.0,4,8,24076,2408,True,True,False,False,True,False,False,False,True,False,1
Система мониторинга #2258,Энергетика,Муниципальный,Вся страна,Высокая,9223,64,3982948,24.0,4,14,3832,1780,True,True,False,False,True,False,False,False,False,False,1
Портал управления #2259,Здравоохранение,Региональный,Несколько муниципалитетов,Средняя,27911,2,4713272,168.0,12,18,27897,1332,False,False,False,True,False,False,False,False,True,False,2
Портал мониторинга #2260,Связь,Региональный,Субъект РФ,Низкая,349112,9,113585,168.0,10,14,437575,1300,False,False,False,False,False,False,False,False,True,False,1
Портал аналитики #2261,Здравоохранение,Федеральный,Федеральный округ,Средняя,225685,22,11316032,72.0,13,21,126702,357,True,False,False,True,False,False,False,False,True,False,3
Сервис передачи #2262,Оборонная промышленность,Объектовый,Федеральный округ,Низкая,1326,21,618285,72.0,4,8,162,697,False,False,False,False,False,True,False,False,False,False,1
Портал хранения #2263,Энергетика,Федеральный,Федеральный округ,Высокая,586992,16,7405262,4.0,12,32,257083,562,True,True,False,False,True,False,False,False,True,False,3
Платформа аналитики #2264,Транспорт,Региональный,Один город,Средняя,469372,2,1034652,48.0,11,8,75329,2905,False,True,False,True,False,False,True,True,False,False,2
АСУ ТП обработки #2265,Здравоохранение,Муниципальный,Один город,Средняя,11155,1,2906621,48.0,5,8,8402,546,False,True,False,True,False,False,False,False,False,False,1
АСУ ТП хранения #2266,Банковская сфера,Объектовый,Федеральный округ,Средняя,742,19,8526599,48.0,2,2,348,432,False,False,True,False,False,False,False,False,True,True,1
Портал обработки #2267,Наука,Федеральный,Субъект РФ,Средняя,572328,1,826239,24.0,9,13,496788,1337,False,False,False,False,False,False,False,False,False,False,1
Сервис передачи #2268,Топливная промышленность,Объектовый,Федеральный округ,Высокая,3467,28,14798995,4.0,3,5,2178,262,True,True,False,False,True,False,False,False,False,False,2
Портал управления #2269,Государственное управление,Объектовый,Несколько муниципалитетов,Критическая,1307,4,14594677,0.5,2,7,1401,1078,True,False,True,True,True,True,True,False,False,True,3
Система хранения #2270,Топливная промышленность,Региональный,Вся страна,Высокая,212000,63,28582836,24.0,7,16,308166,1441,True,True,False,False,True,False,False,False,False,False,2
ИС хранения #2271,Топливная промышленность,Региональный,Вся страна,Низкая,137497,60,459297,168.0,9,17,159786,1403,True,True,False,False,True,False,False,False,False,False,2
АСУ ТП передачи #2272,Топливная промышленность,Муниципальный,Федеральный округ,Средняя,31977,26,1430865,72.0,5,13,32397,2201,False,True,False,False,True,False,False,False,False,False,1
АСУ ТП передачи #2273,Топливная промышленность,Объектовый,Вся страна,Высокая,969,68,219544281,8.0,2,5,503,1037,True,True,False,False,True,False,False,False,False,False,2
Система управления #2274,Банковская сфера,Муниципальный,Федеральный округ,Критическая,64982,14,58320637,2.0,7,8,38569,1015,True,False,False,True,False,False,False,False,False,False,2
Платформа управления #2275,Банковская сфера,Объектовый,Субъект РФ,Критическая,230,6,372586797,0.5,3,6,114,162,True,False,False,True,False,False,False,True,False,True,3
Сервис мониторинга #2276,Оборонная промышленность,Объектовый,Несколько муниципалитетов,Критическая,580,2,537611903,2.0,1,5,613,131,True,True,False,False,False,True,True,True,False,True,3
Система аналитики #2277,Государственное управление,Муниципальный,Вся страна,Высокая,7345,80,85979016,8.0,9,6,6365,906,True,False,True,False,False,True,True,False,False,True,3
Сеть управления #2278,Оборонная промышленность,Муниципальный,Субъект РФ,Средняя,27717,7,11114067,72.0,5,14,12330,3107,False,False,False,False,False,True,False,False,True,True,2
Платформа передачи #2279,Транспорт,Муниципальный,Один город,Средняя,32929,4,3014468,72.0,7,14,27524,1759,True,True,False,True,False,False,True,True,False,False,2
Портал хранения #2280,Энергетика,Федеральный,Субъект РФ,Низкая,270395,3,187700,48.0,9,16,148166,2000,False,True,False,False,True,False,False,False,False,False,2
Система управления #2281,Государственное управление,Региональный,Субъект РФ,Критическая,274312,5,56623566,0.5,13,13,321200,902,True,False,True,True,False,True,True,False,False,True,3
Платформа передачи #2282,Государственное управление,Региональный,Один город,Высокая,277811,1,338000452,24.0,8,21,64550,1055,True,True,True,False,False,True,True,False,False,True,3
АСУ ТП аналитики #2283,Здравоохранение,Объектовый,Субъект РФ,Высокая,1359,9,307289996,12.0,2,5,525,334,True,False,False,True,True,False,False,False,False,False,2
Сервис передачи #2284,Транспорт,Федеральный,Вся страна,Высокая,644217,51,28676529,24.0,9,16,502200,4927,True,True,False,True,False,False,True,True,False,False,3
Система обработки #2285,Связь,Региональный,Вся страна,Низкая,18060,72,214001,72.0,4,20,23102,1579,False,False,False,False,False,False,False,False,True,False,1
Портал аналитики #2286,Государственное управление,Региональный,Федеральный округ,Низкая,127217,20,1878414,48.0,8,12,121847,1125,True,False,True,False,False,True,True,False,False,True,3
ИС управления #2287,Банковская сфера,Региональный,Субъект РФ,Высокая,223267,8,321690785,4.0,9,2,178320,2060,True,False,False,False,False,False,False,False,False,True,3
АСУ ТП аналитики #2288,Здравоохранение,Объектовый,Субъект РФ,Средняя,537,5,1644129,168.0,3,5,393,862,True,False,False,True,False,False,False,False,False,False,1
Сеть аналитики #2289,Здравоохранение,Региональный,Один город,Средняя,265810,3,3759498,72.0,8,12,138779,1445,True,False,False,True,False,False,True,False,False,False,2
ИС управления #2290,Энергетика,Муниципальный,Вся страна,Низкая,73302,77,129958,168.0,4,4,70360,735,False,True,False,False,True,False,False,False,False,False,1
Платформа обработки #2291,Транспорт,Объектовый,Вся страна,Средняя,2832,67,769556,48.0,3,5,1591,526,False,True,False,True,False,False,True,True,False,False,2
Платформа аналитики #2292,Здравоохранение,Федеральный,Несколько муниципалитетов,Средняя,76758,2,3616909,72.0,10,14,32658,874,False,False,False,True,False,False,False,False,False,False,2
Система обработки #2293,Энергетика,Объектовый,Федеральный округ,Средняя,1925,10,661558,168.0,3,4,896,578,False,True,False,False,True,False,True,False,False,False,1
ИС управления #2294,Топливная промышленность,Региональный,Несколько муниципалитетов,Высокая,269483,3,27282615,24.0,7,21,318750,2131,True,True,False,False,True,False,True,False,False,False,2
Сеть передачи #2295,Наука,Федеральный,Федеральный округ,Средняя,901288,14,5168780,48.0,8,13,956333,493,False,False,False,False,False,False,False,False,False,False,2
Платформа обработки #2296,Транспорт,Объектовый,Несколько муниципалитетов,Средняя,581,4,1783233,48.0,2,4,777,122,False,True,False,True,False,False,True,True,False,False,1
Система хранения #2297,Топливная промышленность,Объектовый,Субъект РФ,Высокая,1961,4,4489868,24.0,3,9,805,829,True,True,True,False,True,False,False,True,False,True,1
Сеть мониторинга #2298,Связь,Муниципальный,Субъект РФ,Средняя,73176,1,9491486,24.0,10,16,85491,1962,False,False,False,False,False,False,False,False,True,False,1
Система обработки #2299,Транспорт,Федеральный,Федеральный округ,Высокая,531125,14,34208226,12.0,13,9,138777,1918,True,True,False,True,False,False,True,True,False,False,3
Система управления #2300,Здравоохранение,Региональный,Вся страна,Низкая,351444,63,162724,48.0,13,7,348417,190,False,False,False,True,False,False,False,False,False,False,2
АСУ ТП управления #2301,Связь,Региональный,Федеральный округ,Критическая,234424,13,31623019,4.0,10,16,263547,1550,True,False,False,True,False,False,False,True,True,False,3
Система мониторинга #2302,Банковская сфера,Объектовый,Один город,Низкая,1909,1,49382,24.0,1,3,581,75,False,False,False,False,True,False,False,False,False,True,0
Портал мониторинга #2303,Банковская сфера,Федеральный,Субъект РФ,Средняя,290806,9,7292514,48.0,13,40,414487,1557,False,False,False,False,True,False,False,False,True,True,2
Платформа обработки #2304,Связь,Федеральный,Один город,Критическая,749369,3,280015020,1.0,12,23,207132,1369,True,True,False,False,False,False,False,False,True,False,3
АСУ ТП мониторинга #2305,Топливная промышленность,Объектовый,Один город,Низкая,1425,3,19050,48.0,3,3,1005,678,False,True,False,False,True,False,False,False,True,False,0
ИС мониторинга #2306,Топливная промышленность,Муниципальный,Один город,Средняя,66154,2,8197495,72.0,5,12,80752,696,True,True,True,False,True,False,False,False,False,True,2
Система управления #2307,Топливная промышленность,Муниципальный,Субъект РФ,Средняя,11927,6,2348710,72.0,7,12,13419,1561,True,True,False,False,True,False,False,False,False,False,1
ИС управления #2308,Оборонная промышленность,Региональный,Субъект РФ,Высокая,34146,5,5979868,4.0,12,19,25787,1873,True,False,True,False,False,True,False,False,False,True,3
Сеть хранения #2309,Государственное управление,Объектовый,Федеральный округ,Высокая,941,24,129473457,8.0,4,8,777,235,True,True,True,False,False,True,True,False,False,True,3
ИС мониторинга #2310,Топливная промышленность,Региональный,Несколько муниципалитетов,Средняя,107429,2,3747567,72.0,7,25,149783,2301,False,True,False,False,True,False,False,False,True,False,1
АСУ ТП управления #2311,Банковская сфера,Объектовый,Несколько муниципалитетов,Высокая,2625,4,12030863,24.0,3,5,1668,714,True,False,False,False,False,False,False,False,False,True,1
АСУ ТП управления #2312,Связь,Региональный,Вся страна,Средняя,269385,65,8699598,48.0,16,12,356264,3916,False,False,False,False,False,False,False,False,True,False,1
Портал хранения #2313,Энергетика,Региональный,Один город,Высокая,336951,3,101003040,12.0,10,30,483722,4131,True,True,False,False,True,False,False,False,False,False,2
Система управления #2314,Энергетика,Региональный,Федеральный округ,Средняя,205755,26,6166574,48.0,8,13,281373,1543,False,True,False,False,True,False,False,False,False,False,2
Платформа мониторинга #2315,Банковская сфера,Региональный,Вся страна,Высокая,144461,68,24143583,24.0,4,8,183895,788,True,True,False,False,False,False,False,False,False,True,2
Портал управления #2316,Государственное управление,Региональный,Несколько муниципалитетов,Средняя,284723,3,5220545,24.0,6,24,93875,1160,False,False,True,False,False,False,True,False,False,True,2
АСУ ТП хранения #2317,Энергетика,Объектовый,Один город,Средняя,1324,2,342064,168.0,3,4,150,106,False,True,True,False,True,False,False,False,True,True,1
Платформа хранения #2318,Здравоохранение,Региональный,Федеральный округ,Средняя,187426,20,3778667,24.0,11,14,82964,329,False,False,False,True,False,False,False,False,False,False,2
Платформа мониторинга #2319,Банковская сфера,Региональный,Федеральный округ,Средняя,56141,11,3172763,72.0,9,19,73934,4132,False,False,False,False,False,False,False,False,False,True,1
Платформа мониторинга #2320,Здравоохранение,Объектовый,Несколько муниципалитетов,Средняя,3392,3,33370978,168.0,2,5,2981,498,False,True,True,True,False,False,False,False,False,True,2
Система управления #2321,Транспорт,Объектовый,Один город,Низкая,1963,2,806496,72.0,1,2,2770,677,False,True,False,True,False,False,True,True,False,False,1
ИС передачи #2322,Банковская сфера,Региональный,Один город,Средняя,68666,3,21877998,24.0,11,5,17513,267,False,True,False,False,False,False,True,True,False,False,1
Портал управления #2323,Топливная промышленность,Объектовый,Федеральный округ,Средняя,511,13,1004934,72.0,2,2,105,190,True,True,False,False,True,False,True,False,True,False,1
Сервис управления #2324,Транспорт,Муниципальный,Субъект РФ,Высокая,21109,7,348338560,12.0,4,11,15561,141,True,True,True,True,True,False,True,True,False,True,3
Портал передачи #2325,Здравоохранение,Объектовый,Вся страна,Средняя,1210,81,4173956,168.0,3,4,1619,1573,True,False,False,True,False,False,True,False,True,False,2
Портал мониторинга #2326,Транспорт,Региональный,Федеральный округ,Средняя,103605,16,686814,72.0,8,8,143818,2518,False,True,False,True,False,False,True,True,False,False,3
ИС передачи #2327,Связь,Муниципальный,Субъект РФ,Средняя,2929,1,7601581,48.0,2,9,1933,2808,False,False,False,False,False,False,False,False,True,False,0
Сеть управления #2328,Энергетика,Региональный,Вся страна,Критическая,111218,55,7109486,1.0,12,15,142797,625,True,True,False,False,True,False,False,False,False,False,3
Система аналитики #2329,Оборонная промышленность,Региональный,Субъект РФ,Критическая,37184,7,104441856,1.0,7,21,27413,1578,True,False,False,True,False,True,True,False,False,True,3
Система передачи #2330,Связь,Региональный,Один город,Средняя,124913,2,3222752,48.0,8,19,34933,497,True,False,False,False,False,False,True,False,True,False,1
Портал мониторинга #2331,Транспорт,Объектовый,Несколько муниципалитетов,Низкая,1457,2,60431,48.0,3,6,1337,868,False,True,False,True,False,False,True,True,False,False,1
АСУ ТП хранения #2332,Банковская сфера,Федеральный,Вся страна,Высокая,553051,52,310975382,24.0,12,24,360533,964,True,False,False,False,True,False,False,False,False,True,3
Сервис обработки #2333,Государственное управление,Объектовый,Несколько муниципалитетов,Высокая,307,3,20774916,8.0,1,2,328,492,True,False,True,False,True,False,True,False,False,True,1
Портал мониторинга #2334,Связь,Региональный,Федеральный округ,Низкая,353461,23,992816,168.0,10,25,120629,2613,False,False,False,False,False,False,False,False,True,False,1
Система мониторинга #2335,Транспорт,Региональный,Несколько муниципалитетов,Средняя,67792,2,19302368,72.0,11,17,19435,1941,False,True,False,True,False,False,True,True,False,False,2
ИС обработки #2336,Наука,Федеральный,Один город,Средняя,759017,4,12013139,24.0,18,22,695959,2099,True,False,False,False,False,False,False,False,False,False,2
Портал хранения #2337,Энергетика,Объектовый,Вся страна,Высокая,2575,59,457993544,8.0,2,1,2833,651,True,True,False,False,True,False,False,False,False,False,2
Сервис обработки #2338,Здравоохранение,Объектовый,Субъект РФ,Средняя,1332,8,4557441,168.0,2,3,730,791,True,False,False,True,False,False,False,True,False,False,1
АСУ ТП передачи #2339,Государственное управление,Объектовый,Один город,Средняя,3492,2,1233169,24.0,3,4,802,766,False,False,True,False,False,True,True,False,False,False,1
АСУ ТП передачи #2340,Транспорт,Объектовый,Один город,Высокая,3195,3,35874165,8.0,2,5,4725,220,True,True,False,True,False,False,True,True,False,False,2
ИС аналитики #2341,Энергетика,Объектовый,Федеральный округ,Высокая,1349,11,106395514,24.0,4,1,1320,568,True,True,False,False,True,False,False,False,False,False,1
Система передачи #2342,Энергетика,Объектовый,Несколько муниципалитетов,Высокая,3386,2,29611963,8.0,2,4,2897,326,True,True,False,False,True,False,False,False,False,False,1
ИС хранения #2343,Энергетика,Региональный,Вся страна,Низкая,87089,58,672115,24.0,12,14,108371,4772,False,True,False,False,True,False,False,False,False,False,2
Сервис передачи #2344,Энергетика,Региональный,Субъект РФ,Низкая,342026,5,937060,24.0,9,4,69288,3012,False,True,False,False,True,False,False,False,False,False,1
АСУ ТП мониторинга #2345,Наука,Объектовый,Несколько муниципалитетов,Критическая,1888,2,152180639,4.0,3,3,2621,1087,True,False,False,False,False,False,False,False,False,False,1
АСУ ТП обработки #2346,Связь,Объектовый,Субъект РФ,Средняя,487,3,2409730,48.0,2,7,639,1146,True,True,False,False,False,False,False,False,True,False,0
Сеть хранения #2347,Топливная промышленность,Муниципальный,Один город,Низкая,82390,2,57291,72.0,4,16,32914,1218,False,True,False,False,True,False,False,False,False,False,1
АСУ ТП управления #2348,Топливная промышленность,Федеральный,Субъект РФ,Критическая,697278,6,261674223,2.0,13,12,581390,4771,True,True,False,False,True,False,False,False,False,False,3
Сервис управления #2349,Транспорт,Объектовый,Несколько муниципалитетов,Средняя,3479,2,2868068,24.0,1,2,2271,798,False,True,False,True,False,False,True,True,False,False,2
Портал обработки #2350,Здравоохранение,Объектовый,Вся страна,Низкая,2617,71,142182,168.0,3,6,3050,207,False,False,False,True,False,False,False,False,False,False,1
Сеть обработки #2351,Энергетика,Объектовый,Один город,Критическая,1502,4,507455919,1.0,1,6,191,168,True,True,True,True,True,False,False,False,False,True,3
Система хранения #2352,Связь,Объектовый,Один город,Высокая,3696,2,217827923,24.0,2,5,2662,1355,True,False,False,False,False,False,False,False,True,False,1
Сервис передачи #2353,Государственное управление,Объектовый,Несколько муниципалитетов,Высокая,1514,4,9805781,12.0,2,3,1790,979,True,True,True,False,False,True,True,True,False,True,2
Портал хранения #2354,Транспорт,Федеральный,Федеральный округ,Низкая,650803,23,1325688,48.0,5,12,586382,2287,False,True,False,True,True,False,True,True,True,False,3
Сервис хранения #2355,Транспорт,Муниципальный,Федеральный округ,Средняя,25798,13,2353994,72.0,5,5,19827,133,False,True,False,True,False,False,True,True,False,False,2
Портал управления #2356,Наука,Региональный,Субъект РФ,Низкая,190825,3,241547,48.0,9,15,206955,843,True,False,False,False,False,False,True,False,False,False,1
АСУ ТП передачи #2357,Энергетика,Объектовый,Несколько муниципалитетов,Средняя,2721,4,3004069,24.0,2,6,1284,413,True,True,False,False,True,False,False,False,True,False,1
Система аналитики #2358,Энергетика,Региональный,Несколько муниципалитетов,Средняя,112479,1,4325184,48.0,10,9,167169,941,False,True,False,False,True,False,True,False,False,False,1
ИС аналитики #2359,Связь,Региональный,Несколько муниципалитетов,Высокая,338203,3,91485417,4.0,4,25,496708,874,True,False,False,False,False,False,False,True,True,False,2
Портал мониторинга #2360,Наука,Муниципальный,Один город,Высокая,4569,3,11790107,8.0,7,9,4404,858,True,False,False,False,False,False,False,False,False,False,1
ИС мониторинга #2361,Государственное управление,Муниципальный,Федеральный округ,Средняя,21583,20,1042362,48.0,8,3,13277,89,False,False,True,False,False,True,True,False,False,True,2
Платформа хранения #2362,Банковская сфера,Региональный,Один город,Высокая,232880,2,63520883,12.0,9,14,285064,991,True,False,False,False,True,False,False,False,False,False,2
Платформа хранения #2363,Транспорт,Объектовый,Несколько муниципалитетов,Высокая,2932,4,84170972,12.0,4,4,399,43,True,True,False,True,False,False,True,True,False,False,2
ИС хранения #2364,Энергетика,Муниципальный,Один город,Высокая,6207,3,305704693,4.0,6,15,3957,643,True,True,False,False,True,False,False,False,False,False,2
ИС хранения #2365,Наука,Муниципальный,Субъект РФ,Средняя,37922,1,1669606,24.0,5,9,39441,1904,False,False,False,False,False,False,False,False,False,False,0
Портал хранения #2366,Связь,Объектовый,Субъект РФ,Средняя,1398,3,1956029,72.0,3,5,328,226,False,False,False,False,True,False,False,False,True,False,0
Сеть управления #2367,Банковская сфера,Объектовый,Один город,Средняя,717,4,2664839,48.0,2,3,361,18,True,True,False,False,False,False,False,False,True,True,1
Система хранения #2368,Энергетика,Объектовый,Один город,Средняя,1609,4,27840187,24.0,3,5,2322,216,False,True,False,False,True,False,False,True,False,False,1
Сервис управления #2369,Здравоохранение,Муниципальный,Федеральный округ,Средняя,49458,26,2462153,72.0,3,5,55071,408,False,False,False,True,True,False,False,False,False,False,1
Система хранения #2370,Здравоохранение,Региональный,Федеральный округ,Высокая,179416,29,94570837,4.0,9,13,191804,1354,True,False,False,True,False,False,False,False,False,False,3
ИС хранения #2371,Транспорт,Объектовый,Федеральный округ,Высокая,2357,21,9885402,12.0,2,4,3355,34,True,True,False,True,False,False,True,True,False,False,2
Система передачи #2372,Наука,Объектовый,Вся страна,Средняя,1502,66,1039122,168.0,2,2,460,136,False,False,False,False,False,False,False,False,False,False,0
ИС мониторинга #2373,Энергетика,Региональный,Субъект РФ,Средняя,30592,7,2742317,24.0,13,4,29053,4093,False,True,True,False,True,False,False,False,False,True,2
Сеть хранения #2374,Наука,Объектовый,Несколько муниципалитетов,Средняя,2806,4,1533342,24.0,3,3,3257,1083,False,False,False,False,True,False,True,False,False,False,0
ИС управления #2375,Здравоохранение,Объектовый,Федеральный округ,Высокая,2184,17,25386676,24.0,2,5,1559,948,True,False,False,True,False,False,False,False,False,False,2
Сервис мониторинга #2376,Наука,Муниципальный,Вся страна,Средняя,31013,67,11675495,24.0,4,5,36763,256,False,False,False,False,False,False,False,False,False,False,1
Портал управления #2377,Энергетика,Объектовый,Субъект РФ,Высокая,2851,9,24904331,4.0,1,5,4061,176,True,True,False,False,True,False,False,False,False,False,1
Сервис обработки #2378,Государственное управление,Региональный,Несколько муниципалитетов,Средняя,203071,3,595733,168.0,9,12,67256,2480,True,False,True,False,False,False,True,False,False,True,2
Сервис обработки #2379,Государственное управление,Муниципальный,Субъект РФ,Средняя,35170,3,1088985,48.0,10,3,36744,397,False,False,True,False,False,True,True,False,False,True,2
Сеть управления #2380,Государственное управление,Региональный,Несколько муниципалитетов,Высокая,58847,2,3467222,24.0,4,25,14372,3087,True,False,True,False,False,False,True,False,False,False,1
ИС управления #2381,Государственное управление,Федеральный,Федеральный округ,Средняя,342580,28,2107884,48.0,8,26,453072,1553,False,False,True,False,False,True,True,True,True,True,3
АСУ ТП передачи #2382,Наука,Региональный,Субъект РФ,Низкая,275932,9,107766,48.0,5,15,199979,381,True,False,False,False,False,False,False,False,False,False,1
Сервис аналитики #2383,Здравоохранение,Муниципальный,Один город,Средняя,12025,3,3576684,72.0,8,12,12677,2910,False,False,True,True,False,False,False,False,False,True,2
Портал передачи #2384,Транспорт,Региональный,Субъект РФ,Критическая,372504,9,19730431,4.0,11,8,203041,1524,True,True,False,True,False,False,True,True,False,False,3
Портал обработки #2385,Оборонная промышленность,Региональный,Федеральный округ,Низкая,258009,27,52007,48.0,5,20,260413,1214,False,False,False,False,False,True,True,False,False,True,3
Сеть управления #2386,Топливная промышленность,Объектовый,Федеральный округ,Высокая,242,14,453062942,4.0,3,4,72,427,True,True,False,False,True,False,False,False,False,False,2
ИС управления #2387,Связь,Региональный,Вся страна,Низкая,173459,63,45612,168.0,11,12,58585,897,True,False,False,False,False,False,False,True,True,False,1
Сеть мониторинга #2388,Наука,Федеральный,Несколько муниципалитетов,Средняя,687294,4,192377,72.0,14,12,218354,435,True,True,False,False,False,False,False,False,False,False,2
АСУ ТП хранения #2389,Наука,Муниципальный,Несколько муниципалитетов,Критическая,80773,2,21341625,1.0,8,14,55318,1073,True,False,False,True,False,False,True,True,False,False,3
Сеть обработки #2390,Банковская сфера,Региональный,Субъект РФ,Средняя,366277,8,2562534,168.0,14,29,402380,3281,False,False,False,False,False,False,True,False,False,True,2
Система мониторинга #2391,Топливная промышленность,Объектовый,Субъект РФ,Высокая,825,9,85021916,24.0,3,7,302,1007,True,True,False,False,True,False,False,False,False,False,1
Сервис обработки #2392,Оборонная промышленность,Региональный,Один город,Низкая,80892,3,314327,48.0,12,17,69170,78,False,False,False,False,False,True,False,False,False,True,2
Система хранения #2393,Государственное управление,Федеральный,Вся страна,Низкая,160074,76,49403,48.0,12,24,86744,1896,True,False,True,False,False,True,True,False,False,True,3
Платформа обработки #2394,Банковская сфера,Федеральный,Федеральный округ,Высокая,207397,20,11802915,8.0,15,11,282110,2136,True,False,False,False,False,False,False,False,False,True,2
АСУ ТП обработки #2395,Оборонная промышленность,Региональный,Несколько муниципалитетов,Низкая,265252,2,310100,168.0,11,4,188370,3537,False,False,False,False,False,True,False,False,False,True,2
Портал аналитики #2396,Наука,Региональный,Субъект РФ,Высокая,341927,4,557126853,12.0,6,18,273030,591,True,False,False,False,False,False,False,False,True,False,2
Платформа передачи #2397,Топливная промышленность,Региональный,Вся страна,Критическая,224881,86,98891770,4.0,4,11,205394,889,True,True,False,True,True,False,False,False,False,False,3
Сервис аналитики #2398,Транспорт,Объектовый,Федеральный округ,Высокая,1027,24,180053933,8.0,4,4,828,113,True,True,False,True,False,False,True,True,False,False,3
АСУ ТП аналитики #2399,Энергетика,Объектовый,Один город,Средняя,1656,1,3250340,24.0,1,4,1120,898,False,True,False,False,True,False,False,False,False,False,0
Сеть передачи #2400,Энергетика,Муниципальный,Один город,Средняя,35860,3,3476245,72.0,4,13,30482,477,False,True,False,False,True,False,False,False,False,False,1
АСУ ТП аналитики #2401,Транспорт,Региональный,Федеральный округ,Низкая,142297,28,168667,168.0,11,20,144924,2252,False,True,True,True,False,False,True,True,False,True,3
Платформа хранения #2402,Наука,Объектовый,Вся страна,Высокая,3397,83,13167732,24.0,3,1,3980,72,True,False,False,False,False,False,False,False,True,False,1
Сеть хранения #2403,Государственное управление,Муниципальный,Федеральный округ,Низкая,4659,29,1196156,24.0,9,10,2699,246,True,False,True,False,False,False,True,False,True,True,2
Система управления #2404,Наука,Муниципальный,Субъект РФ,Средняя,6750,1,5926267,24.0,3,7,6095,2261,False,False,False,False,False,False,False,False,False,False,0
Портал мониторинга #2405,Здравоохранение,Региональный,Один город,Критическая,125196,1,114699578,1.0,9,14,27234,1080,True,False,False,True,False,False,False,False,False,False,3
ИС передачи #2406,Оборонная промышленность,Муниципальный,Один город,Низкая,25297,2,568516,72.0,5,2,9927,1717,False,False,False,False,False,False,False,True,False,True,0
АСУ ТП хранения #2407,Здравоохранение,Региональный,Один город,Средняя,376615,3,5645862,24.0,10,26,342940,2706,True,False,False,True,False,False,True,False,False,False,3
Сервис хранения #2408,Транспорт,Объектовый,Один город,Высокая,2563,4,282747539,24.0,2,5,3724,17,True,True,False,True,False,False,True,True,False,False,2
Сервис аналитики #2409,Наука,Федеральный,Один город,Высокая,317858,4,9880273,8.0,13,30,322870,872,True,False,False,False,False,False,False,False,True,False,2
Сервис управления #2410,Наука,Федеральный,Вся страна,Средняя,521660,85,3480217,48.0,2,13,601376,2011,False,False,False,False,False,False,False,False,True,False,2
Сеть хранения #2411,Государственное управление,Муниципальный,Несколько муниципалитетов,Высокая,43553,4,4554852416,8.0,5,12,46475,815,True,False,True,False,False,True,True,True,False,True,3
ИС обработки #2412,Банковская сфера,Объектовый,Вся страна,Высокая,540,50,106354979,8.0,2,6,211,321,True,False,False,False,False,False,False,False,False,True,2
Платформа обработки #2413,Транспорт,Муниципальный,Субъект РФ,Низкая,29599,3,76296,168.0,4,14,19087,118,False,True,False,True,False,False,True,True,False,False,2
Портал мониторинга #2414,Здравоохранение,Федеральный,Вся страна,Средняя,708786,54,1809767,48.0,9,19,321676,748,False,False,False,True,True,False,True,False,False,False,3
Портал хранения #2415,Энергетика,Региональный,Вся страна,Высокая,52811,52,438195782,12.0,8,9,68467,3524,True,True,False,False,True,False,False,False,False,False,2
Портал хранения #2416,Оборонная промышленность,Региональный,Субъект РФ,Низкая,184419,8,87478,48.0,5,19,112762,403,True,True,False,False,False,True,False,False,False,True,3
Платформа аналитики #2417,Здравоохранение,Региональный,Субъект РФ,Средняя,439107,6,16820596,48.0,11,15,482706,274,False,False,False,True,False,False,False,False,False,False,2
Система мониторинга #2418,Здравоохранение,Региональный,Вся страна,Высокая,120625,62,156288198,4.0,6,13,145213,2513,True,False,False,True,False,False,False,False,False,False,3
Система обработки #2419,Топливная промышленность,Муниципальный,Вся страна,Высокая,78213,78,107490484,4.0,6,14,110738,2017,True,True,False,False,True,False,False,False,False,False,3
Система передачи #2420,Здравоохранение,Региональный,Субъект РФ,Критическая,66414,9,672621521,0.5,4,21,36023,4794,True,False,False,True,False,False,False,False,False,False,3
АСУ ТП аналитики #2421,Наука,Муниципальный,Вся страна,Высокая,5848,74,60986417,4.0,3,16,7914,1222,True,False,False,False,False,False,False,False,True,False,1
Портал передачи #2422,Наука,Муниципальный,Вся страна,Критическая,29558,60,133699467,0.5,7,8,29957,879,True,False,False,True,False,False,False,False,False,False,3
Сервис хранения #2423,Банковская сфера,Объектовый,Несколько муниципалитетов,Средняя,1002,3,3504271,168.0,2,2,150,99,True,False,False,False,False,False,True,False,False,True,1
Портал передачи #2424,Здравоохранение,Объектовый,Несколько муниципалитетов,Средняя,972,2,5970889,72.0,2,5,644,110,False,False,False,True,True,False,True,False,False,False,1
Система хранения #2425,Связь,Федеральный,Один город,Средняя,389395,3,3069682,168.0,8,25,528907,4590,True,False,False,False,False,False,False,False,True,False,2
Сеть обработки #2426,Топливная промышленность,Объектовый,Федеральный округ,Низкая,2301,29,322209,72.0,3,1,1731,1612,False,True,False,False,True,False,False,False,False,False,1
Сервис аналитики #2427,Связь,Федеральный,Несколько муниципалитетов,Средняя,605606,1,2704078,72.0,19,22,596611,3218,False,False,False,False,False,False,False,False,True,False,1
Портал обработки #2428,Государственное управление,Федеральный,Субъект РФ,Высокая,718886,9,85037708,8.0,10,17,541905,2972,True,False,True,False,False,True,True,True,True,True,3
Сеть хранения #2429,Государственное управление,Федеральный,Субъект РФ,Высокая,484609,6,249549516,12.0,9,34,131089,2250,True,True,True,False,False,True,True,False,False,True,3
Система аналитики #2430,Банковская сфера,Объектовый,Субъект РФ,Средняя,1359,3,791052,48.0,2,5,1838,518,False,False,False,False,False,False,False,True,False,True,0
Платформа передачи #2431,Наука,Муниципальный,Вся страна,Низкая,39155,75,153128,72.0,4,14,17142,713,False,False,False,False,False,False,False,True,False,False,1
Сервис обработки #2432,Здравоохранение,Региональный,Федеральный округ,Высокая,137231,27,8414998,12.0,9,6,120887,1897,True,False,False,True,False,False,False,False,False,False,3
Сеть хранения #2433,Топливная промышленность,Региональный,Один город,Средняя,37728,2,2966084,48.0,9,7,8983,939,True,True,False,False,True,False,False,False,False,False,1
АСУ ТП передачи #2434,Топливная промышленность,Объектовый,Несколько муниципалитетов,Высокая,2748,4,22382083,24.0,5,4,1754,1323,True,True,False,False,True,False,False,False,False,False,1
АСУ ТП обработки #2435,Государственное управление,Региональный,Субъект РФ,Высокая,158813,5,132045365,24.0,11,25,34645,2339,True,False,True,False,False,True,True,False,False,True,3
Платформа обработки #2436,Банковская сфера,Федеральный,Несколько муниципалитетов,Низкая,833178,4,85424,168.0,14,21,815996,985,False,False,False,False,False,False,False,False,True,True,2
Портал хранения #2437,Банковская сфера,Региональный,Вся страна,Высокая,99291,83,74040753,12.0,11,5,30245,2828,True,False,False,False,True,False,False,False,False,True,2
Портал управления #2438,Банковская сфера,Федеральный,Несколько муниципалитетов,Высокая,691080,4,6551460,8.0,4,11,483386,437,True,False,False,False,False,False,False,False,True,True,2
Сеть передачи #2439,Здравоохранение,Региональный,Субъект РФ,Критическая,238275,8,243076204,1.0,9,22,343106,1302,True,False,False,True,False,False,False,False,False,False,3
Сеть аналитики #2440,Государственное управление,Объектовый,Субъект РФ,Высокая,2281,5,141504914,12.0,2,6,309,512,True,False,True,False,False,True,True,False,False,True,3
АСУ ТП аналитики #2441,Здравоохранение,Региональный,Несколько муниципалитетов,Низкая,223669,1,81089,24.0,7,17,204249,1486,True,False,False,True,False,False,False,False,False,False,2
Сервис управления #2442,Наука,Объектовый,Субъект РФ,Средняя,1054,5,2437607,48.0,4,5,1177,223,False,False,False,False,False,False,False,False,False,False,0
АСУ ТП управления #2443,Банковская сфера,Федеральный,Несколько муниципалитетов,Средняя,120390,4,9667651,24.0,12,18,95322,661,True,False,False,False,False,False,False,False,False,True,2
Платформа аналитики #2444,Банковская сфера,Федеральный,Несколько муниципалитетов,Средняя,942996,3,2013176,48.0,13,23,488960,1119,True,True,False,False,False,False,False,False,False,True,2
ИС управления #2445,Здравоохранение,Муниципальный,Вся страна,Низкая,40629,57,374066,24.0,8,8,16889,745,False,False,False,True,False,False,True,False,False,False,2
Портал хранения #2446,Оборонная промышленность,Федеральный,Федеральный округ,Высокая,1089309,21,43535598,8.0,3,30,1555657,656,True,False,False,False,False,True,False,False,False,True,3
Система аналитики #2447,Здравоохранение,Объектовый,Несколько муниципалитетов,Высокая,478,1,23649563,8.0,5,7,356,629,True,False,False,True,False,False,False,False,False,False,1
Сервис хранения #2448,Энергетика,Муниципальный,Федеральный округ,Высокая,38460,18,7386346,12.0,7,13,45286,551,True,True,False,False,True,False,False,False,False,False,1
Сервис обработки #2449,Связь,Объектовый,Несколько муниципалитетов,Критическая,3154,1,1908847644,4.0,2,5,323,454,True,True,False,True,False,False,False,False,True,False,3
АСУ ТП аналитики #2450,Энергетика,Региональный,Субъект РФ,Высокая,375583,4,104297773,12.0,10,3,381895,2413,True,True,False,False,True,False,True,False,False,False,2
Сеть аналитики #2451,Транспорт,Муниципальный,Несколько муниципалитетов,Средняя,38185,2,1827507,72.0,6,8,31191,1264,True,True,False,True,False,False,True,True,False,False,2
ИС передачи #2452,Здравоохранение,Муниципальный,Один город,Низкая,54859,3,66001,72.0,7,11,38941,2429,True,False,False,True,False,False,False,False,True,False,2
Сеть мониторинга #2453,Наука,Региональный,Вся страна,Средняя,186785,50,532708,168.0,4,11,35701,633,False,True,False,False,False,False,False,True,True,False,1
АСУ ТП аналитики #2454,Связь,Муниципальный,Вся страна,Средняя,19555,52,1377214,168.0,6,9,6035,1182,False,False,False,False,False,False,False,False,True,False,1
Система аналитики #2455,Оборонная промышленность,Объектовый,Один город,Низкая,2015,1,69420,72.0,2,4,1319,656,False,False,False,False,True,False,False,False,True,True,0
АСУ ТП обработки #2456,Энергетика,Региональный,Вся страна,Средняя,257288,74,11377987,168.0,12,16,90870,476,True,True,False,False,True,False,True,False,False,False,2
Система управления #2457,Здравоохранение,Муниципальный,Федеральный округ,Низкая,37563,20,66055,24.0,8,7,39588,255,False,False,False,True,False,False,False,False,False,False,2
ИС обработки #2458,Энергетика,Региональный,Вся страна,Высокая,229741,62,129929671,8.0,16,11,51589,2084,True,True,False,False,True,False,False,False,False,False,3
АСУ ТП мониторинга #2459,Оборонная промышленность,Региональный,Федеральный округ,Высокая,171798,27,35625990,4.0,12,20,101173,2082,True,False,False,False,True,True,False,False,False,True,3
ИС аналитики #2460,Транспорт,Федеральный,Вся страна,Средняя,1094577,79,99571101,168.0,13,27,1497233,2999,False,True,False,True,False,False,True,True,False,False,3
Сервис управления #2461,Энергетика,Федеральный,Несколько муниципалитетов,Высокая,762012,1,467614525,4.0,14,23,86319,1865,True,True,False,False,True,False,False,False,False,False,3
Система хранения #2462,Наука,Муниципальный,Федеральный округ,Критическая,18680,19,12725307,2.0,5,2,10810,2696,True,False,False,False,False,False,False,True,False,False,1
Платформа аналитики #2463,Наука,Региональный,Несколько муниципалитетов,Низкая,144440,3,246086,24.0,9,5,113920,1313,False,False,False,False,True,False,False,False,False,False,1
АСУ ТП обработки #2464,Государственное управление,Региональный,Федеральный округ,Высокая,92908,12,347198810,12.0,9,20,99656,1309,True,False,True,False,False,True,True,False,False,True,3
АСУ ТП управления #2465,Оборонная промышленность,Региональный,Несколько муниципалитетов,Высокая,128062,2,129859917,24.0,10,7,36112,1792,True,True,False,False,False,False,False,False,False,True,2
ИС управления #2466,Энергетика,Региональный,Федеральный округ,Высокая,311639,12,59379923,12.0,13,19,390476,2893,True,True,True,False,True,False,False,False,True,True,3
Сервис управления #2467,Наука,Объектовый,Субъект РФ,Низкая,876,7,186727,72.0,2,9,998,193,False,True,True,False,False,False,False,False,False,True,1
Сервис мониторинга #2468,Банковская сфера,Объектовый,Несколько муниципалитетов,Средняя,2373,3,2594451,24.0,4,1,3230,1519,False,False,True,False,False,False,False,False,False,True,1
Платформа хранения #2469,Топливная промышленность,Региональный,Несколько муниципалитетов,Критическая,237840,3,193864810,0.5,8,15,133482,56,True,True,True,False,True,False,True,False,False,True,3
Сеть обработки #2470,Государственное управление,Федеральный,Один город,Критическая,226010,1,4216920,4.0,9,27,258575,3532,True,False,True,True,False,False,True,False,False,True,3
АСУ ТП передачи #2471,Государственное управление,Муниципальный,Вся страна,Высокая,72357,69,886506213,24.0,8,18,75730,499,True,False,True,False,False,False,True,False,False,True,3
Портал аналитики #2472,Энергетика,Региональный,Субъект РФ,Средняя,154286,7,4745571,168.0,4,11,158878,2737,False,True,False,False,True,False,False,True,False,False,1
Сеть хранения #2473,Энергетика,Объектовый,Несколько муниципалитетов,Средняя,1916,1,2126878,72.0,4,3,513,87,False,True,True,False,True,False,False,False,False,True,1
ИС передачи #2474,Транспорт,Региональный,Федеральный округ,Средняя,94339,15,4111407,48.0,7,18,102958,73,True,True,False,True,False,False,True,True,True,False,3
ИС мониторинга #2475,Топливная промышленность,Региональный,Субъект РФ,Средняя,103166,2,21820458,24.0,9,25,24230,2665,True,True,False,False,True,False,True,False,False,False,2
Портал передачи #2476,Связь,Федеральный,Один город,Низкая,534564,1,44408,48.0,13,13,108209,3161,False,False,False,False,False,False,False,False,True,False,1
Сервис обработки #2477,Государственное управление,Объектовый,Несколько муниципалитетов,Средняя,1386,2,1562097,168.0,3,5,1722,194,False,False,True,False,False,False,True,False,False,True,1
Сеть передачи #2478,Здравоохранение,Муниципальный,Один город,Критическая,40948,2,883721966,1.0,6,3,49701,788,True,False,False,True,False,False,False,False,False,False,3
АСУ ТП хранения #2479,Банковская сфера,Региональный,Несколько муниципалитетов,Высокая,417768,3,37184515,8.0,9,3,113148,254,True,False,False,False,False,False,False,False,False,True,2
Платформа аналитики #2480,Оборонная промышленность,Объектовый,Вся страна,Средняя,542,69,5870765,72.0,3,3,487,212,False,False,False,False,False,True,True,False,False,True,2
Сеть мониторинга #2481,Топливная промышленность,Региональный,Один город,Средняя,269528,4,6653765,24.0,8,19,223291,2674,False,True,False,False,True,False,True,False,False,False,2
Портал аналитики #2482,Оборонная промышленность,Региональный,Федеральный округ,Средняя,57877,16,592830,168.0,10,13,15301,3725,True,False,False,False,False,True,False,False,False,True,2
Портал мониторинга #2483,Топливная промышленность,Объектовый,Один город,Высокая,553,4,4366050,4.0,3,4,209,476,True,True,False,False,True,False,False,False,False,False,1
Сервис управления #2484,Топливная промышленность,Муниципальный,Вся страна,Низкая,67710,63,286646,48.0,5,12,71386,3047,False,True,False,False,True,False,False,False,False,False,1
АСУ ТП обработки #2485,Здравоохранение,Объектовый,Субъект РФ,Критическая,1370,5,13425153,4.0,3,7,897,577,True,False,False,True,False,False,False,False,False,False,2
АСУ ТП обработки #2486,Энергетика,Объектовый,Федеральный округ,Низкая,1269,27,419094,24.0,3,6,159,959,False,True,True,False,True,False,False,False,False,True,2
АСУ ТП мониторинга #2487,Топливная промышленность,Муниципальный,Федеральный округ,Высокая,14528,12,693344094,12.0,7,11,16110,932,True,True,False,False,True,False,False,False,True,False,2
ИС передачи #2488,Наука,Региональный,Федеральный округ,Высокая,50067,18,234211005,12.0,5,18,50404,309,True,True,False,False,False,False,False,True,False,False,2
Система мониторинга #2489,Здравоохранение,Объектовый,Один город,Высокая,2628,3,295044079,8.0,1,7,3689,884,True,True,False,True,False,False,True,False,False,False,2
ИС передачи #2490,Государственное управление,Региональный,Несколько муниципалитетов,Средняя,37014,2,7142855,24.0,14,18,19838,2664,False,False,True,False,False,True,True,False,False,True,3
АСУ ТП хранения #2491,Государственное управление,Муниципальный,Один город,Высокая,55995,1,9048108,24.0,3,9,74267,2489,True,False,True,False,False,False,True,False,False,True,1
Сеть управления #2492,Здравоохранение,Региональный,Один город,Средняя,38803,4,4442275,168.0,12,3,17602,2142,False,False,False,True,False,False,True,False,False,False,2
Сеть хранения #2493,Топливная промышленность,Федеральный,Субъект РФ,Низкая,1263066,6,97478,24.0,14,5,684868,2506,False,True,False,False,True,False,True,False,False,False,3
АСУ ТП хранения #2494,Связь,Федеральный,Вся страна,Критическая,355486,86,97949735,0.5,17,24,44254,2128,True,True,False,True,True,False,True,False,True,False,3
АСУ ТП передачи #2495,Энергетика,Федеральный,Федеральный округ,Низкая,337849,26,913002,24.0,15,17,200966,4434,True,True,False,False,True,False,False,False,True,False,2
Сеть аналитики #2496,Транспорт,Федеральный,Несколько муниципалитетов,Высокая,887941,2,86239045,4.0,13,21,516187,4745,True,True,False,True,False,False,True,True,False,False,3
Платформа аналитики #2497,Энергетика,Региональный,Один город,Низкая,288581,1,294871,48.0,4,12,288007,1602,False,True,False,False,True,False,False,False,False,False,1
ИС аналитики #2498,Государственное управление,Региональный,Вся страна,Низкая,146944,79,226149,24.0,11,9,197719,2132,False,False,True,False,False,True,True,False,False,False,3
Сервис передачи #2499,Наука,Региональный,Один город,Средняя,67016,4,3150922,72.0,5,20,11127,591,False,False,False,False,True,False,False,False,False,False,0
ИС обработки #2500,Транспорт,Региональный,Один город,Высокая,18362,4,4039745,24.0,10,24,25998,2778,True,True,False,True,False,False,True,True,False,False,3
Платформа управления #2501,Топливная промышленность,Объектовый,Субъект РФ,Средняя,751,4,363186,72.0,2,5,957,768,False,True,False,False,True,False,False,False,False,False,0
Портал мониторинга #2502,Государственное управление,Региональный,Субъект РФ,Средняя,149760,9,11003122,48.0,11,10,117197,1968,True,False,True,False,False,False,True,False,False,True,2
Платформа управления #2503,Энергетика,Объектовый,Вся страна,Средняя,2120,85,1591202,72.0,3,6,2389,145,False,True,False,False,True,False,False,False,False,False,1
ИС аналитики #2504,Топливная промышленность,Объектовый,Вся страна,Критическая,1831,58,19365546,0.5,3,3,344,45,True,True,False,False,True,False,False,False,False,False,2
Портал управления #2505,Связь,Муниципальный,Несколько муниципалитетов,Средняя,11761,2,2775694,24.0,7,8,15855,1737,True,False,False,False,False,False,False,False,True,False,1
Сеть аналитики #2506,Оборонная промышленность,Региональный,Вся страна,Средняя,93619,82,1490370,168.0,5,21,132437,1401,False,False,False,False,True,True,True,False,False,True,2
Сеть управления #2507,Энергетика,Муниципальный,Федеральный округ,Средняя,18693,28,13518958,48.0,3,10,15988,1610,False,True,False,False,True,False,False,False,False,False,1
Сервис хранения #2508,Топливная промышленность,Федеральный,Вся страна,Высокая,261383,77,4333299,8.0,4,23,245720,1730,True,True,False,False,True,False,False,False,False,False,2
ИС аналитики #2509,Государственное управление,Региональный,Несколько муниципалитетов,Высокая,134469,1,638482891,12.0,11,16,67033,1274,True,False,True,False,False,True,True,False,False,True,3
ИС аналитики #2510,Энергетика,Региональный,Федеральный округ,Средняя,195578,23,14031947,168.0,15,20,279365,386,False,True,False,False,True,False,False,False,False,False,2
Платформа хранения #2511,Банковская сфера,Федеральный,Несколько муниципалитетов,Средняя,368321,4,9638115,168.0,6,9,130584,2017,False,False,False,False,False,False,False,False,False,True,1
Сервис обработки #2512,Оборонная промышленность,Региональный,Субъект РФ,Низкая,401012,1,43488,168.0,8,1,249299,4065,False,False,False,False,False,True,False,False,False,True,2
АСУ ТП мониторинга #2513,Банковская сфера,Муниципальный,Несколько муниципалитетов,Критическая,16434,3,9503008,4.0,6,13,8998,82,True,False,False,False,False,False,False,False,False,True,2
Платформа передачи #2514,Энергетика,Региональный,Федеральный округ,Высокая,57111,25,109537350,24.0,6,12,39851,2046,True,True,False,False,True,False,False,False,False,False,2
ИС управления #2515,Банковская сфера,Объектовый,Несколько муниципалитетов,Высокая,4397,2,291962708,24.0,2,5,2658,337,True,False,False,False,False,False,False,False,False,True,1
Система мониторинга #2516,Связь,Федеральный,Вся страна,Средняя,471098,81,25779401,168.0,14,21,336505,1363,False,False,False,False,True,False,False,False,True,False,2
АСУ ТП хранения #2517,Государственное управление,Региональный,Один город,Средняя,97983,3,2023976,48.0,8,15,37738,3172,True,True,True,False,False,False,True,False,False,True,2
Сеть управления #2518,Связь,Объектовый,Несколько муниципалитетов,Критическая,2902,4,28790311,2.0,2,3,2043,341,True,True,False,False,False,False,False,False,True,False,1
ИС передачи #2519,Связь,Муниципальный,Один город,Низкая,14509,2,122243,24.0,6,4,16825,1522,False,False,False,False,False,False,False,True,True,False,0
ИС обработки #2520,Здравоохранение,Региональный,Субъект РФ,Высокая,30032,6,183562489,8.0,12,15,40708,1984,True,False,False,True,False,False,True,False,False,False,3
Портал управления #2521,Связь,Региональный,Несколько муниципалитетов,Высокая,198802,1,70814748,24.0,8,9,180238,246,True,False,True,False,False,False,False,False,True,True,2
Платформа обработки #2522,Оборонная промышленность,Региональный,Один город,Низкая,81538,2,71288,168.0,8,20,44322,2145,False,False,False,False,False,True,False,False,False,True,2
Система аналитики #2523,Энергетика,Муниципальный,Субъект РФ,Высокая,11202,4,45370705,12.0,3,12,7134,2468,True,True,False,False,True,False,True,False,False,False,1
Сеть обработки #2524,Наука,Муниципальный,Субъект РФ,Средняя,42494,1,1133975,24.0,5,15,12151,1095,False,True,False,False,False,False,False,False,False,False,1
АСУ ТП обработки #2525,Транспорт,Региональный,Федеральный округ,Критическая,118751,11,10396257,4.0,13,14,64721,679,True,True,False,True,False,False,True,True,False,False,3
Сеть хранения #2526,Связь,Региональный,Один город,Средняя,88808,2,20222655,168.0,7,10,133031,3350,False,False,False,False,False,False,False,True,True,False,1
Сеть мониторинга #2527,Наука,Объектовый,Федеральный округ,Низкая,1776,20,82418,24.0,3,5,1210,342,True,True,False,False,True,False,False,False,False,False,1
Система хранения #2528,Топливная промышленность,Региональный,Несколько муниципалитетов,Высокая,126183,3,117079535,8.0,7,8,50934,447,True,True,False,False,True,False,False,False,False,False,2
Платформа хранения #2529,Здравоохранение,Региональный,Несколько муниципалитетов,Средняя,160654,3,3853182,48.0,8,21,240220,4202,False,True,False,True,False,False,False,False,False,False,2
АСУ ТП обработки #2530,Энергетика,Региональный,Субъект РФ,Средняя,378220,6,22307402,24.0,8,4,412131,4587,True,True,False,False,True,False,False,False,False,False,2
Система хранения #2531,Топливная промышленность,Региональный,Федеральный округ,Средняя,99646,12,1129978,24.0,13,10,80143,103,False,True,False,False,True,False,False,False,False,False,1
ИС обработки #2532,Транспорт,Региональный,Один город,Низкая,159448,1,436803,168.0,15,11,97035,2496,True,True,False,True,False,False,True,True,False,False,3
ИС хранения #2533,Топливная промышленность,Объектовый,Субъект РФ,Низкая,686,2,100303,168.0,2,6,633,145,False,True,True,False,True,False,False,False,False,True,1
Система аналитики #2534,Наука,Муниципальный,Один город,Высокая,46195,1,737161873,4.0,5,9,29654,766,True,False,False,False,True,False,False,False,False,False,2
Портал мониторинга #2535,Транспорт,Объектовый,Несколько муниципалитетов,Критическая,4012,2,254899302,4.0,3,8,1450,1030,True,True,False,True,True,False,True,True,False,False,3
Сервис аналитики #2536,Государственное управление,Муниципальный,Федеральный округ,Средняя,55084,17,1649014,168.0,3,10,58267,1736,False,False,True,False,False,True,True,False,False,True,2
Платформа обработки #2537,Государственное управление,Объектовый,Субъект РФ,Высокая,849,6,30489377,4.0,2,6,465,586,True,True,True,False,False,True,True,False,False,True,3
Сервис мониторинга #2538,Связь,Региональный,Федеральный округ,Средняя,293317,21,203355,168.0,7,11,159342,2509,True,True,False,False,False,False,False,False,True,False,2
ИС аналитики #2539,Транспорт,Региональный,Субъект РФ,Критическая,425035,7,635339624,0.5,6,19,183413,406,True,True,False,True,False,False,True,True,False,False,3
Сеть хранения #2540,Государственное управление,Муниципальный,Несколько муниципалитетов,Средняя,44343,4,2146469,72.0,10,15,23062,1317,False,True,True,False,False,True,True,False,False,True,3
ИС передачи #2541,Оборонная промышленность,Региональный,Вся страна,Критическая,162294,66,26348301,2.0,7,10,145374,52,True,False,False,True,False,True,True,False,False,False,3
Сервис управления #2542,Банковская сфера,Объектовый,Субъект РФ,Средняя,2595,1,1294211,24.0,4,5,383,826,False,False,False,False,False,False,False,False,False,True,0
Сервис мониторинга #2543,Энергетика,Объектовый,Один город,Средняя,817,2,2875769,24.0,2,7,800,1418,False,True,False,False,True,False,False,False,False,False,0
Сервис хранения #2544,Оборонная промышленность,Региональный,Федеральный округ,Средняя,109423,19,2589375,168.0,10,12,150431,1233,False,False,False,False,False,True,True,False,False,True,3
Сервис хранения #2545,Банковская сфера,Региональный,Несколько муниципалитетов,Средняя,334638,4,1819827,24.0,9,9,240560,2234,False,False,False,False,False,False,False,False,False,True,1
Платформа мониторинга #2546,Здравоохранение,Объектовый,Субъект РФ,Критическая,3806,9,561382277,2.0,2,3,771,317,True,False,False,True,False,False,False,False,False,False,3
Сеть управления #2547,Транспорт,Федеральный,Вся страна,Средняя,504812,82,5397269,168.0,13,19,622123,1460,True,True,False,True,False,False,True,True,True,False,3
ИС аналитики #2548,Энергетика,Муниципальный,Вся страна,Высокая,59735,53,3294552,12.0,4,9,7222,253,True,True,False,False,True,False,False,False,True,False,1
Платформа мониторинга #2549,Энергетика,Федеральный,Федеральный округ,Высокая,694713,27,653235555,24.0,10,20,565032,266,True,True,False,False,True,False,False,False,True,False,3
ИС обработки #2550,Связь,Региональный,Субъект РФ,Высокая,128024,6,21757254,8.0,10,8,177436,1551,True,False,False,False,False,False,False,False,True,False,2
АСУ ТП хранения #2551,Банковская сфера,Объектовый,Субъект РФ,Высокая,1177,9,4087092,12.0,1,3,326,139,True,False,False,False,False,False,False,False,False,True,1
Сервис обработки #2552,Транспорт,Объектовый,Один город,Высокая,823,2,54581212,12.0,4,2,489,444,True,True,False,True,True,False,True,True,False,False,2
Платформа мониторинга #2553,Банковская сфера,Объектовый,Федеральный округ,Высокая,459,12,64253449,4.0,1,3,568,148,True,False,False,False,False,False,False,False,False,True,1
АСУ ТП аналитики #2554,Связь,Региональный,Один город,Средняя,157478,4,1052062,72.0,13,21,103966,3526,True,False,False,False,False,False,False,False,True,False,1
Сервис обработки #2555,Здравоохранение,Объектовый,Один город,Средняя,1619,2,9301661,48.0,2,4,327,479,False,False,False,True,False,False,False,False,False,False,1
Система управления #2556,Банковская сфера,Объектовый,Несколько муниципалитетов,Низкая,2833,3,496836,72.0,3,6,926,56,False,False,False,False,False,False,True,False,False,True,0
Платформа передачи #2557,Оборонная промышленность,Объектовый,Субъект РФ,Средняя,1903,2,46189310,168.0,3,5,1088,823,False,False,False,False,False,False,False,False,False,True,0
ИС передачи #2558,Топливная промышленность,Муниципальный,Субъект РФ,Критическая,60516,4,39083665,1.0,8,7,15740,549,True,True,False,True,True,False,False,False,False,False,3
Система передачи #2559,Связь,Муниципальный,Субъект РФ,Средняя,8743,8,249017,72.0,5,11,7558,545,True,False,False,False,False,False,False,False,True,False,0
Система обработки #2560,Оборонная промышленность,Муниципальный,Несколько муниципалитетов,Средняя,23557,4,22940377,48.0,7,7,7703,669,False,False,False,False,False,True,True,False,False,True,2
Сеть обработки #2561,Государственное управление,Региональный,Федеральный округ,Средняя,326640,26,19688083,48.0,8,11,111395,2412,False,True,True,False,False,False,True,False,False,True,3
Сервис обработки #2562,Транспорт,Муниципальный,Несколько муниципалитетов,Высокая,72698,3,144019383,24.0,5,4,21250,1461,True,True,False,True,False,False,True,True,False,False,3
АСУ ТП передачи #2563,Оборонная промышленность,Муниципальный,Федеральный округ,Высокая,66373,20,171854133,4.0,5,5,40207,97,True,False,False,False,False,True,False,False,False,True,3
Система аналитики #2564,Оборонная промышленность,Региональный,Несколько муниципалитетов,Высокая,34378,4,80181498,12.0,9,15,16346,1496,True,False,False,False,False,True,False,False,False,True,2
Портал передачи #2565,Наука,Федеральный,Один город,Высокая,336909,4,36106852,12.0,9,13,272881,63,True,False,False,False,True,False,False,False,False,False,2
Система управления #2566,Банковская сфера,Муниципальный,Несколько муниципалитетов,Высокая,29180,1,4228918,12.0,3,15,33487,409,True,False,False,False,False,False,True,False,False,True,1
ИС передачи #2567,Транспорт,Объектовый,Федеральный округ,Критическая,1344,20,726379197,4.0,3,6,437,18,True,True,False,True,False,False,True,True,True,False,3
АСУ ТП передачи #2568,Государственное управление,Муниципальный,Федеральный округ,Низкая,15005,13,162729,72.0,9,4,12451,2452,False,False,True,False,False,True,True,False,True,True,2
ИС передачи #2569,Энергетика,Федеральный,Один город,Высокая,1169163,2,69598908,12.0,11,11,1275708,3831,True,True,False,False,True,False,False,False,False,False,3
Сервис обработки #2570,Энергетика,Муниципальный,Вся страна,Критическая,37744,59,70588575,0.5,6,7,36130,1362,True,True,False,True,True,False,False,False,False,False,3
Система хранения #2571,Банковская сфера,Муниципальный,Несколько муниципалитетов,Высокая,59957,1,16498270,12.0,4,7,18985,1745,True,True,False,False,False,False,False,False,True,True,1
Платформа хранения #2572,Транспорт,Муниципальный,Федеральный округ,Средняя,31710,21,1366663,24.0,6,13,38167,956,False,True,False,True,False,False,True,True,False,False,3
Сервис передачи #2573,Транспорт,Муниципальный,Субъект РФ,Средняя,52323,2,13652801,72.0,5,5,12833,1870,False,True,False,True,False,False,True,True,False,False,2
Сеть обработки #2574,Здравоохранение,Объектовый,Один город,Критическая,2406,2,211967881,1.0,1,3,1281,986,True,False,False,True,False,False,False,False,False,False,2
ИС передачи #2575,Банковская сфера,Муниципальный,Субъект РФ,Высокая,56789,9,700240192,8.0,10,13,83296,704,True,False,False,False,False,False,False,False,False,True,2
Сеть передачи #2576,Здравоохранение,Региональный,Федеральный округ,Средняя,279620,16,4957908,168.0,6,18,403963,666,False,False,False,True,False,False,False,False,False,False,2
Сервис аналитики #2577,Топливная промышленность,Региональный,Один город,Критическая,77137,4,24673944,2.0,9,13,72141,1281,True,True,False,False,True,False,False,False,False,False,2
ИС обработки #2578,Топливная промышленность,Муниципальный,Субъект РФ,Высокая,46578,3,140359144,4.0,6,15,24654,2698,True,True,False,False,True,False,False,False,False,False,2
АСУ ТП мониторинга #2579,Связь,Региональный,Федеральный округ,Высокая,41150,26,5604871,8.0,6,17,47269,3013,True,False,False,False,False,False,True,False,True,False,2
Платформа мониторинга #2580,Энергетика,Муниципальный,Один город,Средняя,61238,4,2280702,168.0,5,7,63414,1374,False,True,False,False,True,False,False,False,False,False,0
Платформа обработки #2581,Банковская сфера,Объектовый,Вся страна,Средняя,1416,53,6095907,48.0,3,5,1537,115,False,True,False,False,False,False,False,True,False,True,1
Сеть передачи #2582,Связь,Федеральный,Один город,Критическая,1279926,1,27256961,0.5,16,18,981311,1564,True,False,False,True,False,True,False,False,True,True,3
ИС управления #2583,Наука,Объектовый,Несколько муниципалитетов,Высокая,38,3,1223978491,8.0,1,4,45,413,True,True,False,False,False,False,True,False,False,False,2
Сервис хранения #2584,Государственное управление,Региональный,Один город,Средняя,102210,2,12199674,72.0,12,7,145945,1899,False,False,True,False,False,True,True,False,False,True,3
ИС управления #2585,Транспорт,Региональный,Субъект РФ,Высокая,83509,9,48145724,4.0,7,16,38977,2346,True,True,True,True,False,False,True,True,False,True,3
Платформа обработки #2586,Здравоохранение,Объектовый,Один город,Средняя,1297,1,2863926,48.0,3,7,131,904,True,False,False,True,False,False,False,False,True,False,1
ИС аналитики #2587,Связь,Объектовый,Несколько муниципалитетов,Низкая,539,4,271031,72.0,3,6,61,355,False,False,False,False,False,False,False,False,True,False,0
Платформа управления #2588,Наука,Региональный,Федеральный округ,Средняя,101282,25,2786488,48.0,6,18,109029,3339,False,False,False,False,False,False,False,False,False,False,1
Платформа аналитики #2589,Здравоохранение,Объектовый,Федеральный округ,Высокая,2003,23,50676960,8.0,4,6,1473,809,True,False,False,True,False,False,False,False,False,False,2
АСУ ТП мониторинга #2590,Здравоохранение,Региональный,Субъект РФ,Средняя,137436,9,14815762,48.0,3,9,147751,4244,True,False,False,True,False,False,False,False,False,False,2
Портал управления #2591,Банковская сфера,Региональный,Федеральный округ,Высокая,410133,16,449423475,8.0,7,7,265688,615,True,False,False,False,False,False,False,False,False,True,2
АСУ ТП аналитики #2592,Транспорт,Региональный,Вся страна,Средняя,133993,69,1832738,24.0,10,11,92351,3294,False,True,False,True,False,False,True,True,False,False,3
Система управления #2593,Наука,Муниципальный,Один город,Средняя,4430,4,1409117,48.0,9,14,6225,969,True,False,False,False,False,False,False,False,False,False,0
АСУ ТП хранения #2594,Топливная промышленность,Муниципальный,Субъект РФ,Средняя,4225,9,269759,168.0,5,10,1024,557,False,True,True,False,True,False,False,False,False,True,1
Сервис аналитики #2595,Банковская сфера,Муниципальный,Один город,Средняя,55754,3,1482201,72.0,5,13,61577,845,False,False,False,False,False,False,False,False,False,True,1
АСУ ТП аналитики #2596,Транспорт,Региональный,Один город,Средняя,42686,2,2888071,24.0,10,14,32089,470,True,True,False,True,False,False,True,True,False,False,3
Портал аналитики #2597,Государственное управление,Муниципальный,Субъект РФ,Средняя,30141,8,813569,48.0,5,10,18869,1299,False,False,True,False,False,True,True,True,False,True,2
Платформа мониторинга #2598,Оборонная промышленность,Региональный,Субъект РФ,Низкая,348533,4,310937,48.0,11,19,203390,1464,False,True,True,False,False,True,False,False,False,True,3
Портал передачи #2599,Связь,Муниципальный,Один город,Высокая,39341,3,8331419,24.0,7,4,39537,1133,True,False,False,False,False,False,False,False,True,False,1
Портал хранения #2600,Банковская сфера,Федеральный,Один город,Высокая,1839997,2,103834922,8.0,9,12,1503876,3648,True,False,False,False,True,False,False,False,False,True,3
Платформа мониторинга #2601,Банковская сфера,Муниципальный,Субъект РФ,Средняя,46410,5,9885870,168.0,2,2,54562,286,True,False,False,False,True,False,False,False,False,True,1
Сеть аналитики #2602,Государственное управление,Региональный,Субъект РФ,Низкая,199072,4,88244,168.0,5,20,107244,2150,False,False,True,False,False,True,True,False,False,True,3
Сеть управления #2603,Энергетика,Муниципальный,Федеральный округ,Средняя,7410,24,12650476,48.0,6,11,1391,765,False,True,False,False,True,False,False,True,False,False,1
ИС аналитики #2604,Связь,Федеральный,Вся страна,Средняя,648441,52,4070660,72.0,12,36,126165,1154,True,True,False,False,False,False,False,False,True,False,2
Портал аналитики #2605,Оборонная промышленность,Муниципальный,Федеральный округ,Средняя,23941,26,4348341,48.0,5,5,10775,2506,True,False,False,False,False,True,False,False,False,True,2
Платформа передачи #2606,Государственное управление,Региональный,Федеральный округ,Высокая,343329,15,19835765,12.0,6,12,449950,991,True,False,True,False,False,True,True,True,False,True,3
Платформа хранения #2607,Транспорт,Объектовый,Несколько муниципалитетов,Средняя,2655,3,4930990,72.0,1,2,330,1198,False,True,False,True,False,False,True,True,False,False,1
Сеть обработки #2608,Оборонная промышленность,Объектовый,Федеральный округ,Средняя,2345,16,2939130,72.0,2,4,2225,971,False,True,False,False,True,False,False,False,False,True,1
АСУ ТП хранения #2609,Оборонная промышленность,Региональный,Несколько муниципалитетов,Низкая,456583,3,72578,72.0,13,19,284016,2602,False,False,True,False,False,True,False,False,False,True,3
Платформа хранения #2610,Транспорт,Объектовый,Субъект РФ,Высокая,2903,8,118883066,24.0,4,4,320,112,True,True,False,True,False,False,True,True,False,False,3
ИС аналитики #2611,Наука,Объектовый,Один город,Средняя,3201,1,2831245,168.0,4,2,588,246,True,True,False,False,False,False,False,False,False,False,0
Сеть передачи #2612,Оборонная промышленность,Региональный,Федеральный округ,Низкая,32980,20,358722,168.0,9,26,44327,3748,False,False,False,False,False,True,False,False,False,True,2
ИС обработки #2613,Банковская сфера,Федеральный,Федеральный округ,Высокая,417440,29,220119574,24.0,9,12,370771,415,True,False,False,False,False,False,True,False,False,True,3
Портал управления #2614,Связь,Муниципальный,Один город,Высокая,27478,3,464779017,4.0,5,13,21071,487,True,True,False,False,True,False,False,False,True,False,2
Сервис управления #2615,Наука,Муниципальный,Несколько муниципалитетов,Высокая,24131,3,173629240,4.0,6,6,30168,2459,True,False,False,False,False,False,False,False,False,False,2
Система обработки #2616,Топливная промышленность,Федеральный,Федеральный округ,Средняя,920093,27,580003,72.0,11,8,1043207,1270,True,True,False,False,True,False,False,False,False,False,2
Платформа управления #2617,Топливная промышленность,Муниципальный,Несколько муниципалитетов,Средняя,81786,3,472874,72.0,5,10,12736,2112,False,True,False,False,True,False,False,True,False,False,0
АСУ ТП управления #2618,Государственное управление,Региональный,Один город,Средняя,384193,1,3611643,48.0,6,15,284951,1160,True,False,True,False,False,True,True,False,True,True,3
АСУ ТП управления #2619,Наука,Муниципальный,Вся страна,Средняя,13172,73,2571920,48.0,5,6,14190,1392,True,False,False,False,False,False,False,False,False,False,1
АСУ ТП управления #2620,Банковская сфера,Муниципальный,Субъект РФ,Средняя,43705,7,12245122,168.0,4,12,64434,345,True,False,False,False,False,False,False,False,True,True,1
Платформа мониторинга #2621,Связь,Региональный,Несколько муниципалитетов,Низкая,123894,3,31635,24.0,6,15,54488,1892,False,False,False,False,False,False,False,False,True,False,1
Портал мониторинга #2622,Транспорт,Федеральный,Вся страна,Высокая,738421,70,141661387,8.0,5,22,1022880,1723,True,True,False,True,False,False,True,True,False,False,3
Сеть аналитики #2623,Здравоохранение,Федеральный,Один город,Высокая,870175,1,114207057,4.0,8,30,872289,129,True,False,False,True,False,False,True,False,False,False,3
Сеть обработки #2624,Государственное управление,Объектовый,Один город,Средняя,1379,1,7139077,72.0,2,3,1042,975,False,True,True,False,True,True,True,False,False,True,2
ИС аналитики #2625,Банковская сфера,Региональный,Несколько муниципалитетов,Средняя,352702,2,5971454,48.0,7,1,456075,513,True,False,False,False,False,False,False,False,False,True,1
Платформа передачи #2626,Государственное управление,Муниципальный,Вся страна,Высокая,48300,88,29013320,4.0,7,14,38913,900,True,False,True,False,False,True,True,False,False,True,3
Портал управления #2627,Оборонная промышленность,Объектовый,Вся страна,Средняя,1046,76,869027,72.0,1,8,417,108,False,False,True,False,False,True,False,False,False,True,2
Платформа мониторинга #2628,Транспорт,Муниципальный,Вся страна,Средняя,15661,88,10857307,48.0,8,10,20744,1090,True,True,False,True,False,False,True,True,False,False,3
ИС мониторинга #2629,Здравоохранение,Федеральный,Федеральный округ,Высокая,1734488,10,628924828,12.0,5,22,958170,3710,True,False,False,True,False,False,False,False,False,False,3
Сеть управления #2630,Топливная промышленность,Объектовый,Федеральный округ,Низкая,451,16,104485,168.0,4,4,505,662,False,True,False,False,True,False,False,False,False,False,0
АСУ ТП обработки #2631,Энергетика,Региональный,Вся страна,Средняя,164073,82,10344438,168.0,11,24,165299,4045,True,True,False,False,True,False,False,False,False,False,2
Портал передачи #2632,Государственное управление,Объектовый,Вся страна,Низкая,4491,83,185451,48.0,2,5,1465,1311,False,False,True,False,False,True,True,False,False,True,2
Сервис хранения #2633,Здравоохранение,Муниципальный,Субъект РФ,Низкая,40882,3,53919,24.0,5,9,13854,2497,True,False,False,True,False,False,False,False,False,False,1
Сервис передачи #2634,Оборонная промышленность,Муниципальный,Субъект РФ,Средняя,21948,5,3913480,168.0,7,5,3921,1450,True,False,False,False,False,True,True,False,False,True,2
ИС обработки #2635,Оборонная промышленность,Муниципальный,Несколько муниципалитетов,Высокая,6034,4,152853412,12.0,6,13,2385,2107,True,False,False,False,False,True,False,True,True,True,2
АСУ ТП передачи #2636,Оборонная промышленность,Объектовый,Федеральный округ,Средняя,3753,20,24184554,72.0,4,1,2603,826,False,False,False,False,False,True,False,False,False,True,1
ИС управления #2637,Здравоохранение,Муниципальный,Федеральный округ,Высокая,67233,28,288980426,4.0,6,7,36840,239,True,False,False,True,False,False,True,False,False,False,3
Платформа мониторинга #2638,Энергетика,Региональный,Один город,Средняя,94220,4,333503,168.0,7,13,38364,962,True,True,False,False,True,False,False,False,False,False,1
Портал передачи #2639,Транспорт,Федеральный,Несколько муниципалитетов,Низкая,316043,4,282741,168.0,5,24,219132,3636,False,True,True,True,False,False,True,True,False,False,3
Платформа обработки #2640,Связь,Муниципальный,Субъект РФ,Низкая,19730,6,103516,24.0,5,4,26232,117,False,False,False,False,False,False,False,False,True,False,0
АСУ ТП хранения #2641,Топливная промышленность,Региональный,Один город,Высокая,383451,1,11187045,8.0,3,7,182604,1745,True,True,False,False,True,False,False,True,False,False,2
ИС управления #2642,Здравоохранение,Региональный,Вся страна,Высокая,251952,79,915267,24.0,7,12,52373,615,True,False,False,True,True,False,False,False,False,False,3
Платформа управления #2643,Наука,Муниципальный,Субъект РФ,Средняя,14725,1,3835279,168.0,5,10,20681,865,False,True,False,False,False,False,False,False,False,False,0
ИС передачи #2644,Связь,Муниципальный,Несколько муниципалитетов,Высокая,3130,3,1349826399,12.0,4,9,2107,390,True,True,False,False,False,False,False,False,True,False,2
Платформа хранения #2645,Государственное управление,Региональный,Федеральный округ,Средняя,35406,23,6108740,48.0,9,19,27454,166,False,False,True,False,False,False,True,False,False,True,2
Портал обработки #2646,Топливная промышленность,Федеральный,Один город,Критическая,1628018,4,71267959,0.5,18,20,908825,2160,True,True,False,True,True,False,False,False,False,False,3
ИС мониторинга #2647,Государственное управление,Региональный,Вся страна,Средняя,417468,75,8410511,48.0,8,24,392986,4646,True,False,True,False,False,True,True,False,False,True,3
ИС передачи #2648,Топливная промышленность,Объектовый,Вся страна,Критическая,1993,79,70260577,4.0,2,5,1863,1153,True,True,False,True,True,False,False,False,False,False,3
АСУ ТП аналитики #2649,Оборонная промышленность,Муниципальный,Вся страна,Средняя,7502,66,23609807,72.0,8,5,1475,246,False,False,False,False,False,True,False,False,False,True,2
АСУ ТП аналитики #2650,Топливная промышленность,Федеральный,Несколько муниципалитетов,Критическая,1482993,2,35908175,1.0,13,11,1500351,1220,True,True,False,False,True,True,False,False,False,True,3
Система управления #2651,Здравоохранение,Региональный,Вся страна,Высокая,474994,54,717696102,12.0,12,12,111158,3327,True,False,False,True,False,False,True,False,False,False,3
Платформа обработки #2652,Государственное управление,Объектовый,Один город,Средняя,2389,1,1185007,168.0,5,6,2909,587,False,False,True,False,True,True,True,False,False,True,2
Сеть обработки #2653,Здравоохранение,Объектовый,Субъект РФ,Средняя,1075,6,2113143,168.0,3,4,1445,176,False,True,True,True,True,False,False,True,False,True,2
Платформа хранения #2654,Связь,Региональный,Субъект РФ,Средняя,132063,3,1234171,48.0,12,8,154928,1843,False,False,False,False,False,False,True,False,True,False,1
Портал передачи #2655,Наука,Региональный,Один город,Средняя,344892,1,6339710,48.0,3,13,421188,367,False,False,False,False,False,False,False,False,False,False,1
Сеть хранения #2656,Транспорт,Объектовый,Вся страна,Высокая,2042,71,56948229,8.0,3,5,2307,1378,True,True,False,True,False,False,True,True,False,False,2
Платформа мониторинга #2657,Транспорт,Муниципальный,Несколько муниципалитетов,Критическая,36809,1,199766443,2.0,5,6,32410,90,True,True,False,True,False,False,True,True,False,False,3
Платформа аналитики #2658,Транспорт,Региональный,Субъект РФ,Низкая,176374,3,64478,168.0,5,20,149528,2199,False,True,False,True,False,False,True,True,False,False,2
Платформа аналитики #2659,Государственное управление,Объектовый,Несколько муниципалитетов,Средняя,1899,2,1658601,72.0,1,6,369,932,False,False,True,False,False,True,True,False,False,True,2
Система хранения #2660,Здравоохранение,Региональный,Вся страна,Критическая,91557,56,186994841,2.0,11,12,36298,576,True,False,False,True,True,False,False,False,False,False,3
ИС аналитики #2661,Связь,Объектовый,Один город,Средняя,3402,3,1096187,24.0,3,2,4622,310,False,False,False,False,False,False,False,False,True,False,0
Платформа управления #2662,Оборонная промышленность,Муниципальный,Один город,Средняя,22355,4,3421423,72.0,7,9,15859,1081,False,True,False,False,False,True,False,False,False,True,2
Платформа передачи #2663,Банковская сфера,Региональный,Субъект РФ,Средняя,37498,9,35039612,168.0,5,12,35871,930,False,False,False,False,False,False,False,False,False,False,1
Портал обработки #2664,Транспорт,Объектовый,Несколько муниципалитетов,Высокая,1126,2,5976316,4.0,3,1,1381,605,True,True,True,True,False,False,True,True,False,True,3
АСУ ТП мониторинга #2665,Наука,Региональный,Субъект РФ,Средняя,88694,7,1510047,48.0,10,23,125578,4614,False,False,False,False,False,False,False,False,False,False,1
Система аналитики #2666,Транспорт,Объектовый,Один город,Высокая,3231,1,61406833,12.0,3,5,3523,277,True,True,False,True,False,False,True,True,False,False,2
Портал передачи #2667,Топливная промышленность,Объектовый,Вся страна,Низкая,2717,56,115523,48.0,4,3,3754,122,False,True,False,False,True,False,False,False,False,False,1
Платформа обработки #2668,Государственное управление,Муниципальный,Один город,Средняя,6887,4,3450676,24.0,8,8,4811,1510,True,False,True,False,True,False,True,False,False,True,1
Сеть передачи #2669,Здравоохранение,Региональный,Вся страна,Высокая,92180,55,12063593,4.0,9,23,114955,2149,True,False,False,True,False,False,False,False,False,False,3
АСУ ТП управления #2670,Транспорт,Региональный,Федеральный округ,Средняя,147639,23,6085196,48.0,13,18,87374,1992,True,True,False,True,False,False,True,True,False,False,3
Платформа аналитики #2671,Банковская сфера,Муниципальный,Вся страна,Низкая,652,80,22956,48.0,2,10,655,726,True,False,False,False,False,False,False,False,False,True,1
Сервис аналитики #2672,Транспорт,Муниципальный,Субъект РФ,Высокая,42558,5,166359450,4.0,7,16,6639,1209,True,True,False,True,False,False,True,True,False,False,3
Сеть управления #2673,Государственное управление,Региональный,Субъект РФ,Средняя,67025,5,6100994,72.0,8,23,7862,149,False,False,True,False,False,True,True,False,False,True,2
ИС аналитики #2674,Энергетика,Муниципальный,Один город,Средняя,21069,2,1629014,168.0,4,6,9930,2049,False,True,False,False,True,False,True,True,False,False,1
Система хранения #2675,Банковская сфера,Региональный,Несколько муниципалитетов,Высокая,38363,2,11150805,8.0,3,25,27324,1529,True,False,False,False,False,False,False,False,False,True,1
Платформа аналитики #2676,Наука,Объектовый,Один город,Средняя,2383,3,14516143,72.0,4,5,1807,320,False,False,False,False,False,False,False,False,False,False,0
АСУ ТП аналитики #2677,Оборонная промышленность,Федеральный,Вся страна,Высокая,411732,77,13735755,24.0,11,21,457997,2837,True,False,False,False,False,False,False,False,False,True,3
Сеть управления #2678,Энергетика,Муниципальный,Субъект РФ,Средняя,6393,3,2791175,48.0,7,12,1249,620,False,True,False,False,True,False,False,False,False,False,1
Портал передачи #2679,Топливная промышленность,Муниципальный,Один город,Средняя,7796,4,1477495,48.0,5,10,3029,999,False,True,False,False,True,False,False,False,False,False,0
Сервис хранения #2680,Здравоохранение,Региональный,Субъект РФ,Средняя,313304,1,19343939,72.0,14,18,123362,3644,False,True,False,True,False,False,False,False,False,False,3
Платформа мониторинга #2681,Банковская сфера,Объектовый,Несколько муниципалитетов,Средняя,3723,4,2349024,24.0,2,4,580,674,False,True,False,False,False,False,False,False,True,True,1
Система мониторинга #2682,Топливная промышленность,Муниципальный,Один город,Низкая,6108,3,295327,168.0,5,6,6281,1252,True,True,False,False,True,False,False,False,False,False,0
Сеть управления #2683,Энергетика,Объектовый,Один город,Средняя,1141,3,2101319,168.0,1,7,685,1194,False,True,False,False,True,False,False,False,False,False,0
Сервис управления #2684,Энергетика,Муниципальный,Несколько муниципалитетов,Критическая,33159,3,895602320,2.0,5,6,44352,1720,True,True,False,True,True,False,False,False,False,False,3
Сеть передачи #2685,Связь,Объектовый,Субъект РФ,Критическая,1656,8,857201,2.0,3,7,2430,121,True,False,False,False,False,False,False,False,True,False,1
Система хранения #2686,Здравоохранение,Объектовый,Вся страна,Высокая,1603,88,140907029,24.0,3,3,1937,264,True,False,False,True,False,False,False,False,False,False,2
ИС аналитики #2687,Топливная промышленность,Региональный,Субъект РФ,Низкая,351651,5,66344,72.0,6,24,464170,1121,True,True,False,False,True,False,False,False,False,False,2
Сеть управления #2688,Банковская сфера,Муниципальный,Вся страна,Критическая,3974,55,11444800,2.0,7,8,5309,688,True,True,False,False,False,False,True,True,False,True,2
АСУ ТП передачи #2689,Связь,Муниципальный,Несколько муниципалитетов,Высокая,64024,1,39210313,8.0,8,10,8792,1461,True,True,False,False,True,False,False,False,True,False,1
Сервис обработки #2690,Транспорт,Объектовый,Вся страна,Низкая,1471,62,118551,72.0,1,4,707,74,False,True,False,True,False,False,True,True,False,False,2
АСУ ТП обработки #2691,Здравоохранение,Региональный,Один город,Высокая,47267,4,87391104,12.0,10,20,5791,2973,True,False,False,True,False,False,False,False,True,False,2
ИС аналитики #2692,Энергетика,Региональный,Федеральный округ,Средняя,121744,13,25993940,24.0,11,10,101479,2074,False,True,False,False,True,False,False,False,False,False,2
Сервис аналитики #2693,Банковская сфера,Федеральный,Вся страна,Высокая,1100382,84,112143440,4.0,13,24,1391447,5970,True,False,False,False,False,False,True,True,False,True,3
АСУ ТП обработки #2694,Наука,Региональный,Субъект РФ,Средняя,56040,1,1662456,48.0,7,12,42348,3947,False,False,False,False,False,False,False,False,False,False,1
АСУ ТП передачи #2695,Топливная промышленность,Объектовый,Несколько муниципалитетов,Средняя,730,2,6161007,24.0,3,3,641,331,False,True,False,False,True,False,False,False,False,False,0
Сервис мониторинга #2696,Топливная промышленность,Федеральный,Один город,Средняя,867926,2,35498764,168.0,18,12,341703,1928,False,True,False,False,True,False,False,False,False,False,2
Платформа мониторинга #2697,Государственное управление,Федеральный,Вся страна,Высокая,825602,68,1078525284,12.0,10,8,85444,2757,True,False,True,False,False,True,True,False,True,True,3
Система мониторинга #2698,Топливная промышленность,Муниципальный,Вся страна,Высокая,81228,77,293649869,4.0,2,13,66499,498,True,True,False,False,True,False,False,True,False,False,2
АСУ ТП управления #2699,Энергетика,Региональный,Вся страна,Низкая,129331,75,189493,72.0,10,16,79527,1894,False,True,False,False,True,False,False,False,False,False,2
АСУ ТП аналитики #2700,Топливная промышленность,Объектовый,Федеральный округ,Высокая,1155,14,12795761,12.0,4,8,782,772,True,True,False,False,True,False,False,True,False,False,1
Сеть управления #2701,Банковская сфера,Муниципальный,Один город,Высокая,10839,4,219315851,8.0,7,7,12434,1341,True,False,False,False,False,False,False,False,False,True,2
Сервис передачи #2702,Здравоохранение,Объектовый,Федеральный округ,Критическая,414,15,30907562,4.0,2,9,545,789,True,True,True,True,False,False,False,False,False,True,3
АСУ ТП хранения #2703,Банковская сфера,Муниципальный,Один город,Низкая,72959,3,51725,48.0,6,12,82728,1636,True,True,False,False,False,False,False,False,True,True,1
ИС аналитики #2704,Здравоохранение,Муниципальный,Вся страна,Высокая,28891,88,232423595,8.0,7,12,28089,2283,True,False,False,True,False,False,False,False,False,False,3
ИС мониторинга #2705,Оборонная промышленность,Муниципальный,Несколько муниципалитетов,Высокая,67361,2,12793702,24.0,5,11,40022,70,True,False,False,False,False,True,True,False,False,True,2
Сервис передачи #2706,Наука,Объектовый,Один город,Низкая,2491,3,124465,24.0,2,5,3553,196,False,False,False,False,False,False,True,False,False,False,0
Портал передачи #2707,Государственное управление,Региональный,Один город,Средняя,81241,2,10814185,24.0,9,14,99707,3139,True,False,True,False,False,True,True,False,False,False,3
ИС мониторинга #2708,Государственное управление,Федеральный,Вся страна,Средняя,575525,61,1419279,168.0,14,22,700139,2615,False,False,True,False,False,True,True,False,False,True,3
Система передачи #2709,Топливная промышленность,Региональный,Вся страна,Высокая,396012,72,8827342,8.0,9,10,435120,568,True,True,False,False,True,False,False,False,False,False,2
Платформа аналитики #2710,Транспорт,Муниципальный,Несколько муниципалитетов,Высокая,19903,3,90178280,12.0,7,14,24413,896,True,True,False,True,False,False,True,True,False,False,3
АСУ ТП передачи #2711,Государственное управление,Объектовый,Субъект РФ,Низкая,1679,5,27168,168.0,4,3,1802,1019,False,False,True,False,False,True,True,False,False,True,2
Сеть хранения #2712,Оборонная промышленность,Муниципальный,Один город,Средняя,22815,1,3650765,72.0,2,6,6335,2635,False,False,False,False,False,False,False,False,False,True,0
Система управления #2713,Банковская сфера,Муниципальный,Один город,Средняя,39701,4,91399169,168.0,1,15,57868,930,False,False,False,False,True,False,False,False,False,True,1
Сеть аналитики #2714,Здравоохранение,Федеральный,Несколько муниципалитетов,Средняя,442869,2,1140986,24.0,16,45,365062,31,True,False,False,True,False,False,False,False,False,False,3
ИС мониторинга #2715,Энергетика,Региональный,Один город,Критическая,412260,4,27816708,0.5,6,1,568438,2328,True,True,False,True,True,False,True,False,False,False,3
Портал обработки #2716,Наука,Региональный,Один город,Средняя,339971,4,1875043,72.0,10,17,302371,1857,False,False,False,False,False,False,False,True,False,False,1
Сервис обработки #2717,Энергетика,Объектовый,Субъект РФ,Низкая,2016,4,1031487,72.0,2,7,488,959,True,True,False,False,True,False,False,True,True,False,0
АСУ ТП хранения #2718,Наука,Муниципальный,Один город,Высокая,10601,1,237308212,12.0,6,8,8271,58,True,True,False,False,False,False,True,False,False,False,2
АСУ ТП мониторинга #2719,Транспорт,Федеральный,Вся страна,Средняя,345514,69,1782383,48.0,16,21,156459,1244,False,True,False,True,False,False,True,True,False,False,3
Система аналитики #2720,Банковская сфера,Региональный,Вся страна,Средняя,239874,80,4145778,24.0,6,25,291464,1909,False,False,False,False,False,False,True,False,True,True,2
Сеть мониторинга #2721,Связь,Федеральный,Несколько муниципалитетов,Критическая,1122442,1,16068177,4.0,16,22,1362236,1767,True,False,False,True,False,False,False,False,True,False,3
АСУ ТП передачи #2722,Наука,Федеральный,Один город,Высокая,259181,2,19866348,24.0,10,14,226696,3456,True,False,False,False,False,False,False,False,False,False,2
Сервис управления #2723,Связь,Объектовый,Субъект РФ,Средняя,1334,6,2510495,72.0,2,1,2000,1301,True,False,False,False,False,False,False,False,True,False,0
Платформа хранения #2724,Связь,Муниципальный,Один город,Средняя,92738,3,14028299,48.0,7,9,90788,672,True,False,False,False,False,False,False,False,True,False,1
ИС аналитики #2725,Банковская сфера,Региональный,Федеральный округ,Средняя,284764,29,930683,168.0,12,20,43208,1480,True,True,False,False,False,False,False,False,False,True,2
АСУ ТП обработки #2726,Энергетика,Региональный,Несколько муниципалитетов,Средняя,200391,4,2053866,24.0,1,11,62098,3016,True,True,False,False,True,False,False,False,False,False,1
ИС передачи #2727,Банковская сфера,Муниципальный,Субъект РФ,Высокая,42240,3,161114344,4.0,3,12,26920,1881,True,False,False,False,False,False,True,False,False,True,2
Сервис передачи #2728,Энергетика,Региональный,Вся страна,Средняя,282560,81,228545,24.0,8,21,82226,2898,False,True,False,False,True,False,False,False,False,False,2
АСУ ТП аналитики #2729,Связь,Региональный,Федеральный округ,Низкая,117075,12,565191,168.0,10,14,36471,3519,False,False,False,False,False,False,False,False,True,False,1
Сервис обработки #2730,Оборонная промышленность,Региональный,Несколько муниципалитетов,Низкая,330267,4,256289,48.0,14,16,206811,581,False,False,False,False,False,True,True,False,True,True,2
Портал хранения #2731,Оборонная промышленность,Муниципальный,Один город,Средняя,8917,1,20064137,72.0,3,6,11858,143,False,False,False,False,False,True,True,True,False,True,1
АСУ ТП передачи #2732,Банковская сфера,Муниципальный,Несколько муниципалитетов,Высокая,30574,1,907316174,8.0,5,7,13959,2055,True,False,False,False,False,False,False,False,False,True,2
Платформа хранения #2733,Транспорт,Муниципальный,Несколько муниципалитетов,Высокая,3987,4,45945773,24.0,5,15,1342,745,True,True,False,True,False,False,True,True,False,False,2
Портал мониторинга #2734,Здравоохранение,Объектовый,Один город,Высокая,529,3,30462008,24.0,3,9,209,487,True,False,False,True,False,False,False,False,False,False,1
Портал передачи #2735,Транспорт,Муниципальный,Один город,Критическая,79349,3,76379052,2.0,8,5,78302,1471,True,True,False,True,False,False,True,True,False,False,3
Сервис передачи #2736,Наука,Муниципальный,Вся страна,Низкая,64858,80,244067,168.0,7,15,76633,2139,False,False,False,False,False,False,False,False,False,False,1
Портал аналитики #2737,Государственное управление,Федеральный,Один город,Средняя,1770634,1,1368214,48.0,13,29,2339080,872,True,False,True,False,False,False,True,False,False,True,3
Платформа мониторинга #2738,Транспорт,Региональный,Несколько муниципалитетов,Высокая,43485,1,263323486,8.0,9,17,11359,1661,True,True,False,True,True,False,True,True,False,False,3
Система управления #2739,Транспорт,Региональный,Субъект РФ,Средняя,35140,9,482294,72.0,6,11,37855,1350,False,True,False,True,False,False,True,True,True,False,2
Сервис мониторинга #2740,Оборонная промышленность,Объектовый,Субъект РФ,Низкая,1090,8,237359,24.0,2,7,361,361,False,False,False,False,False,False,False,False,False,False,0
Платформа хранения #2741,Банковская сфера,Федеральный,Несколько муниципалитетов,Низкая,338023,4,163107,72.0,17,33,34073,1876,True,False,False,False,False,False,False,False,True,True,2
Система передачи #2742,Транспорт,Федеральный,Вся страна,Средняя,287805,50,24776954,168.0,9,19,361544,3575,True,True,False,True,False,False,True,True,False,False,3
Платформа управления #2743,Топливная промышленность,Муниципальный,Несколько муниципалитетов,Высокая,11466,3,14591445,12.0,5,13,3984,653,True,True,False,False,True,False,False,False,False,False,1
Платформа аналитики #2744,Наука,Региональный,Федеральный округ,Средняя,279481,25,1870665,48.0,4,18,290031,424,True,True,False,False,False,False,False,False,False,False,2
Платформа обработки #2745,Энергетика,Региональный,Субъект РФ,Средняя,132962,4,4835339,72.0,10,7,94587,411,True,True,False,False,True,False,False,True,True,False,1
Сеть передачи #2746,Энергетика,Региональный,Один город,Высокая,207866,1,95000526,8.0,7,16,23790,2624,True,True,False,False,True,False,False,False,False,False,2
Портал передачи #2747,Транспорт,Объектовый,Субъект РФ,Средняя,635,9,26283030,72.0,3,5,704,206,False,True,False,True,False,False,True,True,False,False,2
Система управления #2748,Оборонная промышленность,Муниципальный,Один город,Критическая,15035,1,148611185,4.0,7,6,9031,1269,True,False,False,False,False,True,False,False,False,True,3
Платформа обработки #2749,Оборонная промышленность,Объектовый,Один город,Высокая,1234,3,28445718,4.0,3,2,700,142,True,False,False,False,False,True,False,False,False,True,2
АСУ ТП хранения #2750,Транспорт,Федеральный,Один город,Высокая,1539149,1,140655943,4.0,11,20,1050354,353,True,True,False,True,False,False,True,True,False,False,3
Платформа передачи #2751,Государственное управление,Муниципальный,Вся страна,Средняя,29851,58,6004246,48.0,6,10,6322,826,True,False,True,False,False,True,True,False,False,True,3
Портал хранения #2752,Наука,Объектовый,Федеральный округ,Средняя,2756,29,10631260,168.0,2,6,2498,764,False,False,False,False,False,False,False,False,False,False,0
Портал управления #2753,Топливная промышленность,Объектовый,Вся страна,Средняя,3548,81,6520939,72.0,2,5,2653,1369,False,True,False,False,True,False,False,False,True,False,1
Система обработки #2754,Транспорт,Региональный,Вся страна,Низкая,339700,63,197877,168.0,6,27,93794,1701,False,True,False,True,True,False,True,True,False,False,3
Платформа аналитики #2755,Топливная промышленность,Объектовый,Несколько муниципалитетов,Низкая,2936,2,573192,168.0,2,6,3418,279,False,True,False,False,True,False,False,True,False,False,0
АСУ ТП управления #2756,Связь,Объектовый,Субъект РФ,Низкая,299,6,152655,168.0,2,6,339,134,False,True,False,False,False,False,True,False,True,False,1
ИС аналитики #2757,Государственное управление,Объектовый,Несколько муниципалитетов,Средняя,2770,3,6511251,24.0,1,6,3027,267,False,True,True,False,False,True,True,False,False,True,2
Сервис хранения #2758,Наука,Объектовый,Федеральный округ,Низкая,2675,10,47895,168.0,1,5,2745,652,False,False,True,False,False,False,False,False,True,True,1
Портал хранения #2759,Государственное управление,Муниципальный,Несколько муниципалитетов,Средняя,9433,2,4155425,72.0,3,9,8695,1188,True,False,True,False,False,True,True,False,False,True,2
Портал аналитики #2760,Оборонная промышленность,Федеральный,Вся страна,Средняя,891755,65,15096910,24.0,12,11,1314019,1645,False,False,False,False,True,True,False,False,False,True,3
Сервис мониторинга #2761,Наука,Региональный,Несколько муниципалитетов,Высокая,208615,2,256197514,8.0,1,13,215986,1888,True,True,False,False,False,False,False,False,False,False,2
Сеть хранения #2762,Топливная промышленность,Муниципальный,Один город,Низкая,41202,4,158020,48.0,7,17,59861,1632,False,True,False,False,True,False,False,False,False,False,1
ИС мониторинга #2763,Банковская сфера,Региональный,Субъект РФ,Средняя,166412,7,3654469,48.0,8,12,218118,1973,True,False,False,False,False,False,True,False,True,True,2
Платформа управления #2764,Энергетика,Региональный,Несколько муниципалитетов,Средняя,294185,1,2198487,72.0,14,7,421165,2166,False,True,False,False,True,False,True,False,False,False,1
Система передачи #2765,Наука,Федеральный,Несколько муниципалитетов,Средняя,275458,3,576193,48.0,17,26,248638,308,True,True,False,False,True,False,False,False,False,False,2
ИС управления #2766,Здравоохранение,Региональный,Несколько муниципалитетов,Высокая,334714,1,16921027,12.0,3,22,385928,1080,True,False,False,True,False,False,False,False,False,False,2
Сервис аналитики #2767,Здравоохранение,Объектовый,Несколько муниципалитетов,Средняя,2301,2,637143,168.0,2,5,384,9,False,False,False,True,False,False,False,True,False,False,1
АСУ ТП управления #2768,Банковская сфера,Федеральный,Вся страна,Критическая,1394611,51,7311591,1.0,11,28,805511,1833,True,False,False,False,False,True,False,True,False,True,3
Сервис мониторинга #2769,Транспорт,Объектовый,Вся страна,Средняя,4403,86,1791505,168.0,3,8,3303,857,True,True,False,True,False,False,True,True,False,False,2
АСУ ТП аналитики #2770,Энергетика,Муниципальный,Несколько муниципалитетов,Высокая,65251,2,263933967,8.0,8,4,90598,1021,True,True,False,False,True,False,False,False,False,False,2
Сеть мониторинга #2771,Топливная промышленность,Федеральный,Вся страна,Средняя,841705,69,287332,168.0,9,17,689207,2766,False,True,False,False,True,False,True,False,False,False,2
Сервис аналитики #2772,Транспорт,Объектовый,Вся страна,Высокая,936,65,23096935,12.0,2,7,703,611,True,True,True,True,False,False,True,True,False,True,3
Сеть управления #2773,Топливная промышленность,Федеральный,Один город,Средняя,999615,2,516027,72.0,9,30,871897,2420,True,True,False,False,True,False,True,False,False,False,2
Портал передачи #2774,Топливная промышленность,Региональный,Вся страна,Средняя,67970,54,335740,72.0,8,14,12023,1293,False,True,False,False,True,False,False,False,False,False,1
АСУ ТП аналитики #2775,Наука,Муниципальный,Несколько муниципалитетов,Низкая,3348,2,310519,48.0,8,6,1621,860,True,True,True,False,False,False,False,False,False,True,1
АСУ ТП мониторинга #2776,Наука,Региональный,Федеральный округ,Высокая,361356,27,6232290,24.0,10,24,372831,1534,True,False,False,False,True,False,False,False,True,False,2
Портал мониторинга #2777,Энергетика,Федеральный,Субъект РФ,Средняя,274214,5,6043193,24.0,7,27,405189,362,False,True,False,False,True,False,False,False,False,False,2
Сеть управления #2778,Энергетика,Региональный,Вся страна,Высокая,243358,86,133976457,12.0,8,23,204430,1952,True,True,False,False,True,False,False,False,True,False,3
Сервис обработки #2779,Оборонная промышленность,Объектовый,Несколько муниципалитетов,Средняя,155,2,1434855,168.0,2,9,173,236,False,False,False,False,False,True,False,False,False,True,1
АСУ ТП обработки #2780,Оборонная промышленность,Региональный,Федеральный округ,Средняя,210204,17,6458265,72.0,9,20,122665,101,True,False,False,False,False,True,False,True,False,True,3
АСУ ТП аналитики #2781,Банковская сфера,Объектовый,Субъект РФ,Средняя,4408,2,3441111,24.0,2,2,1215,530,False,False,False,False,False,False,False,False,True,True,0
Система передачи #2782,Здравоохранение,Объектовый,Субъект РФ,Высокая,2097,5,1951696383,12.0,5,4,2814,760,True,False,False,True,False,False,False,False,False,False,2
АСУ ТП обработки #2783,Энергетика,Региональный,Субъект РФ,Средняя,144956,9,3392050,72.0,9,13,44119,116,False,True,False,False,True,False,False,False,False,False,1
Сеть мониторинга #2784,Связь,Муниципальный,Вся страна,Высокая,29672,78,13595011,24.0,6,20,20755,1693,True,False,False,False,False,False,False,False,True,False,1
Сервис аналитики #2785,Энергетика,Объектовый,Один город,Средняя,1910,4,2114840,24.0,2,6,2140,485,True,True,False,False,True,False,True,False,True,False,1
Платформа управления #2786,Государственное управление,Федеральный,Вся страна,Средняя,1471984,56,6759623,168.0,14,17,528377,2421,False,False,True,False,True,True,True,False,False,True,3
Сеть хранения #2787,Топливная промышленность,Федеральный,Один город,Критическая,1443018,2,34741924,0.5,14,8,329815,441,True,True,False,True,True,True,False,False,False,True,3
Портал мониторинга #2788,Энергетика,Региональный,Субъект РФ,Низкая,159025,7,98443,72.0,11,15,35374,369,False,True,False,False,True,False,False,False,False,False,1
АСУ ТП управления #2789,Связь,Региональный,Один город,Высокая,331869,2,236775306,8.0,12,8,480395,401,True,False,False,False,False,False,False,False,True,False,2
Сеть обработки #2790,Оборонная промышленность,Объектовый,Федеральный округ,Низкая,149,17,1073226,168.0,4,9,143,505,False,False,True,False,False,True,False,False,False,True,2
Портал мониторинга #2791,Связь,Объектовый,Несколько муниципалитетов,Высокая,671,2,366307396,12.0,2,4,996,269,True,False,False,False,False,False,False,False,True,False,1
Система аналитики #2792,Банковская сфера,Федеральный,Несколько муниципалитетов,Высокая,583098,4,286318393,8.0,10,10,865926,2507,True,False,False,False,False,False,True,True,False,True,3
Платформа передачи #2793,Транспорт,Муниципальный,Субъект РФ,Средняя,14107,9,1434895,24.0,3,8,9070,2811,False,True,False,True,False,False,True,True,False,False,2
Сеть обработки #2794,Транспорт,Региональный,Несколько муниципалитетов,Средняя,244474,4,6873272,48.0,11,15,241866,1624,True,True,False,True,False,False,True,True,False,False,3
Система управления #2795,Наука,Объектовый,Вся страна,Низкая,1433,70,608979,48.0,3,4,158,929,False,False,False,False,False,False,False,False,False,False,0
ИС передачи #2796,Здравоохранение,Объектовый,Несколько муниципалитетов,Средняя,3583,4,11130403,24.0,4,7,3733,679,True,False,False,True,True,False,False,False,False,False,1
АСУ ТП хранения #2797,Здравоохранение,Муниципальный,Федеральный округ,Низкая,51969,25,68968,24.0,5,14,36043,2284,False,False,False,True,False,False,False,False,False,False,2
ИС хранения #2798,Оборонная промышленность,Региональный,Вся страна,Средняя,178939,68,954038,48.0,4,25,210659,1608,True,False,False,False,True,True,False,False,False,True,3
АСУ ТП мониторинга #2799,Здравоохранение,Объектовый,Вся страна,Средняя,987,82,3565411,168.0,2,7,196,577,True,True,True,True,False,False,True,False,False,True,3
АСУ ТП хранения #2800,Оборонная промышленность,Объектовый,Один город,Высокая,254,1,23687746,12.0,2,5,187,141,True,True,False,False,False,False,False,True,False,True,1
Платформа обработки #2801,Наука,Федеральный,Один город,Высокая,470703,1,2633292,8.0,7,22,288088,2896,True,False,False,False,False,False,False,False,False,False,2
Система аналитики #2802,Связь,Региональный,Один город,Критическая,194526,4,18938490,4.0,11,22,153784,2521,True,False,False,True,False,False,True,False,True,False,3
ИС хранения #2803,Оборонная промышленность,Муниципальный,Субъект РФ,Средняя,34312,6,1912011,168.0,8,10,5094,327,False,False,False,False,False,True,True,False,False,True,2
АСУ ТП передачи #2804,Оборонная промышленность,Объектовый,Федеральный округ,Средняя,1728,18,9703333,72.0,2,3,2359,402,True,False,True,False,False,False,True,False,False,True,1
Платформа управления #2805,Транспорт,Муниципальный,Несколько муниципалитетов,Высокая,37312,1,894355738,24.0,2,12,13992,550,True,True,False,True,False,False,True,True,True,False,3
Сеть хранения #2806,Банковская сфера,Региональный,Вся страна,Средняя,195373,79,516283,48.0,7,26,71870,117,False,False,False,False,True,False,True,False,False,True,2
Система управления #2807,Связь,Региональный,Один город,Высокая,284802,1,303311228,8.0,8,21,376897,879,True,False,False,False,False,False,True,True,True,False,2
Сервис аналитики #2808,Наука,Региональный,Субъект РФ,Высокая,385550,8,30941369,24.0,6,1,542601,1833,True,False,True,False,False,False,False,False,False,True,3
Сеть обработки #2809,Топливная промышленность,Муниципальный,Федеральный округ,Средняя,5191,10,13585476,48.0,3,13,917,610,False,True,False,False,True,False,False,False,False,False,1
Система обработки #2810,Транспорт,Объектовый,Вся страна,Средняя,2410,50,24735300,72.0,2,4,1371,210,False,True,False,True,False,False,True,True,False,False,2
ИС аналитики #2811,Энергетика,Федеральный,Федеральный округ,Средняя,527383,23,6766814,48.0,9,33,352460,5255,False,True,False,False,True,False,False,False,False,False,2
ИС обработки #2812,Наука,Муниципальный,Субъект РФ,Высокая,49031,8,23001007,4.0,7,15,15192,2480,True,False,False,False,False,False,True,False,False,False,2
ИС мониторинга #2813,Здравоохранение,Муниципальный,Вся страна,Низкая,54198,79,30845,72.0,7,6,43136,2119,False,False,False,True,True,False,True,False,True,False,2
ИС аналитики #2814,Наука,Муниципальный,Один город,Средняя,40740,1,5719436,24.0,4,14,8148,387,False,False,False,False,True,False,False,False,False,False,0
Портал обработки #2815,Банковская сфера,Муниципальный,Вся страна,Низкая,61514,85,99264,48.0,4,9,10705,177,True,False,False,False,False,False,False,True,False,True,1
Система мониторинга #2816,Топливная промышленность,Региональный,Вся страна,Низкая,444206,76,117975,168.0,13,18,163264,2231,True,True,False,False,True,False,False,False,False,False,2
АСУ ТП обработки #2817,Оборонная промышленность,Объектовый,Вся страна,Высокая,1225,68,98203492,8.0,4,4,199,135,True,False,False,False,False,True,False,False,False,True,2
ИС аналитики #2818,Здравоохранение,Региональный,Несколько муниципалитетов,Высокая,229192,4,47161743,8.0,6,13,72848,1062,True,False,False,True,False,False,False,True,False,False,2
Сервис обработки #2819,Энергетика,Федеральный,Федеральный округ,Низкая,409853,10,436915,168.0,11,33,425333,1682,True,True,False,False,True,False,False,True,False,False,2
АСУ ТП аналитики #2820,Наука,Региональный,Один город,Средняя,102223,3,2276029,24.0,6,16,32412,1969,False,False,False,False,False,False,False,False,False,False,1
Сервис хранения #2821,Оборонная промышленность,Муниципальный,Вся страна,Средняя,31290,50,691048,48.0,2,7,22952,127,False,False,True,False,False,True,False,False,False,True,2
АСУ ТП хранения #2822,Банковская сфера,Региональный,Один город,Высокая,294490,1,187696804,8.0,6,16,334655,3927,True,False,False,False,False,False,False,False,False,True,2
Система обработки #2823,Топливная промышленность,Объектовый,Федеральный округ,Высокая,3463,11,28857118,24.0,2,7,2732,886,True,True,False,False,True,False,False,False,False,False,1
Сервис аналитики #2824,Банковская сфера,Региональный,Один город,Средняя,145697,1,4065581,48.0,7,19,95092,2737,True,False,False,False,False,False,False,False,False,True,1
Платформа мониторинга #2825,Здравоохранение,Региональный,Субъект РФ,Низкая,100967,9,1137893,24.0,3,13,49958,258,False,False,False,True,False,False,False,False,False,False,2
АСУ ТП управления #2826,Транспорт,Объектовый,Федеральный округ,Критическая,1438,17,18856568,1.0,3,6,1044,842,True,True,False,True,False,False,True,True,False,False,3
Платформа передачи #2827,Энергетика,Региональный,Субъект РФ,Средняя,408753,4,7907009,72.0,11,24,44070,3207,False,True,False,False,True,False,False,False,False,False,1
Система передачи #2828,Связь,Объектовый,Несколько муниципалитетов,Высокая,289,4,54226386,12.0,3,7,342,403,True,False,False,False,False,False,False,False,True,False,0
Сервис передачи #2829,Оборонная промышленность,Муниципальный,Несколько муниципалитетов,Высокая,22300,3,57210220,24.0,3,10,17112,1242,True,False,False,False,False,True,True,False,False,True,2
Сеть обработки #2830,Энергетика,Муниципальный,Вся страна,Низкая,2299,78,86282,72.0,4,11,2034,494,True,True,False,False,True,False,False,False,False,False,1
Портал мониторинга #2831,Связь,Муниципальный,Несколько муниципалитетов,Средняя,50574,3,747916,168.0,6,9,60425,1179,False,False,False,False,False,False,False,False,True,False,0
ИС мониторинга #2832,Транспорт,Объектовый,Один город,Низкая,1798,3,339979,168.0,3,8,906,217,False,True,False,True,False,False,True,True,False,False,1
Платформа хранения #2833,Оборонная промышленность,Муниципальный,Один город,Средняя,55612,2,13337050,168.0,5,7,81958,2188,True,False,False,False,False,True,False,False,False,True,2
Система мониторинга #2834,Банковская сфера,Региональный,Несколько муниципалитетов,Средняя,90243,3,6160688,48.0,10,16,73306,3073,True,False,False,False,False,False,False,False,True,True,1
Система аналитики #2835,Государственное управление,Федеральный,Субъект РФ,Низкая,740022,2,269378,168.0,13,21,640681,1823,False,False,True,False,False,True,True,False,False,True,3
Портал аналитики #2836,Здравоохранение,Региональный,Несколько муниципалитетов,Высокая,87982,1,430431812,4.0,14,12,99039,1767,True,False,False,True,False,False,True,False,True,False,3
Платформа управления #2837,Энергетика,Муниципальный,Субъект РФ,Средняя,34871,9,2485852,48.0,5,12,50758,1606,False,True,False,False,True,False,False,False,False,False,1
Система управления #2838,Государственное управление,Муниципальный,Федеральный округ,Высокая,59349,17,25480242,8.0,7,9,22731,2617,True,False,True,False,False,True,True,False,False,False,2
Сеть мониторинга #2839,Оборонная промышленность,Региональный,Вся страна,Средняя,465076,76,2448926,24.0,11,10,538360,210,False,False,False,False,False,False,True,False,False,False,2
Система хранения #2840,Здравоохранение,Региональный,Вся страна,Высокая,241928,66,111592579,8.0,5,13,307576,3180,True,False,False,True,False,False,False,False,False,False,3
Портал управления #2841,Здравоохранение,Региональный,Вся страна,Высокая,177301,67,121255618,12.0,9,12,259658,447,True,False,False,True,False,False,False,False,False,False,3
Сеть мониторинга #2842,Наука,Муниципальный,Один город,Средняя,42318,1,537192,168.0,5,10,22412,199,False,False,False,False,False,False,False,False,False,False,0
ИС передачи #2843,Связь,Региональный,Федеральный округ,Средняя,131882,14,2017951,168.0,5,7,184534,785,False,False,False,False,False,False,False,False,True,False,1
Платформа мониторинга #2844,Здравоохранение,Региональный,Один город,Низкая,133746,1,65186,72.0,10,19,182078,395,False,False,False,True,True,False,False,False,False,False,2
Система передачи #2845,Связь,Региональный,Несколько муниципалитетов,Низкая,329805,4,387764,48.0,7,16,403957,1097,True,False,False,False,False,False,False,False,True,False,1
Сервис мониторинга #2846,Здравоохранение,Региональный,Один город,Высокая,266799,2,121292025,8.0,8,13,332100,3889,True,False,False,True,False,False,False,False,False,False,3
Сервис обработки #2847,Транспорт,Муниципальный,Федеральный округ,Средняя,6631,11,11789463,168.0,4,12,4724,496,False,True,False,True,False,False,True,True,False,False,2
Платформа мониторинга #2848,Здравоохранение,Муниципальный,Несколько муниципалитетов,Высокая,18590,4,397695476,12.0,5,18,4628,227,True,False,False,True,False,False,False,False,False,False,2
Сервис мониторинга #2849,Энергетика,Федеральный,Федеральный округ,Средняя,1232475,10,1513716,24.0,15,19,1424072,3213,False,True,False,False,True,False,False,False,False,False,3
Сервис передачи #2850,Здравоохранение,Муниципальный,Вся страна,Средняя,63407,83,2391795,72.0,7,8,48139,1224,False,False,False,True,False,False,False,False,False,False,2
Система хранения #2851,Оборонная промышленность,Объектовый,Один город,Низкая,1826,2,190956,72.0,2,4,1786,1014,False,False,False,False,False,True,True,False,False,False,1
ИС передачи #2852,Энергетика,Муниципальный,Вся страна,Высокая,39079,83,903937972,8.0,3,4,29780,223,True,True,False,False,True,False,False,False,False,False,2
ИС мониторинга #2853,Топливная промышленность,Муниципальный,Федеральный округ,Высокая,4206,18,376899818,8.0,4,15,4615,1569,True,True,False,False,True,False,False,False,False,False,2
Сеть мониторинга #2854,Наука,Региональный,Один город,Низкая,281992,2,89114,24.0,12,13,356211,114,True,False,True,False,False,False,False,False,False,True,2
Система обработки #2855,Транспорт,Региональный,Несколько муниципалитетов,Низкая,132594,4,474728,48.0,7,12,61928,976,False,True,False,True,False,False,True,True,False,False,2
Сеть обработки #2856,Связь,Объектовый,Один город,Высокая,1045,2,41989164,12.0,1,2,371,155,True,False,False,False,False,False,False,False,True,False,0
Сервис хранения #2857,Наука,Региональный,Несколько муниципалитетов,Средняя,306108,1,2472504,24.0,3,15,419907,105,True,False,False,False,False,False,True,False,True,False,1
Сервис аналитики #2858,Здравоохранение,Муниципальный,Один город,Средняя,32795,3,15343613,48.0,9,10,6370,894,False,False,False,True,False,False,False,False,False,False,1
Система мониторинга #2859,Топливная промышленность,Региональный,Несколько муниципалитетов,Средняя,117224,4,1894142,48.0,11,10,169002,866,False,True,False,False,True,False,False,False,False,False,1
АСУ ТП аналитики #2860,Связь,Объектовый,Один город,Низкая,360,3,63331,24.0,1,7,340,41,False,False,True,False,False,False,False,False,True,True,1
Портал обработки #2861,Наука,Региональный,Вся страна,Высокая,284136,62,5990256,24.0,4,14,222901,3211,True,False,False,False,False,False,False,False,False,False,2
Сервис аналитики #2862,Энергетика,Муниципальный,Вся страна,Средняя,74144,71,332146,72.0,7,11,108997,109,False,True,False,False,True,False,False,False,False,False,1
Сервис передачи #2863,Государственное управление,Региональный,Несколько муниципалитетов,Средняя,247992,3,3100875,24.0,10,15,139076,325,True,False,True,False,False,True,True,True,False,True,3
Платформа управления #2864,Энергетика,Объектовый,Один город,Средняя,1138,1,3025656,168.0,3,6,661,1018,False,True,False,False,True,False,True,False,False,False,0
Сервис обработки #2865,Связь,Муниципальный,Один город,Низкая,29792,3,134673,168.0,4,12,12661,1316,False,False,True,False,False,False,False,False,True,True,1
Система управления #2866,Государственное управление,Региональный,Федеральный округ,Средняя,184916,29,6997365,24.0,11,9,174307,180,False,False,True,False,False,True,True,False,False,True,3
Система управления #2867,Связь,Муниципальный,Вся страна,Низкая,58027,76,111632,168.0,5,11,65502,2713,False,False,False,False,False,False,False,False,True,False,1
Платформа управления #2868,Здравоохранение,Объектовый,Один город,Низкая,4165,3,962393,48.0,1,3,1362,227,False,False,False,True,False,False,False,True,False,False,1
Сервис управления #2869,Наука,Объектовый,Субъект РФ,Средняя,1011,4,20284369,24.0,4,4,412,437,False,True,True,False,True,False,True,True,False,True,2
АСУ ТП передачи #2870,Государственное управление,Региональный,Несколько муниципалитетов,Критическая,419177,2,45673673,4.0,12,17,575417,198,True,False,True,True,False,True,True,True,False,False,3
АСУ ТП мониторинга #2871,Здравоохранение,Региональный,Федеральный округ,Высокая,54981,28,216188585,4.0,8,18,35298,2612,True,False,False,True,False,False,True,False,False,False,3
Сеть обработки #2872,Топливная промышленность,Муниципальный,Несколько муниципалитетов,Низкая,11945,3,335803,24.0,7,9,10341,105,False,True,False,False,True,False,False,False,False,False,1
Сеть обработки #2873,Транспорт,Муниципальный,Один город,Низкая,10863,4,227082,168.0,8,12,12047,2394,False,True,False,True,False,False,True,True,False,False,2
АСУ ТП обработки #2874,Энергетика,Объектовый,Субъект РФ,Высокая,4243,7,400931899,8.0,2,6,3698,388,True,True,False,False,True,False,False,False,False,False,1
Платформа аналитики #2875,Здравоохранение,Федеральный,Несколько муниципалитетов,Высокая,696073,1,4501017,24.0,10,23,588125,2647,True,False,False,True,False,False,False,False,False,False,3
ИС передачи #2876,Транспорт,Региональный,Один город,Средняя,147088,1,14972573,24.0,10,17,124042,503,True,True,False,True,False,False,True,True,False,False,3
АСУ ТП хранения #2877,Наука,Региональный,Федеральный округ,Низкая,169377,23,71005,168.0,12,13,122125,3433,False,False,False,False,False,False,False,False,False,False,1
Сеть мониторинга #2878,Транспорт,Объектовый,Субъект РФ,Средняя,1121,7,3876456,168.0,2,2,519,605,False,True,True,True,False,False,True,True,False,True,2
ИС хранения #2879,Банковская сфера,Региональный,Субъект РФ,Средняя,387305,6,7348511,72.0,12,13,177125,3717,False,False,True,False,False,False,False,False,False,True,2
Портал управления #2880,Топливная промышленность,Муниципальный,Федеральный округ,Средняя,9357,26,16272878,72.0,4,7,11920,86,False,True,False,False,True,False,False,False,False,False,1
Портал передачи #2881,Наука,Региональный,Федеральный округ,Низкая,120572,13,37782,72.0,5,8,97314,3473,False,False,False,False,False,False,True,False,False,False,1
Сервис передачи #2882,Связь,Федеральный,Несколько муниципалитетов,Низкая,664529,1,127177,72.0,14,24,510617,4182,False,False,True,False,False,False,False,False,True,True,2
Портал управления #2883,Банковская сфера,Региональный,Субъект РФ,Средняя,208000,3,3536000,168.0,9,6,63347,735,False,False,False,False,False,False,False,False,True,True,1
АСУ ТП аналитики #2884,Энергетика,Федеральный,Один город,Средняя,525717,2,3223362,168.0,11,15,207127,268,False,True,False,False,True,False,False,False,False,False,2
Сеть обработки #2885,Топливная промышленность,Федеральный,Вся страна,Средняя,178789,75,2453298,48.0,10,17,109545,4248,False,True,False,False,True,False,False,False,False,False,2
Портал хранения #2886,Здравоохранение,Муниципальный,Один город,Высокая,42673,4,69524500,8.0,8,13,24761,429,True,False,False,True,False,False,False,False,False,False,2
Система передачи #2887,Наука,Объектовый,Вся страна,Низкая,1061,63,41991,48.0,3,4,341,1492,False,False,False,False,False,False,False,False,False,False,0
Сервис хранения #2888,Здравоохранение,Региональный,Субъект РФ,Высокая,333209,5,7718344,4.0,10,14,214762,1774,True,False,False,True,False,False,True,False,False,False,3
ИС мониторинга #2889,Транспорт,Муниципальный,Несколько муниципалитетов,Средняя,71700,4,1961408,48.0,8,14,105234,1858,False,True,False,True,False,False,True,True,True,False,2
ИС передачи #2890,Государственное управление,Региональный,Федеральный округ,Высокая,162565,21,7775499,24.0,8,5,219260,2770,True,False,True,False,False,True,True,False,False,True,3
Сервис хранения #2891,Энергетика,Региональный,Федеральный округ,Высокая,167044,27,15004681,24.0,10,20,76223,490,True,True,False,False,True,False,False,False,False,False,2
АСУ ТП аналитики #2892,Топливная промышленность,Муниципальный,Вся страна,Средняя,58959,81,262818,168.0,7,8,50126,952,False,True,False,False,True,False,False,False,False,False,1
АСУ ТП передачи #2893,Транспорт,Региональный,Федеральный округ,Средняя,62012,25,32739972,24.0,10,29,67790,2425,False,True,False,True,False,False,True,True,False,False,3
Система обработки #2894,Государственное управление,Объектовый,Вся страна,Средняя,3075,81,6455287,48.0,2,3,1089,247,False,False,True,False,False,True,True,False,False,True,2
Система мониторинга #2895,Энергетика,Региональный,Несколько муниципалитетов,Средняя,89650,4,6498238,72.0,7,13,70999,837,True,True,False,False,True,False,True,False,False,False,1
Платформа хранения #2896,Здравоохранение,Региональный,Субъект РФ,Средняя,414413,7,9449160,48.0,6,8,518617,1259,False,False,True,True,False,False,False,False,False,True,3
Система обработки #2897,Топливная промышленность,Муниципальный,Субъект РФ,Низкая,13452,5,416398,72.0,8,12,10113,86,False,True,True,False,True,False,False,False,False,True,2
Сервис мониторинга #2898,Связь,Объектовый,Федеральный округ,Высокая,2111,28,121063561,12.0,2,6,2040,422,True,False,False,False,False,False,False,False,True,False,1
Сервис хранения #2899,Транспорт,Объектовый,Вся страна,Средняя,840,56,2195598,24.0,3,1,427,1445,True,True,False,True,False,False,True,True,True,False,2
Сеть обработки #2900,Оборонная промышленность,Федеральный,Федеральный округ,Высокая,346923,22,25613641,12.0,8,15,174129,2303,True,False,False,False,False,True,False,False,False,True,3
Сервис аналитики #2901,Оборонная промышленность,Муниципальный,Один город,Средняя,51834,4,38762313,24.0,5,9,44600,196,False,False,False,False,False,True,False,False,False,True,2
ИС мониторинга #2902,Связь,Региональный,Несколько муниципалитетов,Средняя,172076,1,978314,48.0,14,9,130743,224,True,True,False,False,False,False,False,False,True,False,1
АСУ ТП управления #2903,Топливная промышленность,Объектовый,Несколько муниципалитетов,Критическая,835,3,120920271,0.5,3,6,214,69,True,True,False,True,True,False,False,False,False,False,3
Система мониторинга #2904,Здравоохранение,Федеральный,Один город,Высокая,238065,3,22272180,4.0,13,24,290656,2042,True,False,False,True,False,False,False,False,True,False,3
Система обработки #2905,Наука,Региональный,Несколько муниципалитетов,Средняя,48086,3,948184,72.0,6,17,52074,454,False,False,False,False,False,False,False,False,False,False,1
АСУ ТП передачи #2906,Транспорт,Региональный,Федеральный округ,Низкая,304182,17,641995,24.0,5,19,194095,625,False,True,False,True,False,False,True,True,False,False,3
АСУ ТП управления #2907,Топливная промышленность,Федеральный,Федеральный округ,Высокая,1116648,17,22743995,12.0,10,10,1387722,4980,True,True,False,False,True,False,False,False,True,False,3
Система передачи #2908,Энергетика,Объектовый,Субъект РФ,Низкая,2805,3,207581,72.0,2,2,478,661,False,True,False,False,True,False,False,False,False,False,0
Система аналитики #2909,Энергетика,Региональный,Несколько муниципалитетов,Высокая,110313,4,148191844,8.0,7,5,144152,3886,True,True,False,False,True,False,False,False,False,False,2
ИС хранения #2910,Транспорт,Муниципальный,Один город,Средняя,19387,3,29276896,24.0,6,5,3216,1233,False,True,False,True,False,False,True,True,False,False,2
АСУ ТП мониторинга #2911,Оборонная промышленность,Муниципальный,Федеральный округ,Средняя,58739,12,4154583,48.0,6,9,18007,358,False,False,False,False,False,True,False,False,False,True,2
Сеть управления #2912,Топливная промышленность,Объектовый,Субъект РФ,Высокая,2286,3,7021879,8.0,3,3,270,1225,True,True,False,False,True,False,True,False,False,False,1
Сервис обработки #2913,Энергетика,Региональный,Вся страна,Низкая,23879,73,62237,24.0,11,15,21063,672,False,True,False,False,True,False,True,True,False,False,2
Платформа аналитики #2914,Транспорт,Объектовый,Один город,Низкая,3506,4,10313,24.0,4,5,368,688,False,True,False,True,False,False,True,True,True,False,2
Портал хранения #2915,Оборонная промышленность,Федеральный,Несколько муниципалитетов,Низкая,821944,1,63740,24.0,9,33,647511,6274,False,False,False,False,False,True,False,False,False,True,3
Сеть мониторинга #2916,Наука,Муниципальный,Один город,Средняя,11024,3,4024094,168.0,3,5,1570,160,True,False,False,False,True,False,False,False,False,False,0
АСУ ТП мониторинга #2917,Банковская сфера,Региональный,Федеральный округ,Низкая,166770,21,486016,48.0,7,27,56689,2080,True,True,False,False,False,False,False,False,True,False,2
Сеть передачи #2918,Банковская сфера,Региональный,Несколько муниципалитетов,Средняя,134073,3,765746,72.0,11,12,162826,2045,True,False,False,False,False,False,False,True,False,True,2
Портал аналитики #2919,Транспорт,Региональный,Вся страна,Средняя,262169,84,885685,48.0,17,16,326569,876,False,True,False,True,False,False,True,True,False,False,3
Платформа передачи #2920,Наука,Муниципальный,Один город,Низкая,28040,1,137051,24.0,4,13,27940,1267,False,False,False,False,False,False,False,True,False,False,0
Платформа аналитики #2921,Государственное управление,Региональный,Федеральный округ,Низкая,95921,21,57681,168.0,14,13,60608,2020,True,True,True,False,False,True,True,False,False,False,3
ИС аналитики #2922,Государственное управление,Региональный,Несколько муниципалитетов,Низкая,166000,3,78568,24.0,11,19,136572,217,False,False,True,False,False,False,True,False,False,True,2
Портал обработки #2923,Оборонная промышленность,Региональный,Федеральный округ,Высокая,300707,17,113087556,8.0,9,15,232908,3283,True,False,True,False,False,True,False,False,True,True,3
ИС управления #2924,Топливная промышленность,Региональный,Субъект РФ,Низкая,56832,6,420593,72.0,10,11,63596,3649,True,True,False,False,True,False,False,False,False,False,1
АСУ ТП управления #2925,Топливная промышленность,Муниципальный,Несколько муниципалитетов,Низкая,55937,3,43951,72.0,7,21,14496,158,False,True,False,False,True,False,False,False,False,False,1
Портал хранения #2926,Энергетика,Муниципальный,Вся страна,Средняя,38309,53,2603935,48.0,2,6,50157,1774,False,True,False,False,True,False,True,False,True,False,1
Сервис хранения #2927,Наука,Региональный,Несколько муниципалитетов,Критическая,111607,2,199160329,0.5,12,13,66708,413,True,False,False,False,True,False,True,False,False,False,2
Система мониторинга #2928,Здравоохранение,Муниципальный,Один город,Высокая,9805,1,2079415681,24.0,6,8,12610,617,True,True,False,True,False,False,False,False,False,False,3
Портал хранения #2929,Здравоохранение,Региональный,Федеральный округ,Средняя,132387,15,2100690,48.0,6,13,64731,202,True,False,False,True,False,False,False,False,False,False,2
АСУ ТП мониторинга #2930,Связь,Объектовый,Несколько муниципалитетов,Низкая,604,2,121174,168.0,2,3,759,1205,True,False,False,False,False,False,False,False,True,False,0
Платформа управления #2931,Транспорт,Региональный,Субъект РФ,Средняя,106520,6,735356,168.0,12,13,129531,1331,True,True,False,True,False,False,True,True,True,False,3
Сервис обработки #2932,Банковская сфера,Региональный,Субъект РФ,Средняя,158575,2,17243173,48.0,12,4,87637,2020,True,False,False,False,False,False,False,True,False,True,1
ИС хранения #2933,Связь,Объектовый,Вся страна,Высокая,1785,88,178582694,4.0,3,8,1810,213,True,False,False,False,False,False,True,False,True,False,2
Сервис передачи #2934,Транспорт,Федеральный,Несколько муниципалитетов,Высокая,831933,3,216153250,12.0,11,13,796062,4875,True,True,False,True,False,False,True,True,False,False,3
Система аналитики #2935,Транспорт,Муниципальный,Один город,Критическая,16228,2,14521157,4.0,1,11,4873,365,True,True,False,True,True,False,True,True,False,False,3
Сервис хранения #2936,Связь,Региональный,Субъект РФ,Высокая,56699,9,31161503,4.0,10,12,76714,1302,True,False,False,False,False,False,False,False,True,False,2
Система хранения #2937,Наука,Объектовый,Несколько муниципалитетов,Высокая,1286,2,108536611,4.0,4,4,395,834,True,False,False,False,False,False,False,False,False,False,1
Платформа аналитики #2938,Транспорт,Муниципальный,Федеральный округ,Средняя,49861,13,2396429,168.0,7,12,29235,1055,True,True,True,True,False,False,True,True,False,True,3
АСУ ТП хранения #2939,Наука,Федеральный,Несколько муниципалитетов,Высокая,348622,3,41212800,24.0,6,35,124872,835,True,True,False,False,False,False,True,True,True,False,2
Система передачи #2940,Банковская сфера,Региональный,Несколько муниципалитетов,Низкая,323949,4,83330,72.0,13,14,473071,2333,False,False,False,False,False,False,False,False,False,True,1
ИС управления #2941,Оборонная промышленность,Муниципальный,Один город,Средняя,16113,2,7254135,24.0,5,8,17706,931,False,False,False,False,False,False,False,False,False,True,1
Сервис управления #2942,Связь,Муниципальный,Несколько муниципалитетов,Критическая,10687,2,6070501,2.0,7,4,3334,174,True,False,False,True,False,False,False,False,True,False,2
Сервис хранения #2943,Оборонная промышленность,Федеральный,Один город,Низкая,389201,3,74357,168.0,11,16,155900,827,False,False,True,False,False,True,False,False,False,True,3
Сеть аналитики #2944,Оборонная промышленность,Региональный,Субъект РФ,Средняя,270222,7,2766170,168.0,12,13,199810,2124,False,False,False,False,False,False,False,True,False,True,2
АСУ ТП передачи #2945,Транспорт,Объектовый,Вся страна,Высокая,465,83,1978475,12.0,3,6,353,1462,True,True,False,True,False,False,True,True,False,False,2
Платформа аналитики #2946,Наука,Муниципальный,Субъект РФ,Высокая,34084,5,529772107,24.0,6,17,23183,1646,True,False,False,False,False,False,False,False,False,False,2
ИС обработки #2947,Энергетика,Объектовый,Вся страна,Высокая,3057,83,351616421,4.0,1,8,1111,1518,True,True,False,False,True,False,False,False,False,False,2
Сеть обработки #2948,Связь,Федеральный,Вся страна,Средняя,767795,88,27438458,24.0,17,18,1057909,789,False,False,False,False,False,False,False,False,True,False,2
Платформа хранения #2949,Государственное управление,Региональный,Вся страна,Средняя,268049,56,8327936,48.0,6,15,97516,2003,True,True,True,False,False,False,True,False,False,True,3
Сеть хранения #2950,Энергетика,Муниципальный,Один город,Высокая,6302,2,11614684,4.0,8,14,9056,1328,True,True,False,False,True,False,False,False,False,False,2
АСУ ТП хранения #2951,Наука,Региональный,Один город,Высокая,367136,3,29246050,24.0,8,17,255080,770,True,False,False,False,False,False,False,False,False,False,2
Сеть передачи #2952,Связь,Объектовый,Один город,Средняя,576,1,1261218,24.0,3,6,741,553,False,False,False,False,False,False,False,False,True,False,0
ИС мониторинга #2953,Оборонная промышленность,Муниципальный,Федеральный округ,Критическая,43342,11,216026560,4.0,3,8,6475,1629,True,False,False,False,False,True,True,False,False,True,3
ИС обработки #2954,Топливная промышленность,Объектовый,Один город,Средняя,229,4,7537515,168.0,3,4,247,1464,False,True,False,False,True,False,True,True,False,False,0
Платформа управления #2955,Энергетика,Федеральный,Федеральный округ,Низкая,215757,19,64294,72.0,9,18,319850,2634,False,True,False,False,True,False,False,False,False,False,2
ИС обработки #2956,Оборонная промышленность,Региональный,Федеральный округ,Низкая,130393,20,242634,72.0,13,17,189477,230,False,False,True,False,False,True,False,False,False,True,3
Сеть управления #2957,Транспорт,Муниципальный,Несколько муниципалитетов,Средняя,4957,2,5011758,48.0,4,11,5885,69,True,True,False,True,False,False,True,True,True,False,2
ИС управления #2958,Наука,Муниципальный,Вся страна,Критическая,64473,56,756381164,1.0,7,10,75466,396,True,False,False,True,False,False,False,False,False,False,3
АСУ ТП аналитики #2959,Энергетика,Объектовый,Один город,Средняя,2534,4,1439729,168.0,3,4,2998,1281,True,True,False,False,True,False,False,True,False,False,0
Платформа мониторинга #2960,Наука,Региональный,Федеральный округ,Критическая,176346,29,50544954,2.0,7,13,223766,3132,True,False,True,True,False,False,False,False,False,True,3
Система управления #2961,Государственное управление,Региональный,Вся страна,Высокая,185167,77,120911223,4.0,12,17,214243,1573,True,False,True,False,False,True,True,False,True,True,3
АСУ ТП обработки #2962,Связь,Муниципальный,Вся страна,Средняя,57904,75,3731938,72.0,7,11,78942,254,False,False,False,False,False,False,False,False,True,False,1
Система передачи #2963,Топливная промышленность,Региональный,Субъект РФ,Низкая,116976,7,143201,24.0,7,13,101294,541,True,True,False,False,True,False,False,False,False,False,2
ИС аналитики #2964,Топливная промышленность,Федеральный,Вся страна,Средняя,800530,53,6237042,48.0,5,22,228471,987,False,True,False,False,True,False,True,False,False,False,2
Портал обработки #2965,Банковская сфера,Региональный,Субъект РФ,Высокая,134612,9,182713703,4.0,7,13,171607,4577,True,False,False,False,False,False,False,False,False,True,3
Портал аналитики #2966,Энергетика,Муниципальный,Один город,Высокая,57286,3,479982313,12.0,5,1,20441,1943,True,True,False,False,True,False,False,False,False,False,1
ИС управления #2967,Связь,Региональный,Несколько муниципалитетов,Средняя,390357,3,1103755,168.0,14,20,491557,462,False,False,False,False,False,False,False,True,True,False,1
ИС управления #2968,Топливная промышленность,Объектовый,Субъект РФ,Критическая,594,9,8090031,1.0,3,5,733,87,True,True,False,False,True,False,True,True,False,False,1
АСУ ТП мониторинга #2969,Связь,Объектовый,Вся страна,Средняя,1761,56,14032269,168.0,2,7,1981,682,False,False,False,False,False,False,False,False,True,False,0
Сеть передачи #2970,Связь,Объектовый,Вся страна,Критическая,1428,54,130363289,1.0,2,6,237,934,True,False,False,True,False,False,False,False,True,False,3
Платформа мониторинга #2971,Энергетика,Региональный,Один город,Средняя,46324,2,2858225,168.0,9,22,37228,1397,False,True,False,False,True,False,False,False,False,False,1
Система мониторинга #2972,Связь,Муниципальный,Субъект РФ,Критическая,63953,3,63164783,2.0,4,2,82058,1624,True,False,False,True,False,False,False,False,True,False,2
АСУ ТП мониторинга #2973,Банковская сфера,Объектовый,Несколько муниципалитетов,Низкая,628,2,420774,168.0,3,5,744,97,False,True,False,False,False,False,False,False,True,True,1
Платформа передачи #2974,Связь,Региональный,Несколько муниципалитетов,Средняя,205439,1,51823931,168.0,13,18,294378,2104,False,False,False,False,False,False,False,False,True,False,1
Сеть передачи #2975,Наука,Региональный,Вся страна,Низкая,108353,82,42685,48.0,4,14,76036,2499,True,False,False,False,True,False,False,False,False,False,1
Портал передачи #2976,Здравоохранение,Объектовый,Один город,Высокая,361,1,44549011,24.0,3,5,106,965,True,False,False,True,False,False,False,False,False,False,1
ИС управления #2977,Оборонная промышленность,Объектовый,Вся страна,Средняя,184,87,6448080,72.0,3,4,212,721,True,False,False,False,False,True,False,False,False,True,2
ИС мониторинга #2978,Государственное управление,Региональный,Несколько муниципалитетов,Средняя,193149,1,2454943,72.0,8,6,263036,4512,False,False,True,False,False,True,True,False,False,False,2
Система управления #2979,Банковская сфера,Объектовый,Федеральный округ,Средняя,1553,10,24534768,24.0,4,1,322,512,False,False,False,False,False,False,False,False,True,True,1
Платформа управления #2980,Наука,Объектовый,Федеральный округ,Высокая,1333,13,176829944,4.0,3,5,1535,333,True,False,False,False,False,False,True,False,False,False,2
Сервис обработки #2981,Связь,Региональный,Несколько муниципалитетов,Высокая,453126,4,35082790,4.0,6,11,574079,3553,True,False,False,False,False,False,False,False,True,False,2
ИС передачи #2982,Топливная промышленность,Региональный,Субъект РФ,Низкая,157277,3,135389,72.0,7,17,133040,905,False,True,False,False,True,False,False,False,False,False,1
Сеть аналитики #2983,Государственное управление,Федеральный,Один город,Средняя,911471,4,228247,48.0,18,20,861726,3115,False,False,True,False,True,False,True,False,False,True,2
АСУ ТП хранения #2984,Связь,Муниципальный,Несколько муниципалитетов,Средняя,44579,4,1937184,168.0,6,5,54429,79,False,False,False,False,False,False,True,False,True,False,0
Портал передачи #2985,Энергетика,Объектовый,Вся страна,Низкая,2028,88,211545,72.0,2,5,3032,560,False,True,False,False,True,False,False,False,False,False,1
Портал передачи #2986,Транспорт,Муниципальный,Один город,Средняя,40554,3,2539668,48.0,3,7,52523,880,False,True,False,True,False,False,True,True,False,False,2
АСУ ТП аналитики #2987,Связь,Федеральный,Несколько муниципалитетов,Средняя,239976,4,9789702,168.0,14,25,357826,1707,False,False,False,False,False,False,False,False,True,False,1
Сеть аналитики #2988,Оборонная промышленность,Муниципальный,Несколько муниципалитетов,Высокая,89659,1,583458265,24.0,4,8,103370,65,True,True,False,False,False,True,False,False,False,True,3
АСУ ТП аналитики #2989,Здравоохранение,Региональный,Один город,Низкая,29541,2,574240,48.0,12,16,19656,926,False,False,False,True,False,False,False,False,True,False,2
ИС передачи #2990,Банковская сфера,Региональный,Федеральный округ,Высокая,234562,11,493089486,4.0,11,4,328794,886,True,False,True,False,True,False,False,False,False,True,3
АСУ ТП управления #2991,Здравоохранение,Объектовый,Субъект РФ,Высокая,2786,5,447620875,4.0,4,5,3375,180,True,True,False,True,False,False,True,False,False,False,3
Сеть аналитики #2992,Государственное управление,Муниципальный,Один город,Высокая,6187,4,57241372,12.0,5,2,9014,2548,True,False,True,False,False,True,True,False,False,True,2
Платформа аналитики #2993,Транспорт,Объектовый,Несколько муниципалитетов,Высокая,742,2,58546305,12.0,2,3,991,395,True,True,False,True,False,False,True,True,True,False,2
Портал управления #2994,Государственное управление,Федеральный,Субъект РФ,Высокая,727517,9,18343757,24.0,10,18,897703,5849,True,False,True,False,True,True,True,False,False,True,3
Сеть мониторинга #2995,Связь,Федеральный,Федеральный округ,Средняя,1138920,23,9158214,24.0,7,20,378945,2798,False,True,True,False,False,False,False,False,True,True,3
АСУ ТП обработки #2996,Топливная промышленность,Федеральный,Несколько муниципалитетов,Средняя,1656293,2,10084127,72.0,11,38,577664,800,False,True,False,False,True,False,False,False,False,False,2
Система аналитики #2997,Транспорт,Объектовый,Федеральный округ,Средняя,408,18,2682584,24.0,3,4,575,158,True,True,False,True,False,False,True,True,False,False,2
Сеть аналитики #2998,Энергетика,Объектовый,Один город,Низкая,1967,4,460677,168.0,3,6,829,771,False,True,False,False,True,False,False,False,False,False,0
Портал аналитики #2999,Банковская сфера,Объектовый,Несколько муниципалитетов,Средняя,362,3,19578716,48.0,3,3,354,13,False,False,False,False,False,False,False,False,False,True,0
ИС хранения #3000,Здравоохранение,Объектовый,Вся страна,Средняя,2099,74,4894345,72.0,2,2,634,125,False,False,False,True,True,False,False,False,False,False,1
АСУ ТП мониторинга #3001,Транспорт,Объектовый,Один город,Низкая,478,1,74196,72.0,4,6,258,205,True,True,False,True,False,False,True,True,False,False,2
ИС обработки #3002,Транспорт,Региональный,Федеральный округ,Низкая,111775,22,328763,72.0,7,23,100800,1241,True,True,False,True,False,False,True,True,True,False,3
АСУ ТП управления #3003,Оборонная промышленность,Региональный,Вся страна,Высокая,172999,86,29484544,12.0,4,21,99683,838,True,False,False,False,False,True,False,False,True,True,3
Платформа передачи #3004,Энергетика,Региональный,Федеральный округ,Низкая,249885,15,100367,168.0,5,10,247900,2063,True,True,False,False,True,False,False,False,False,False,1
Платформа мониторинга #3005,Оборонная промышленность,Региональный,Федеральный округ,Высокая,240698,17,66374999,12.0,11,15,318880,772,True,False,False,False,False,False,False,False,False,True,2
Сеть мониторинга #3006,Здравоохранение,Региональный,Несколько муниципалитетов,Низкая,258805,3,11268,24.0,8,13,73752,2691,False,False,False,True,False,False,True,False,False,False,2
Портал управления #3007,Оборонная промышленность,Объектовый,Федеральный округ,Низкая,1355,13,136576,72.0,3,4,259,827,False,False,False,False,False,True,False,True,False,True,1
Портал мониторинга #3008,Топливная промышленность,Федеральный,Вся страна,Высокая,572572,64,195544145,12.0,13,18,71706,513,True,True,True,False,True,False,False,False,False,True,3
Сервис мониторинга #3009,Связь,Объектовый,Федеральный округ,Критическая,1413,13,124762861,2.0,2,4,1116,279,True,True,False,True,False,False,False,False,True,False,3
ИС хранения #3010,Банковская сфера,Муниципальный,Субъект РФ,Средняя,32827,4,9286587,48.0,3,12,12146,826,True,False,False,False,False,False,False,False,True,True,1
Платформа хранения #3011,Здравоохранение,Региональный,Субъект РФ,Критическая,174596,3,155695165,0.5,6,13,28719,1613,True,True,False,True,False,False,False,False,False,False,3
Портал хранения #3012,Связь,Региональный,Федеральный округ,Низкая,277942,29,79237,72.0,5,13,36214,3895,False,False,False,False,False,False,False,False,True,False,1
АСУ ТП обработки #3013,Топливная промышленность,Федеральный,Федеральный округ,Высокая,190629,17,141519301,24.0,13,26,76326,595,True,True,False,False,True,False,False,False,False,False,3
Сеть передачи #3014,Транспорт,Объектовый,Несколько муниципалитетов,Высокая,4031,2,783028820,8.0,2,6,2798,75,True,True,False,True,False,False,True,True,False,False,3
АСУ ТП управления #3015,Наука,Региональный,Субъект РФ,Низкая,90194,3,261882,168.0,8,4,55014,122,True,False,False,False,False,False,False,False,False,False,1
Сеть аналитики #3016,Государственное управление,Муниципальный,Субъект РФ,Средняя,32498,4,9875420,168.0,8,11,27072,342,True,False,True,False,False,True,True,False,False,True,2
Сеть обработки #3017,Наука,Муниципальный,Субъект РФ,Средняя,86218,7,922878,48.0,7,7,94071,369,False,False,False,False,False,False,False,False,False,False,0
Портал мониторинга #3018,Наука,Объектовый,Один город,Высокая,1981,2,12106690,8.0,1,4,2603,771,True,False,False,False,False,False,True,False,False,False,1
АСУ ТП мониторинга #3019,Транспорт,Объектовый,Федеральный округ,Низкая,2982,24,195233,48.0,3,6,3882,73,False,True,False,True,False,False,True,True,False,False,2
Портал хранения #3020,Государственное управление,Региональный,Несколько муниципалитетов,Средняя,134024,3,2020420,48.0,12,9,179039,1838,True,False,True,False,False,True,True,False,False,True,3
Сервис мониторинга #3021,Оборонная промышленность,Федеральный,Субъект РФ,Низкая,457313,5,164315,168.0,6,24,170139,5829,False,True,True,False,False,False,False,False,False,False,2
АСУ ТП управления #3022,Государственное управление,Объектовый,Федеральный округ,Низкая,1233,11,376908,72.0,1,6,557,1255,False,True,True,False,False,True,True,False,False,False,2
Портал хранения #3023,Оборонная промышленность,Региональный,Федеральный округ,Низкая,25265,12,390381,72.0,8,17,17350,2492,False,False,False,False,False,True,False,True,False,True,2
Сеть передачи #3024,Оборонная промышленность,Муниципальный,Субъект РФ,Низкая,75810,7,97751,72.0,3,10,57203,294,False,False,False,False,False,True,False,False,False,True,1
Система управления #3025,Банковская сфера,Муниципальный,Несколько муниципалитетов,Средняя,69197,1,2940527,72.0,7,8,7892,578,False,False,False,False,False,False,False,False,False,True,1
Портал хранения #3026,Государственное управление,Муниципальный,Вся страна,Высокая,35568,52,9086896,4.0,10,12,8732,200,True,True,True,False,False,True,True,False,False,True,3
Сервис обработки #3027,Наука,Региональный,Вся страна,Средняя,406152,53,2417277,168.0,6,18,165201,3097,False,False,True,False,False,False,False,False,False,True,2
Сеть мониторинга #3028,Оборонная промышленность,Объектовый,Вся страна,Высокая,1012,59,134893947,4.0,4,1,543,1350,True,True,False,False,False,True,False,False,False,True,3
Платформа аналитики #3029,Энергетика,Федеральный,Один город,Высокая,878352,2,13252686,4.0,18,22,584793,683,True,True,False,False,True,False,False,True,False,False,3
АСУ ТП передачи #3030,Государственное управление,Объектовый,Субъект РФ,Средняя,1283,9,1438741,72.0,2,3,1133,1342,False,False,True,False,False,False,True,False,False,True,1
ИС обработки #3031,Связь,Региональный,Федеральный округ,Низкая,295038,11,722800,168.0,11,5,390513,266,False,False,False,False,False,False,False,False,True,False,1
Платформа передачи #3032,Энергетика,Муниципальный,Вся страна,Критическая,19603,77,13139851,2.0,5,11,27806,126,True,True,False,True,True,False,True,False,False,False,3
АСУ ТП хранения #3033,Здравоохранение,Объектовый,Федеральный округ,Средняя,2736,23,954788,72.0,3,5,1540,680,False,False,False,True,False,False,False,False,False,False,1
АСУ ТП аналитики #3034,Оборонная промышленность,Муниципальный,Один город,Низкая,8978,1,900436,48.0,5,4,3701,2274,True,False,False,False,False,True,False,True,False,True,1
Портал хранения #3035,Оборонная промышленность,Региональный,Один город,Средняя,138561,2,3090986,168.0,9,16,45880,2121,True,False,False,False,False,True,False,False,False,True,2
ИС обработки #3036,Транспорт,Региональный,Вся страна,Низкая,364198,68,568139,168.0,5,17,347006,3811,False,True,False,True,False,False,True,True,False,False,3
Платформа передачи #3037,Наука,Федеральный,Один город,Средняя,222531,4,3009374,48.0,6,10,273846,1022,False,True,False,False,False,False,True,False,False,False,2
АСУ ТП передачи #3038,Топливная промышленность,Региональный,Субъект РФ,Высокая,217598,8,5200368,8.0,8,17,150800,1249,True,True,False,False,True,False,False,False,False,False,2
Портал обработки #3039,Наука,Региональный,Вся страна,Высокая,92045,64,1490169,4.0,11,8,14877,893,True,False,False,False,True,False,False,False,False,False,2
Сервис аналитики #3040,Здравоохранение,Объектовый,Федеральный округ,Средняя,1617,20,4990428,168.0,2,4,998,284,False,True,False,True,True,False,True,False,False,False,2
Портал передачи #3041,Оборонная промышленность,Муниципальный,Один город,Высокая,35562,2,70870602,24.0,3,4,21287,1070,True,False,False,False,False,True,False,False,False,True,2
Платформа управления #3042,Оборонная промышленность,Муниципальный,Федеральный округ,Низкая,37356,22,99239,24.0,7,18,36676,1186,False,False,False,False,False,True,False,False,False,True,2
Сеть обработки #3043,Связь,Региональный,Вся страна,Средняя,71150,74,3223543,48.0,7,2,84825,2245,False,False,False,False,False,False,False,False,True,False,1
ИС обработки #3044,Банковская сфера,Региональный,Субъект РФ,Высокая,354619,8,1625745790,12.0,11,18,171470,1115,True,True,False,False,False,False,True,False,False,True,3
Портал хранения #3045,Транспорт,Региональный,Вся страна,Средняя,464643,64,10795986,72.0,13,15,223565,3909,False,True,False,True,False,False,True,True,True,False,3
Портал аналитики #3046,Оборонная промышленность,Региональный,Вся страна,Низкая,220381,87,234196,24.0,14,8,209665,706,False,False,True,False,False,False,False,False,False,True,2
ИС хранения #3047,Государственное управление,Региональный,Несколько муниципалитетов,Низкая,82185,4,1158685,168.0,9,14,55801,2355,False,False,True,False,False,False,True,False,False,True,2
Сервис хранения #3048,Энергетика,Региональный,Один город,Высокая,49624,3,291988086,4.0,5,13,49875,3358,True,True,False,False,True,False,False,True,False,False,2
Портал аналитики #3049,Транспорт,Муниципальный,Федеральный округ,Средняя,32526,27,11923581,48.0,5,2,41095,639,False,True,True,True,False,False,True,True,False,True,3
Платформа аналитики #3050,Наука,Региональный,Один город,Средняя,97757,4,806167,168.0,8,18,53856,992,False,False,False,False,False,False,False,False,True,False,1
Сеть обработки #3051,Транспорт,Федеральный,Федеральный округ,Средняя,1653462,19,4676064,48.0,13,4,1461915,2616,False,True,False,True,False,False,True,True,False,False,3
Платформа аналитики #3052,Государственное управление,Федеральный,Федеральный округ,Средняя,290105,15,6035444,24.0,10,11,61742,3347,False,False,True,False,False,True,True,False,False,True,3
Сервис управления #3053,Оборонная промышленность,Объектовый,Федеральный округ,Средняя,3361,12,7961584,48.0,4,7,3204,85,True,False,False,False,False,True,False,False,False,True,1
Сеть хранения #3054,Транспорт,Объектовый,Вся страна,Средняя,1349,85,899484,168.0,2,4,1483,421,True,True,False,True,False,False,True,True,False,False,2
АСУ ТП обработки #3055,Транспорт,Региональный,Субъект РФ,Средняя,131734,8,4305459,72.0,8,9,21629,646,False,True,False,True,False,False,True,True,False,False,2
Сервис аналитики #3056,Транспорт,Объектовый,Федеральный округ,Высокая,853,24,60711197,12.0,2,1,923,331,True,True,False,True,False,False,True,True,False,False,2
АСУ ТП аналитики #3057,Транспорт,Региональный,Федеральный округ,Средняя,39527,10,5754055,24.0,9,15,4352,2842,False,True,False,True,False,False,True,True,False,False,3
Сеть аналитики #3058,Наука,Федеральный,Вся страна,Средняя,191376,60,358507,48.0,14,18,260317,3651,False,False,False,False,False,False,False,False,False,False,2
Сервис аналитики #3059,Энергетика,Федеральный,Субъект РФ,Высокая,840702,5,54940522,12.0,14,22,943288,2695,True,True,False,False,True,False,False,False,False,False,2
Платформа передачи #3060,Здравоохранение,Региональный,Один город,Критическая,109321,3,239615175,2.0,15,4,158807,2894,True,False,False,True,True,False,False,False,False,False,3
Система хранения #3061,Банковская сфера,Объектовый,Несколько муниципалитетов,Средняя,445,4,2387115,24.0,3,5,126,1186,False,False,True,False,False,False,False,False,True,True,1
Сеть управления #3062,Государственное управление,Муниципальный,Один город,Низкая,68283,3,59831,24.0,3,11,92291,908,False,True,True,False,True,True,True,False,False,True,3
Сервис аналитики #3063,Государственное управление,Региональный,Федеральный округ,Высокая,171816,11,62606794,24.0,8,18,135341,3339,True,False,True,False,False,True,True,False,False,True,3
Платформа аналитики #3064,Оборонная промышленность,Муниципальный,Несколько муниципалитетов,Высокая,43310,2,58806147,8.0,8,8,48391,401,True,False,False,False,False,True,False,False,False,True,2
Сервис передачи #3065,Здравоохранение,Муниципальный,Несколько муниципалитетов,Низкая,68195,3,115698,72.0,3,8,67788,906,False,False,False,True,False,False,True,False,False,False,1
Система хранения #3066,Оборонная промышленность,Федеральный,Вся страна,Средняя,551792,81,6280423,48.0,13,26,413191,2815,False,False,False,False,False,True,False,False,False,True,3
Сеть хранения #3067,Банковская сфера,Муниципальный,Субъект РФ,Высокая,66175,6,80197673,4.0,3,10,48413,1888,True,True,False,False,False,False,False,False,True,True,2
Сервис обработки #3068,Банковская сфера,Объектовый,Федеральный округ,Низкая,2624,18,114682,48.0,2,8,3554,1178,False,False,False,False,False,False,True,False,False,True,1
Сервис обработки #3069,Банковская сфера,Региональный,Один город,Средняя,380467,4,2459951,24.0,11,7,190143,1787,False,False,False,False,False,False,False,False,False,False,1
АСУ ТП управления #3070,Связь,Объектовый,Вся страна,Низкая,2421,55,181179,168.0,3,5,2950,860,True,True,False,False,False,False,False,False,True,False,1
Система управления #3071,Связь,Федеральный,Один город,Средняя,299611,2,2086323,24.0,20,35,250354,5905,False,False,False,False,False,False,False,False,True,False,1
ИС мониторинга #3072,Здравоохранение,Федеральный,Один город,Низкая,53702,4,38488,48.0,9,23,52158,4273,True,True,False,True,False,False,True,False,False,False,3
Платформа хранения #3073,Энергетика,Региональный,Субъект РФ,Критическая,245566,5,54084542,2.0,3,23,48952,967,True,True,False,False,True,False,False,False,False,False,2
Платформа передачи #3074,Здравоохранение,Региональный,Вся страна,Высокая,70694,70,134952493,24.0,8,11,85895,3222,True,False,False,True,False,False,False,True,False,False,3
Сеть управления #3075,Транспорт,Региональный,Субъект РФ,Высокая,56457,9,20667198,12.0,8,20,20448,2256,True,True,False,True,False,False,True,True,True,False,3
АСУ ТП обработки #3076,Топливная промышленность,Федеральный,Субъект РФ,Критическая,390936,8,52412392,4.0,15,8,420605,1306,True,True,False,True,True,True,False,False,False,True,3
Платформа хранения #3077,Наука,Региональный,Вся страна,Высокая,168746,59,615177114,12.0,9,16,207051,2574,True,False,False,False,True,False,True,False,False,False,3
Сервис передачи #3078,Оборонная промышленность,Объектовый,Вся страна,Средняя,1534,76,7614864,48.0,3,9,1189,733,False,False,False,False,False,True,True,False,False,True,2
Портал хранения #3079,Здравоохранение,Объектовый,Вся страна,Высокая,1611,66,550019407,4.0,1,7,1103,429,True,False,False,True,False,False,False,False,False,False,3
ИС управления #3080,Здравоохранение,Федеральный,Субъект РФ,Средняя,1302105,5,1288086,24.0,11,21,541832,4381,False,False,False,True,False,False,False,False,True,False,3
Сеть передачи #3081,Наука,Региональный,Вся страна,Средняя,114390,84,3037492,72.0,9,15,31126,3538,False,True,False,False,False,False,False,True,False,False,2
АСУ ТП управления #3082,Банковская сфера,Региональный,Вся страна,Высокая,271324,77,85823038,8.0,9,23,58458,1125,True,False,False,False,False,False,False,False,False,True,2
Система аналитики #3083,Здравоохранение,Региональный,Федеральный округ,Средняя,137115,22,1501911,24.0,14,15,164113,1214,True,False,False,True,False,False,False,False,False,False,3
ИС обработки #3084,Банковская сфера,Объектовый,Субъект РФ,Средняя,2276,3,4871694,24.0,3,3,3239,260,True,False,False,False,False,False,False,False,False,True,1
Портал передачи #3085,Государственное управление,Объектовый,Вся страна,Средняя,1146,60,4180776,24.0,2,5,838,306,False,False,True,False,False,False,True,False,True,True,1
ИС обработки #3086,Оборонная промышленность,Муниципальный,Несколько муниципалитетов,Средняя,20317,1,14049876,168.0,6,7,28115,1707,False,False,False,False,False,True,False,False,False,True,2
Портал передачи #3087,Топливная промышленность,Региональный,Субъект РФ,Средняя,91958,4,661535,168.0,6,15,58223,2217,False,True,False,False,True,False,False,False,True,False,1
Сеть мониторинга #3088,Здравоохранение,Муниципальный,Субъект РФ,Критическая,6047,3,41141337,2.0,5,11,4457,1235,True,False,False,True,True,False,False,False,False,False,2
АСУ ТП передачи #3089,Топливная промышленность,Региональный,Вся страна,Низкая,84167,68,396492,72.0,12,23,103551,3314,True,True,False,False,True,False,False,False,False,False,2
Платформа хранения #3090,Оборонная промышленность,Объектовый,Субъект РФ,Критическая,1106,6,155680386,0.5,2,5,406,426,True,False,False,False,False,True,False,False,False,True,3
Сеть передачи #3091,Связь,Региональный,Несколько муниципалитетов,Средняя,366846,1,2308577,48.0,8,7,288303,2590,False,False,False,False,False,False,False,False,True,False,1
АСУ ТП аналитики #3092,Здравоохранение,Федеральный,Федеральный округ,Средняя,335091,19,11158914,168.0,11,28,259534,1655,True,True,False,True,False,False,False,True,False,False,3
Сеть мониторинга #3093,Государственное управление,Региональный,Федеральный округ,Средняя,313760,10,40599072,72.0,6,12,113996,177,False,False,True,False,False,False,True,False,True,True,2
Платформа аналитики #3094,Энергетика,Региональный,Несколько муниципалитетов,Высокая,134480,1,639052149,12.0,5,13,14644,679,True,True,False,False,True,False,False,False,False,False,2
ИС аналитики #3095,Энергетика,Федеральный,Один город,Средняя,621119,2,7499904,24.0,10,28,402620,3058,True,True,False,False,True,False,False,False,False,False,2
Портал передачи #3096,Энергетика,Федеральный,Несколько муниципалитетов,Высокая,900111,3,27457324,8.0,6,19,1184613,719,True,True,False,False,True,False,False,False,False,False,2
АСУ ТП обработки #3097,Банковская сфера,Региональный,Федеральный округ,Средняя,152266,12,1823287,48.0,7,25,25913,1607,False,False,False,False,False,False,False,False,False,True,1
АСУ ТП управления #3098,Топливная промышленность,Региональный,Вся страна,Высокая,196087,69,18369401,8.0,11,9,241726,1974,True,True,False,False,True,False,False,True,False,False,2
Сеть хранения #3099,Банковская сфера,Региональный,Федеральный округ,Средняя,184406,18,3993054,48.0,10,19,122737,1555,True,False,False,False,False,False,False,False,True,True,2
Сеть мониторинга #3100,Здравоохранение,Региональный,Один город,Средняя,337705,3,2038636,48.0,7,23,180566,620,False,False,False,True,False,False,False,False,False,False,2
Сеть аналитики #3101,Наука,Объектовый,Несколько муниципалитетов,Высокая,685,3,87773110,12.0,2,5,780,387,True,False,False,False,False,False,False,False,False,False,0
Сеть аналитики #3102,Банковская сфера,Муниципальный,Вся страна,Средняя,63777,76,6481079,168.0,5,3,53098,482,False,False,False,False,False,False,False,False,False,False,0
АСУ ТП управления #3103,Связь,Региональный,Несколько муниципалитетов,Низкая,86582,4,81466,168.0,5,19,79334,3459,False,True,False,False,False,False,False,False,True,False,1
Сервис передачи #3104,Здравоохранение,Объектовый,Вся страна,Средняя,88,59,1025355,72.0,2,8,127,1264,True,False,False,True,False,False,True,False,False,False,2
ИС аналитики #3105,Оборонная промышленность,Федеральный,Несколько муниципалитетов,Средняя,292790,4,10256454,168.0,17,26,66587,2471,False,False,False,False,True,True,False,False,False,True,2
Портал передачи #3106,Топливная промышленность,Объектовый,Несколько муниципалитетов,Средняя,1977,3,1516049,168.0,2,8,534,1332,False,True,False,False,True,False,False,False,False,False,0
ИС аналитики #3107,Здравоохранение,Объектовый,Федеральный округ,Низкая,2975,17,188209,72.0,3,8,4252,447,True,False,True,True,False,False,False,False,False,True,2
ИС мониторинга #3108,Транспорт,Федеральный,Несколько муниципалитетов,Критическая,130023,3,107026793,4.0,9,20,134961,502,True,True,False,True,False,False,True,True,False,False,3
Портал хранения #3109,Здравоохранение,Муниципальный,Федеральный округ,Средняя,63350,27,5721059,24.0,5,9,39788,1306,False,False,False,True,False,False,False,False,False,False,2
Система аналитики #3110,Энергетика,Муниципальный,Федеральный округ,Низкая,57841,28,115478,72.0,6,6,64700,589,False,True,False,False,True,False,False,False,True,False,1
Сеть хранения #3111,Государственное управление,Муниципальный,Федеральный округ,Средняя,8250,25,1385821,168.0,7,13,5221,1103,False,False,True,False,False,True,True,False,False,True,2
Сервис передачи #3112,Здравоохранение,Региональный,Один город,Высокая,208856,1,61512152,12.0,8,9,252082,254,True,False,False,True,False,False,False,False,False,False,2
Система управления #3113,Здравоохранение,Муниципальный,Федеральный округ,Средняя,23810,29,4226128,168.0,7,13,35147,1635,True,False,False,True,False,False,False,False,False,False,2
Портал аналитики #3114,Топливная промышленность,Федеральный,Один город,Высокая,306520,4,16818974,24.0,10,39,209303,2123,True,True,False,False,True,False,True,False,False,False,2
ИС обработки #3115,Оборонная промышленность,Региональный,Один город,Средняя,395190,1,3923105,48.0,6,21,147000,945,False,False,False,False,False,True,False,False,False,True,2
Портал аналитики #3116,Транспорт,Объектовый,Федеральный округ,Высокая,258,17,21311865,24.0,3,2,267,1196,True,True,False,True,True,False,True,True,False,False,2
Платформа управления #3117,Транспорт,Региональный,Вся страна,Высокая,324247,67,39363812,4.0,8,13,461232,842,True,True,False,True,False,False,True,True,False,False,3
АСУ ТП передачи #3118,Банковская сфера,Муниципальный,Субъект РФ,Высокая,55617,4,11527916,12.0,4,12,78708,565,True,False,False,False,False,False,True,False,False,True,1
Сервис хранения #3119,Здравоохранение,Региональный,Федеральный округ,Критическая,281163,23,14989554,0.5,7,16,311824,1483,True,False,False,True,False,False,False,False,False,False,3
Платформа аналитики #3120,Здравоохранение,Региональный,Один город,Высокая,44258,3,671165039,4.0,4,20,25971,1155,True,False,False,True,False,False,False,False,False,False,3
Сервис передачи #3121,Наука,Муниципальный,Субъект РФ,Высокая,79603,4,1766720,4.0,5,15,40301,1876,True,False,False,False,False,False,False,False,False,False,1
АСУ ТП управления #3122,Энергетика,Региональный,Несколько муниципалитетов,Высокая,191093,4,84701472,12.0,11,2,209254,1383,True,True,False,False,True,False,False,False,False,False,2
Портал хранения #3123,Оборонная промышленность,Муниципальный,Несколько муниципалитетов,Высокая,31713,1,62688320,4.0,8,9,20949,1761,True,False,False,False,False,True,False,False,False,True,2
Сервис мониторинга #3124,Оборонная промышленность,Региональный,Один город,Высокая,119622,2,172710535,12.0,8,13,158762,958,True,False,False,False,False,True,False,False,False,True,3
АСУ ТП хранения #3125,Транспорт,Региональный,Один город,Низкая,97256,3,53761,48.0,6,15,142140,2583,True,True,False,True,False,False,True,True,False,False,3
Платформа обработки #3126,Наука,Муниципальный,Вся страна,Высокая,39837,74,43043367,24.0,9,12,44632,1537,True,False,False,False,False,False,False,False,False,False,1
Система обработки #3127,Государственное управление,Региональный,Один город,Высокая,242371,4,61703249,24.0,11,19,336849,150,True,False,True,False,False,True,True,False,False,True,3
АСУ ТП хранения #3128,Банковская сфера,Объектовый,Вся страна,Высокая,3115,62,79980860,8.0,2,3,2425,250,True,False,False,False,False,False,False,False,False,True,1
Портал аналитики #3129,Оборонная промышленность,Региональный,Несколько муниципалитетов,Низкая,139441,1,115196,24.0,7,11,162155,1817,False,False,True,False,False,True,False,False,False,True,3
Система аналитики #3130,Транспорт,Объектовый,Субъект РФ,Высокая,3828,1,348416776,12.0,4,6,4692,1172,True,True,False,True,False,False,True,True,False,False,2
ИС хранения #3131,Оборонная промышленность,Муниципальный,Один город,Низкая,12987,3,322766,168.0,2,14,10206,1498,False,False,False,False,False,True,False,False,False,True,1
Сеть хранения #3132,Топливная промышленность,Муниципальный,Несколько муниципалитетов,Высокая,16045,2,47417882,12.0,7,4,12710,1744,True,True,False,False,True,False,False,False,False,False,1
Портал аналитики #3133,Оборонная промышленность,Региональный,Вся страна,Средняя,49351,52,3194630,24.0,11,12,39675,843,False,False,False,False,False,True,True,False,False,True,3
АСУ ТП передачи #3134,Связь,Объектовый,Субъект РФ,Высокая,255,4,383816944,24.0,3,6,244,578,True,False,False,False,True,False,False,False,True,False,1
Сервис передачи #3135,Транспорт,Региональный,Один город,Низкая,286625,2,153229,72.0,9,20,52397,821,True,True,False,True,True,False,True,True,False,False,3
АСУ ТП хранения #3136,Наука,Региональный,Субъект РФ,Средняя,301350,3,4041349,168.0,16,7,41180,3536,False,False,False,False,False,False,False,False,False,False,1
Сеть обработки #3137,Государственное управление,Федеральный,Вся страна,Высокая,194799,85,46166537,8.0,13,34,95233,4804,True,False,True,False,False,True,True,False,False,True,3
Сервис обработки #3138,Связь,Региональный,Федеральный округ,Средняя,379013,26,34369548,72.0,9,27,323159,833,True,False,False,False,False,False,False,False,True,False,2
Система хранения #3139,Энергетика,Региональный,Вся страна,Высокая,147350,51,280190606,8.0,10,14,30298,716,True,True,False,False,True,False,False,False,False,False,3
Система управления #3140,Связь,Муниципальный,Федеральный округ,Средняя,68138,12,4765840,72.0,9,7,91285,1766,True,True,True,False,False,False,False,False,True,False,1
АСУ ТП мониторинга #3141,Транспорт,Муниципальный,Несколько муниципалитетов,Высокая,27568,2,13467127,8.0,7,10,26926,204,True,True,False,True,False,False,True,True,True,False,2
АСУ ТП обработки #3142,Энергетика,Региональный,Федеральный округ,Низкая,96275,24,119274,48.0,7,21,30667,1261,False,True,False,False,True,False,True,False,False,False,2
ИС аналитики #3143,Топливная промышленность,Региональный,Субъект РФ,Средняя,143262,5,2647029,72.0,5,15,70294,56,False,True,False,False,True,False,False,True,False,False,1
АСУ ТП управления #3144,Энергетика,Объектовый,Один город,Высокая,1505,2,22230528,12.0,4,4,1152,855,True,True,False,False,True,False,False,False,False,False,1
Портал передачи #3145,Связь,Муниципальный,Один город,Средняя,19347,4,877123,72.0,3,8,2729,87,False,True,False,False,False,False,True,False,True,False,1
Сеть аналитики #3146,Энергетика,Муниципальный,Федеральный округ,Средняя,4459,19,2150727,72.0,8,8,5035,2275,True,True,False,False,True,False,True,False,False,False,1
Портал мониторинга #3147,Наука,Региональный,Субъект РФ,Высокая,185435,9,5516922,8.0,1,12,230713,2241,True,False,False,False,False,False,False,False,False,False,1
Платформа управления #3148,Банковская сфера,Объектовый,Субъект РФ,Низкая,480,2,147960,168.0,2,4,105,61,False,False,False,False,False,False,False,False,False,True,0
Система мониторинга #3149,Транспорт,Региональный,Вся страна,Средняя,356479,71,3916184,48.0,12,9,391358,493,False,True,False,True,False,False,True,True,False,False,3
ИС передачи #3150,Государственное управление,Объектовый,Вся страна,Высокая,2708,88,38116431,24.0,3,6,3741,273,True,False,True,False,False,True,True,False,False,True,3
Сеть хранения #3151,Здравоохранение,Объектовый,Федеральный округ,Средняя,309,25,1500485,168.0,4,5,277,205,True,False,False,True,False,False,True,False,False,False,2
Портал передачи #3152,Энергетика,Федеральный,Субъект РФ,Высокая,733260,7,37394145,4.0,12,4,228479,1435,True,True,False,False,True,False,False,False,False,False,3
ИС управления #3153,Наука,Федеральный,Субъект РФ,Низкая,881096,2,53841,48.0,13,26,610198,1209,False,True,False,False,False,False,False,False,False,False,2
ИС обработки #3154,Топливная промышленность,Объектовый,Вся страна,Средняя,919,61,11174813,24.0,4,5,570,334,False,True,False,False,True,False,False,False,False,False,1
Портал передачи #3155,Банковская сфера,Региональный,Несколько муниципалитетов,Низкая,216346,2,110743,48.0,6,13,266392,2439,True,True,False,False,False,False,False,False,False,True,2
АСУ ТП аналитики #3156,Оборонная промышленность,Муниципальный,Вся страна,Низкая,77174,85,116036,24.0,9,13,103238,1500,False,True,False,False,False,True,True,False,False,True,3
Система мониторинга #3157,Банковская сфера,Федеральный,Федеральный округ,Высокая,527670,16,162429629,24.0,6,27,775080,502,True,False,False,False,False,False,False,False,False,True,3
АСУ ТП хранения #3158,Топливная промышленность,Объектовый,Субъект РФ,Низкая,1121,5,904138,168.0,1,4,1205,229,False,True,False,False,True,False,False,False,False,False,0
АСУ ТП аналитики #3159,Энергетика,Объектовый,Один город,Средняя,1016,2,537911,168.0,3,4,632,244,True,True,False,False,True,False,False,False,False,False,0
Сервис передачи #3160,Транспорт,Муниципальный,Несколько муниципалитетов,Средняя,10415,2,1605992,48.0,4,7,9862,966,False,True,False,True,False,False,True,True,False,False,2
Портал обработки #3161,Энергетика,Муниципальный,Вся страна,Низкая,25937,81,344071,72.0,5,9,20772,1990,False,True,False,False,True,False,False,False,False,False,1
Сервис управления #3162,Государственное управление,Федеральный,Федеральный округ,Средняя,429842,27,2001345,72.0,10,7,191790,3095,False,True,True,False,False,True,True,False,False,True,3
Система мониторинга #3163,Наука,Объектовый,Вся страна,Низкая,1433,55,456793,24.0,3,2,881,192,True,False,False,False,False,False,False,False,False,False,1
Сервис управления #3164,Здравоохранение,Муниципальный,Один город,Средняя,81465,3,4032328,168.0,9,7,59856,171,False,False,False,True,False,False,False,True,False,False,1
ИС мониторинга #3165,Здравоохранение,Объектовый,Федеральный округ,Средняя,3465,18,11668821,72.0,2,2,1679,996,False,False,False,True,False,False,True,False,False,False,1
Сеть мониторинга #3166,Наука,Объектовый,Федеральный округ,Низкая,1990,22,168142,168.0,3,4,1120,718,False,False,False,False,False,False,True,False,False,False,0
Платформа аналитики #3167,Энергетика,Муниципальный,Несколько муниципалитетов,Средняя,2926,4,1020147,168.0,3,10,4015,776,True,True,True,False,True,False,False,False,False,True,1
Сеть хранения #3168,Банковская сфера,Муниципальный,Субъект РФ,Критическая,37981,9,21621831,1.0,7,10,28189,585,True,True,False,True,False,False,False,False,False,True,3
Платформа хранения #3169,Энергетика,Региональный,Один город,Низкая,78857,2,84211,168.0,7,27,95228,1216,True,True,False,False,True,False,False,False,False,False,1
ИС передачи #3170,Оборонная промышленность,Объектовый,Несколько муниципалитетов,Средняя,286,2,10442211,48.0,4,4,219,615,False,False,False,False,False,True,False,True,False,True,1
Сервис управления #3171,Оборонная промышленность,Региональный,Субъект РФ,Критическая,90528,6,26397090,2.0,8,16,115885,1775,True,False,False,False,False,True,False,False,False,True,3
АСУ ТП мониторинга #3172,Здравоохранение,Объектовый,Один город,Средняя,2899,2,2329095,24.0,3,7,3128,250,True,False,True,True,False,False,True,False,False,True,2
Система хранения #3173,Энергетика,Региональный,Федеральный округ,Средняя,196737,28,21701960,72.0,6,22,245992,970,False,True,False,False,True,False,False,False,False,False,2
Система обработки #3174,Государственное управление,Региональный,Несколько муниципалитетов,Низкая,323294,1,106728,48.0,10,17,123978,150,False,False,True,False,False,False,True,False,False,True,2
Платформа аналитики #3175,Государственное управление,Объектовый,Субъект РФ,Высокая,143,2,89248637,24.0,4,2,141,147,True,False,True,False,False,False,True,False,True,True,1
Платформа обработки #3176,Оборонная промышленность,Региональный,Субъект РФ,Низкая,244413,3,148529,48.0,14,12,30248,2682,False,False,False,False,False,False,False,False,False,True,1
Сеть хранения #3177,Связь,Муниципальный,Субъект РФ,Средняя,14489,4,9142418,48.0,8,8,6307,998,False,False,True,False,False,False,False,False,True,True,1
ИС управления #3178,Государственное управление,Муниципальный,Субъект РФ,Высокая,33074,8,153293481,4.0,3,8,20306,1272,True,False,True,False,False,False,True,False,True,True,3
АСУ ТП управления #3179,Топливная промышленность,Муниципальный,Вся страна,Средняя,29403,54,690083,168.0,5,9,21703,476,False,True,True,False,True,False,False,False,False,True,2
ИС передачи #3180,Транспорт,Муниципальный,Вся страна,Средняя,89039,78,260111,168.0,4,7,107720,347,False,True,False,True,False,False,True,True,False,False,2
Система хранения #3181,Связь,Муниципальный,Несколько муниципалитетов,Средняя,26439,4,11210509,48.0,6,1,31779,418,False,False,False,False,False,False,False,False,True,False,0
Сеть мониторинга #3182,Транспорт,Муниципальный,Несколько муниципалитетов,Средняя,45598,2,773301,48.0,7,8,47145,1332,False,True,False,True,False,False,True,True,True,False,2
Платформа хранения #3183,Наука,Федеральный,Федеральный округ,Низкая,684964,27,293597,168.0,19,20,1023884,918,False,True,False,False,False,False,False,False,False,False,2
Сервис управления #3184,Государственное управление,Муниципальный,Один город,Высокая,15039,3,539988703,8.0,5,4,19919,2834,True,False,True,False,False,True,True,False,False,True,3
Сеть передачи #3185,Энергетика,Региональный,Один город,Высокая,377797,2,111150665,8.0,3,16,202267,877,True,True,False,False,True,False,False,False,False,False,2
Портал хранения #3186,Здравоохранение,Федеральный,Вся страна,Средняя,1426079,78,5719315,168.0,15,22,268587,4642,True,False,False,True,False,False,False,False,False,False,3
АСУ ТП обработки #3187,Оборонная промышленность,Федеральный,Субъект РФ,Высокая,1343737,2,434100677,24.0,19,19,968643,2983,True,True,False,False,False,True,False,False,False,True,3
АСУ ТП мониторинга #3188,Транспорт,Региональный,Один город,Критическая,123850,4,64602351,0.5,11,22,118754,2492,True,True,False,True,False,False,True,True,False,False,3
ИС мониторинга #3189,Энергетика,Объектовый,Один город,Средняя,1553,2,8576579,24.0,4,5,1333,674,False,True,True,False,True,False,False,False,False,True,1
Система аналитики #3190,Здравоохранение,Объектовый,Один город,Высокая,1562,2,177585765,24.0,1,6,543,1056,True,False,False,True,False,False,False,False,False,False,2
Портал обработки #3191,Здравоохранение,Федеральный,Субъект РФ,Средняя,946275,3,1152541,168.0,14,18,1124276,3493,False,False,False,True,False,False,False,False,True,False,2
Сеть управления #3192,Связь,Региональный,Субъект РФ,Средняя,145253,1,1914280,24.0,7,16,139227,1044,False,True,False,False,False,False,False,False,True,False,2
Сервис передачи #3193,Топливная промышленность,Муниципальный,Один город,Средняя,36312,2,2385622,24.0,7,13,10593,1439,True,True,False,False,True,False,True,True,False,False,1
Сервис мониторинга #3194,Топливная промышленность,Объектовый,Субъект РФ,Высокая,720,5,7945864,8.0,1,4,593,274,True,True,False,False,True,False,True,False,False,False,1
Сервис обработки #3195,Энергетика,Региональный,Субъект РФ,Низкая,30910,6,46862,168.0,12,19,21937,462,False,True,False,False,True,False,False,False,False,False,1
Система мониторинга #3196,Наука,Муниципальный,Субъект РФ,Средняя,10673,7,8138477,168.0,4,14,3126,1053,False,False,False,False,False,False,True,False,True,False,1
Сервис обработки #3197,Топливная промышленность,Региональный,Субъект РФ,Средняя,350439,5,1468560,72.0,10,9,302340,1127,True,True,False,False,True,False,False,False,False,False,1
АСУ ТП обработки #3198,Банковская сфера,Региональный,Несколько муниципалитетов,Низкая,141333,1,447112,168.0,10,20,125860,1080,False,True,False,False,False,False,False,False,False,True,2
Портал передачи #3199,Энергетика,Объектовый,Один город,Низкая,1329,3,538018,48.0,3,6,1935,560,False,True,False,False,True,False,False,False,False,False,0
Сервис обработки #3200,Государственное управление,Объектовый,Один город,Критическая,1122,1,445514186,2.0,2,4,287,394,True,False,True,False,False,True,True,False,False,True,3
Сервис мониторинга #3201,Наука,Муниципальный,Вся страна,Средняя,26578,53,4520420,48.0,7,2,38394,1533,False,True,False,False,False,False,False,False,False,False,1
Система аналитики #3202,Государственное управление,Федеральный,Субъект РФ,Средняя,216114,1,2331634,168.0,11,25,46677,641,True,False,True,False,False,False,True,False,False,True,2
Платформа управления #3203,Здравоохранение,Региональный,Субъект РФ,Высокая,394459,4,119731466,12.0,8,15,197371,1290,True,False,True,True,False,False,False,True,False,True,3
АСУ ТП аналитики #3204,Банковская сфера,Региональный,Вся страна,Средняя,43921,72,10325477,24.0,8,16,28572,1826,True,False,False,False,False,False,False,False,False,True,2
Сервис обработки #3205,Здравоохранение,Региональный,Субъект РФ,Средняя,77409,8,2478015,24.0,6,19,78134,1373,False,False,False,True,False,False,False,False,False,False,2
Система управления #3206,Банковская сфера,Муниципальный,Вся страна,Высокая,63789,66,20446995,12.0,5,15,33061,736,True,False,False,False,True,False,False,False,False,True,2
ИС управления #3207,Топливная промышленность,Региональный,Несколько муниципалитетов,Высокая,382802,4,17923428,4.0,6,23,222484,3776,True,True,False,False,True,False,True,True,False,False,3
ИС управления #3208,Наука,Региональный,Федеральный округ,Высокая,63162,25,255288516,8.0,5,20,12899,2547,True,False,False,False,False,False,False,False,False,False,2
Сервис управления #3209,Наука,Объектовый,Один город,Средняя,3559,4,26017209,48.0,3,1,1996,586,False,False,False,False,False,False,False,False,False,False,0
Система управления #3210,Наука,Муниципальный,Вся страна,Критическая,23308,63,10870931,1.0,1,10,23231,493,True,False,True,True,False,False,False,False,False,True,3
Платформа аналитики #3211,Связь,Муниципальный,Федеральный округ,Критическая,34276,20,18777776,2.0,5,13,8606,1105,True,False,False,True,False,False,True,False,True,False,3
Система аналитики #3212,Транспорт,Муниципальный,Субъект РФ,Низкая,69819,4,189398,24.0,6,10,87068,1591,False,True,False,True,False,False,True,True,False,False,2
Платформа мониторинга #3213,Связь,Муниципальный,Несколько муниципалитетов,Средняя,31241,1,449786,72.0,7,6,14297,1733,False,False,False,False,False,False,False,False,True,False,0
Сеть хранения #3214,Наука,Федеральный,Субъект РФ,Средняя,1009708,4,4703181,168.0,7,19,1404303,4821,False,True,False,False,False,False,False,False,False,False,2
Сеть хранения #3215,Оборонная промышленность,Муниципальный,Федеральный округ,Средняя,44744,16,9601869,168.0,7,9,58766,3056,True,True,False,False,False,False,True,False,False,True,2
ИС обработки #3216,Наука,Муниципальный,Федеральный округ,Средняя,54956,19,4116072,24.0,10,13,80266,891,False,False,False,False,False,False,False,False,False,False,1
Портал аналитики #3217,Транспорт,Региональный,Вся страна,Критическая,281907,81,33440415,1.0,7,15,390224,2994,True,True,False,True,False,False,True,True,False,False,3
ИС хранения #3218,Транспорт,Региональный,Один город,Критическая,243002,4,732649158,1.0,4,13,236703,790,True,True,False,True,True,False,True,True,False,False,3
ИС мониторинга #3219,Оборонная промышленность,Региональный,Несколько муниципалитетов,Низкая,357189,2,388049,72.0,4,10,308403,1609,False,False,True,False,False,True,False,False,False,True,2
ИС аналитики #3220,Топливная промышленность,Федеральный,Вся страна,Средняя,416403,51,2849775,24.0,10,37,356766,1275,False,True,False,False,True,False,False,False,False,False,2
Платформа обработки #3221,Государственное управление,Муниципальный,Один город,Средняя,83290,2,29249248,24.0,6,6,69057,2296,False,False,True,False,False,True,True,False,True,False,2
Сеть мониторинга #3222,Банковская сфера,Муниципальный,Несколько муниципалитетов,Высокая,56372,1,59054873,12.0,7,6,70132,916,True,False,False,False,False,False,False,False,False,True,1
Сервис передачи #3223,Транспорт,Региональный,Вся страна,Средняя,81218,50,1531001,24.0,10,30,48655,1634,False,True,False,True,False,False,True,True,False,False,3
Система хранения #3224,Транспорт,Федеральный,Несколько муниципалитетов,Средняя,883326,3,13742728,24.0,12,23,136093,2207,False,True,False,True,False,False,True,True,False,False,3
Сеть хранения #3225,Связь,Федеральный,Субъект РФ,Средняя,1107216,6,417346,24.0,11,25,1315006,492,True,False,False,False,False,False,False,False,True,False,2
Сеть аналитики #3226,Энергетика,Региональный,Несколько муниципалитетов,Низкая,95597,2,77437,48.0,3,11,30131,1020,False,True,True,False,True,False,False,False,False,True,2
ИС управления #3227,Банковская сфера,Объектовый,Несколько муниципалитетов,Средняя,769,1,656678,168.0,3,5,753,833,True,False,False,False,False,False,True,False,False,True,1
ИС обработки #3228,Топливная промышленность,Региональный,Федеральный округ,Высокая,201112,23,5773578,4.0,2,16,203344,501,True,True,False,False,True,False,False,True,False,False,2
Портал управления #3229,Здравоохранение,Федеральный,Субъект РФ,Высокая,1224145,7,3888803,8.0,15,18,932452,1168,True,False,False,True,False,False,False,False,False,False,3
ИС мониторинга #3230,Банковская сфера,Федеральный,Вся страна,Средняя,1455763,87,5589103,24.0,5,27,397477,1530,False,False,False,False,False,False,True,False,False,True,3
Сеть обработки #3231,Оборонная промышленность,Региональный,Один город,Средняя,218566,4,1464368,168.0,7,11,326013,1085,False,False,True,False,False,True,False,False,False,True,3
Платформа обработки #3232,Связь,Муниципальный,Субъект РФ,Средняя,25510,7,32093560,168.0,5,6,12516,2122,False,True,False,False,False,False,False,True,True,False,1
Сервис аналитики #3233,Энергетика,Региональный,Вся страна,Средняя,258088,59,473622,72.0,4,10,165266,4191,False,True,False,False,True,False,True,False,False,False,2
Платформа мониторинга #3234,Здравоохранение,Федеральный,Федеральный округ,Средняя,108904,20,5978048,72.0,15,20,137373,1640,True,False,True,True,False,False,False,True,False,True,3
ИС управления #3235,Связь,Региональный,Один город,Высокая,71774,2,111962408,12.0,6,15,83238,2518,True,False,True,False,False,False,True,False,True,True,3
Сеть мониторинга #3236,Связь,Объектовый,Вся страна,Высокая,2191,51,96260739,12.0,4,4,1581,583,True,True,False,False,False,False,False,True,True,False,1
Платформа мониторинга #3237,Транспорт,Муниципальный,Несколько муниципалитетов,Средняя,86753,3,1647633,24.0,7,9,126748,330,False,True,False,True,False,False,True,True,False,False,2
Сеть мониторинга #3238,Энергетика,Муниципальный,Один город,Средняя,5289,4,13674413,48.0,3,10,2203,201,False,True,False,False,True,False,False,False,False,False,0
Сервис обработки #3239,Здравоохранение,Объектовый,Один город,Низкая,3757,3,113518,168.0,3,7,565,239,True,False,False,True,False,False,False,False,True,False,1
ИС управления #3240,Связь,Объектовый,Федеральный округ,Низкая,126,22,158927,48.0,3,1,169,702,True,False,False,False,False,False,False,False,True,False,0
АСУ ТП передачи #3241,Энергетика,Региональный,Федеральный округ,Низкая,55709,24,124782,72.0,7,7,60620,2974,False,True,False,False,True,False,False,False,False,False,1
АСУ ТП аналитики #3242,Топливная промышленность,Федеральный,Федеральный округ,Высокая,404153,11,62775843,8.0,14,13,473961,5194,True,True,False,False,True,False,True,False,False,False,3
Сервис обработки #3243,Транспорт,Объектовый,Федеральный округ,Средняя,2700,23,4652451,48.0,2,6,918,192,True,True,False,True,False,False,True,True,False,False,2
Платформа управления #3244,Здравоохранение,Объектовый,Вся страна,Высокая,365,74,10706223,8.0,3,4,484,320,True,False,False,True,True,False,False,False,False,False,2
Портал обработки #3245,Топливная промышленность,Региональный,Субъект РФ,Низкая,414485,1,670465,72.0,11,22,554680,1867,False,True,True,False,True,False,False,False,False,True,2
АСУ ТП аналитики #3246,Энергетика,Федеральный,Вся страна,Высокая,103348,86,22644614,8.0,19,24,88146,914,True,True,False,False,True,False,False,False,False,False,2
Портал передачи #3247,Топливная промышленность,Муниципальный,Несколько муниципалитетов,Критическая,19426,4,188739605,2.0,7,8,24607,298,True,True,False,True,True,False,False,False,False,False,3
ИС управления #3248,Наука,Муниципальный,Вся страна,Низкая,31675,57,179912,168.0,4,3,25408,494,True,False,False,False,False,False,False,False,False,False,1
ИС хранения #3249,Здравоохранение,Объектовый,Несколько муниципалитетов,Высокая,4103,3,65737875,4.0,2,4,5769,70,True,True,False,True,False,False,False,False,False,False,2
Платформа передачи #3250,Топливная промышленность,Муниципальный,Несколько муниципалитетов,Низкая,6312,1,28677,24.0,5,12,7856,331,True,True,False,False,True,False,False,False,False,False,1
Платформа обработки #3251,Транспорт,Муниципальный,Несколько муниципалитетов,Средняя,58208,4,801171,48.0,9,10,72337,649,False,True,False,True,False,False,True,True,False,False,2
Портал аналитики #3252,Наука,Региональный,Федеральный округ,Средняя,14703,10,337100,72.0,10,15,14859,1778,False,True,False,False,False,False,True,False,False,False,1
Сеть хранения #3253,Топливная промышленность,Региональный,Субъект РФ,Высокая,186614,4,63562257,24.0,9,26,67290,451,True,True,False,False,True,False,True,False,True,False,2
ИС обработки #3254,Транспорт,Муниципальный,Несколько муниципалитетов,Критическая,35164,2,20705097,0.5,2,6,27670,208,True,True,False,True,False,False,True,True,False,False,3
АСУ ТП передачи #3255,Транспорт,Объектовый,Федеральный округ,Высокая,2422,11,31657770,8.0,3,3,420,63,True,True,False,True,False,False,True,True,True,False,2
Сервис хранения #3256,Транспорт,Региональный,Несколько муниципалитетов,Критическая,66435,3,63141818,2.0,12,23,20888,3526,True,True,False,True,False,False,True,True,False,False,3
Сеть аналитики #3257,Государственное управление,Муниципальный,Несколько муниципалитетов,Средняя,24495,4,5024650,168.0,1,8,13661,254,False,False,True,False,True,False,True,False,True,False,1
Система управления #3258,Оборонная промышленность,Объектовый,Вся страна,Высокая,2857,54,21935892,4.0,3,4,355,262,True,False,False,False,False,True,False,False,False,True,2
АСУ ТП обработки #3259,Здравоохранение,Объектовый,Субъект РФ,Высокая,2835,5,133506053,4.0,3,5,1477,1473,True,False,False,True,False,False,True,False,False,False,2
Сеть управления #3260,Здравоохранение,Объектовый,Вся страна,Высокая,1099,77,1104174799,4.0,1,7,1083,40,True,True,False,True,False,False,False,False,False,False,3
Портал мониторинга #3261,Связь,Федеральный,Несколько муниципалитетов,Высокая,750720,4,13684778,8.0,11,18,435604,1182,True,False,True,False,False,False,False,False,True,True,3
ИС обработки #3262,Транспорт,Региональный,Федеральный округ,Средняя,68687,26,454360,24.0,7,17,93788,89,False,True,False,True,False,False,True,True,False,False,3
ИС аналитики #3263,Связь,Федеральный,Федеральный округ,Высокая,177835,22,8335718,8.0,5,15,166541,4261,True,False,False,False,False,False,False,False,True,False,2
ИС управления #3264,Наука,Федеральный,Один город,Низкая,162078,3,201352,48.0,15,15,208478,5242,True,False,False,False,False,False,False,True,False,False,1
ИС хранения #3265,Энергетика,Региональный,Федеральный округ,Средняя,281386,11,19095074,168.0,3,8,56021,3673,False,True,False,False,True,False,False,True,False,False,1
Портал хранения #3266,Наука,Объектовый,Один город,Средняя,2232,2,2151246,72.0,1,7,2201,565,True,True,True,False,False,False,False,True,False,True,1
ИС передачи #3267,Связь,Объектовый,Несколько муниципалитетов,Критическая,501,3,38693788,2.0,4,8,180,615,True,True,False,True,False,False,False,False,True,False,2
АСУ ТП обработки #3268,Наука,Региональный,Субъект РФ,Средняя,247955,1,3043505,72.0,6,18,303624,2105,False,False,True,False,False,False,False,False,False,True,2
Система обработки #3269,Здравоохранение,Федеральный,Один город,Высокая,211915,2,419871647,12.0,10,19,220721,507,True,False,False,True,True,False,False,False,False,False,3
Сервис передачи #3270,Энергетика,Муниципальный,Субъект РФ,Средняя,43106,4,22012627,168.0,6,13,9747,280,False,True,False,False,True,False,False,False,False,False,1
АСУ ТП мониторинга #3271,Транспорт,Муниципальный,Вся страна,Критическая,89625,67,24112798,0.5,2,14,70077,1807,True,True,False,True,False,False,True,True,False,False,3
Платформа управления #3272,Топливная промышленность,Муниципальный,Федеральный округ,Средняя,9237,12,910514,24.0,1,19,6737,606,False,True,False,False,True,False,False,False,False,False,1
Сервис мониторинга #3273,Государственное управление,Федеральный,Один город,Критическая,1348220,4,39167623,2.0,14,18,529041,2355,True,False,True,True,False,False,True,False,False,True,3
Система передачи #3274,Связь,Региональный,Один город,Высокая,231008,4,334546433,8.0,11,14,236039,1808,True,False,False,False,False,False,False,False,True,False,2
Система хранения #3275,Государственное управление,Федеральный,Субъект РФ,Высокая,1522254,6,88485592,12.0,12,4,2229592,1885,True,False,True,False,False,True,True,False,False,True,3
Сеть аналитики #3276,Наука,Объектовый,Вся страна,Высокая,2822,55,152727896,24.0,5,5,3900,518,True,True,False,False,True,False,False,False,False,False,2
Система управления #3277,Транспорт,Региональный,Субъект РФ,Низкая,213182,3,111333,24.0,8,17,168360,670,False,True,False,True,False,False,True,True,False,False,3
АСУ ТП аналитики #3278,Государственное управление,Объектовый,Вся страна,Средняя,1434,56,134221,72.0,3,6,1359,325,True,False,True,False,False,True,True,True,False,True,2
ИС хранения #3279,Топливная промышленность,Объектовый,Федеральный округ,Критическая,565,12,39532137,1.0,3,5,483,229,True,True,False,True,True,False,False,False,False,False,2
Система передачи #3280,Государственное управление,Региональный,Субъект РФ,Высокая,380540,9,26918646,8.0,10,18,155874,2156,True,False,True,False,False,True,True,False,False,False,3
Платформа обработки #3281,Связь,Муниципальный,Федеральный округ,Средняя,74520,16,14782120,24.0,4,11,22949,3209,False,False,False,False,False,False,False,False,True,False,1
Сеть мониторинга #3282,Банковская сфера,Объектовый,Вся страна,Критическая,1632,77,26283867,0.5,2,5,339,664,True,False,True,True,False,False,False,False,False,True,3
Система аналитики #3283,Транспорт,Региональный,Один город,Средняя,193166,4,82139,24.0,2,20,179554,3290,False,True,False,True,False,False,True,True,False,False,3
Портал управления #3284,Наука,Муниципальный,Вся страна,Средняя,28230,83,1288961,24.0,8,9,26848,2716,False,False,False,False,False,False,False,True,False,False,1
ИС хранения #3285,Здравоохранение,Региональный,Федеральный округ,Средняя,158518,13,3488497,24.0,8,7,147142,525,False,False,False,True,False,False,False,False,False,False,2
Портал мониторинга #3286,Банковская сфера,Объектовый,Федеральный округ,Высокая,243,13,32286328,4.0,2,5,295,842,True,False,False,False,False,False,False,False,False,True,1
Сеть хранения #3287,Банковская сфера,Региональный,Субъект РФ,Средняя,250349,4,17859381,72.0,9,14,145459,216,True,False,False,False,False,False,False,False,False,True,2
Сервис аналитики #3288,Топливная промышленность,Региональный,Вся страна,Низкая,94791,67,655452,168.0,7,8,111118,569,False,True,False,False,True,False,False,True,False,False,1
Система управления #3289,Банковская сфера,Муниципальный,Федеральный округ,Средняя,14248,28,1869026,72.0,6,10,4158,536,False,False,False,False,False,False,False,False,False,True,1
ИС передачи #3290,Банковская сфера,Муниципальный,Субъект РФ,Средняя,15519,4,4891735,24.0,3,14,9129,87,False,False,False,False,False,False,False,False,False,True,1
АСУ ТП мониторинга #3291,Транспорт,Объектовый,Вся страна,Низкая,2984,63,84093,48.0,2,6,1735,389,False,True,False,True,False,False,True,True,False,False,2
Сеть хранения #3292,Государственное управление,Региональный,Федеральный округ,Низкая,317993,20,84881,48.0,7,9,169979,3625,True,False,True,False,True,False,True,False,True,True,2
Сервис передачи #3293,Транспорт,Федеральный,Федеральный округ,Высокая,406588,23,401155663,12.0,14,13,471522,3647,True,True,False,True,False,False,True,True,False,False,3
Портал обработки #3294,Транспорт,Объектовый,Субъект РФ,Средняя,837,9,6519917,48.0,4,6,618,317,True,True,False,True,False,False,True,True,False,False,2
ИС мониторинга #3295,Банковская сфера,Муниципальный,Вся страна,Средняя,83983,71,493456,72.0,9,12,118106,512,True,False,False,False,False,False,False,False,False,True,2
Сервис обработки #3296,Государственное управление,Объектовый,Субъект РФ,Низкая,1245,3,109986,168.0,2,4,1191,1129,False,False,True,False,True,True,True,False,False,True,2
Сеть мониторинга #3297,Топливная промышленность,Объектовый,Субъект РФ,Низкая,2291,4,226766,24.0,3,6,1652,196,False,True,False,False,True,False,False,False,False,False,0
АСУ ТП мониторинга #3298,Оборонная промышленность,Региональный,Субъект РФ,Высокая,72704,1,288790476,24.0,5,20,41551,3553,True,False,False,False,True,True,False,False,True,True,3
Платформа передачи #3299,Наука,Региональный,Субъект РФ,Высокая,321495,8,191592818,8.0,10,13,149089,188,True,False,False,False,False,False,False,False,False,False,2
Портал аналитики #3300,Оборонная промышленность,Федеральный,Один город,Низкая,158877,2,2454090,24.0,12,24,123632,1500,True,False,False,False,False,True,False,True,False,True,3
Сервис передачи #3301,Банковская сфера,Объектовый,Один город,Низкая,1954,2,321680,72.0,2,4,2756,129,False,False,False,False,False,False,False,False,False,False,0
Сеть мониторинга #3302,Топливная промышленность,Региональный,Один город,Средняя,282909,1,500373,168.0,10,18,295760,151,False,True,False,False,True,False,False,False,False,False,1
Платформа хранения #3303,Транспорт,Муниципальный,Вся страна,Высокая,5371,88,85406757,4.0,6,8,2952,2247,True,True,True,True,False,False,True,True,False,True,3
Платформа мониторинга #3304,Оборонная промышленность,Муниципальный,Один город,Критическая,50216,1,901018713,1.0,6,4,30906,595,True,False,False,False,False,True,False,False,False,True,3
ИС передачи #3305,Топливная промышленность,Объектовый,Вся страна,Низкая,1324,52,354103,48.0,2,2,544,575,False,True,False,False,True,False,True,False,False,False,1
Портал передачи #3306,Наука,Региональный,Федеральный округ,Низкая,97325,29,66862,168.0,8,19,44242,1472,False,True,False,False,False,False,False,False,False,False,1
Сервис передачи #3307,Наука,Муниципальный,Федеральный округ,Средняя,13838,26,1260011,24.0,6,7,19311,2291,False,False,False,False,False,False,False,False,False,False,1
АСУ ТП передачи #3308,Транспорт,Объектовый,Субъект РФ,Низкая,1162,5,1239241,72.0,2,7,651,59,False,True,True,True,False,False,True,True,False,True,2
Портал аналитики #3309,Оборонная промышленность,Региональный,Один город,Высокая,392985,4,36873956,24.0,11,10,260688,3354,True,False,False,False,False,False,True,False,False,True,2
Система передачи #3310,Топливная промышленность,Региональный,Федеральный округ,Низкая,94060,11,63034,168.0,10,19,63219,3075,False,True,False,False,True,False,True,False,False,False,1
Платформа передачи #3311,Топливная промышленность,Региональный,Субъект РФ,Низкая,14682,1,64600,168.0,11,16,8264,1205,False,True,False,False,True,False,False,False,False,False,1
АСУ ТП мониторинга #3312,Банковская сфера,Федеральный,Несколько муниципалитетов,Средняя,313440,2,2950203,72.0,17,27,425705,905,False,False,False,False,False,False,False,False,False,True,2
ИС хранения #3313,Топливная промышленность,Муниципальный,Несколько муниципалитетов,Средняя,5935,2,313795,48.0,5,11,5982,1665,True,True,False,False,True,False,False,False,False,False,1
АСУ ТП хранения #3314,Транспорт,Объектовый,Несколько муниципалитетов,Средняя,2180,2,5914693,72.0,3,7,2074,628,True,True,False,True,False,False,True,True,False,False,2
Сеть передачи #3315,Транспорт,Федеральный,Субъект РФ,Средняя,685107,4,1985119,72.0,8,18,718844,2856,False,True,False,True,False,False,True,True,False,False,3
Система передачи #3316,Топливная промышленность,Объектовый,Федеральный округ,Высокая,417,10,21084204,4.0,3,5,462,422,True,True,False,False,True,False,False,False,False,False,1
Портал аналитики #3317,Государственное управление,Муниципальный,Несколько муниципалитетов,Высокая,2124,4,21756338,4.0,4,10,1208,352,True,False,True,False,False,True,True,False,True,True,3
АСУ ТП аналитики #3318,Энергетика,Федеральный,Один город,Высокая,742277,4,7808474,8.0,13,15,1047280,2711,True,True,False,False,True,False,False,True,False,False,2
Система мониторинга #3319,Государственное управление,Региональный,Несколько муниципалитетов,Высокая,394915,1,119012077,12.0,8,15,419290,3822,True,False,True,False,False,True,True,False,False,True,3
Сервис аналитики #3320,Оборонная промышленность,Региональный,Один город,Низкая,66872,2,55759,72.0,5,9,11392,1440,False,False,False,False,False,True,False,False,False,True,1
ИС управления #3321,Оборонная промышленность,Региональный,Вся страна,Средняя,400801,88,12039699,168.0,10,11,280481,1745,False,False,True,False,False,False,False,False,False,True,2
Платформа управления #3322,Оборонная промышленность,Муниципальный,Один город,Высокая,69627,2,176386063,8.0,8,9,19573,1569,True,True,False,False,False,True,False,False,False,True,3
АСУ ТП хранения #3323,Топливная промышленность,Региональный,Федеральный округ,Средняя,22983,24,1150565,48.0,11,4,23208,3597,True,True,False,False,True,False,False,False,False,False,1
Сервис передачи #3324,Топливная промышленность,Региональный,Федеральный округ,Высокая,141985,12,65854578,24.0,8,28,176167,3132,True,True,False,False,True,False,True,False,False,False,2
Портал аналитики #3325,Наука,Объектовый,Вся страна,Критическая,1737,88,135707511,4.0,3,5,638,992,True,True,False,True,False,False,False,False,False,False,3
Сервис управления #3326,Здравоохранение,Объектовый,Несколько муниципалитетов,Высокая,2238,4,2860494,24.0,2,4,2333,802,True,True,False,True,False,False,False,False,False,False,2
Сеть мониторинга #3327,Банковская сфера,Объектовый,Федеральный округ,Низкая,669,22,120529,72.0,3,3,930,1145,True,False,False,False,False,False,True,False,False,True,1
Сервис обработки #3328,Топливная промышленность,Муниципальный,Субъект РФ,Средняя,25533,1,3323154,24.0,6,9,6715,546,True,True,False,False,True,False,True,False,False,False,1
Система мониторинга #3329,Транспорт,Муниципальный,Федеральный округ,Критическая,54494,28,163774613,2.0,6,5,49450,622,True,True,False,True,False,False,True,True,False,False,3
ИС мониторинга #3330,Энергетика,Муниципальный,Субъект РФ,Критическая,4830,8,2327239,0.5,5,10,5339,80,True,True,False,False,True,False,False,False,False,False,1
Система аналитики #3331,Транспорт,Региональный,Несколько муниципалитетов,Высокая,17103,2,76694855,8.0,7,16,1851,3476,True,True,False,True,False,False,True,True,False,False,3
Портал управления #3332,Топливная промышленность,Объектовый,Вся страна,Низкая,1665,78,484485,48.0,2,4,2407,165,False,True,False,False,True,False,False,False,False,False,1
Сервис аналитики #3333,Транспорт,Региональный,Субъект РФ,Критическая,309356,2,123984864,0.5,4,13,118361,188,True,True,False,True,False,False,True,True,False,False,3
АСУ ТП мониторинга #3334,Энергетика,Объектовый,Вся страна,Средняя,1331,77,2632934,24.0,2,4,787,792,False,True,True,False,True,False,False,False,False,True,2
Платформа хранения #3335,Банковская сфера,Региональный,Федеральный округ,Средняя,217947,25,999040,24.0,8,12,319771,1931,False,False,False,False,False,False,False,False,False,True,2
Сервис передачи #3336,Связь,Региональный,Федеральный округ,Низкая,92072,29,488079,48.0,7,15,94628,997,False,False,False,False,False,False,False,False,True,False,1
Платформа мониторинга #3337,Наука,Региональный,Один город,Средняя,385748,4,3227533,48.0,7,24,381056,3662,False,True,False,False,False,False,False,False,False,False,1
Система мониторинга #3338,Связь,Региональный,Вся страна,Высокая,225217,78,40965054,8.0,10,5,142826,1240,True,True,False,False,False,False,False,False,True,False,2
Система мониторинга #3339,Банковская сфера,Региональный,Один город,Средняя,37086,2,473829,48.0,7,20,45829,382,False,True,False,False,False,False,False,False,False,True,1
Сервис аналитики #3340,Транспорт,Федеральный,Вся страна,Средняя,877715,51,17672835,168.0,17,25,393433,751,False,True,False,True,False,False,True,True,False,False,3
ИС управления #3341,Наука,Муниципальный,Один город,Средняя,25118,1,1300827,24.0,4,11,31674,254,False,False,False,False,False,False,False,False,False,False,0
Сервис обработки #3342,Оборонная промышленность,Региональный,Несколько муниципалитетов,Высокая,72475,3,105331414,24.0,11,22,30562,775,True,True,False,False,False,True,False,False,False,False,3
ИС аналитики #3343,Связь,Муниципальный,Субъект РФ,Низкая,5630,5,165486,48.0,4,15,2018,617,False,False,False,False,False,False,False,False,True,False,0
ИС обработки #3344,Наука,Региональный,Субъект РФ,Средняя,403841,2,678139,24.0,10,16,139447,1515,False,False,False,False,False,False,False,False,False,False,1
Сервис мониторинга #3345,Наука,Объектовый,Один город,Высокая,4878,4,284382046,12.0,1,4,7152,548,True,False,True,False,False,False,False,False,False,True,2
АСУ ТП передачи #3346,Топливная промышленность,Объектовый,Один город,Средняя,3797,1,8131939,48.0,3,4,3709,1301,False,True,True,False,True,False,False,False,False,True,1
Сеть передачи #3347,Транспорт,Объектовый,Субъект РФ,Средняя,434,4,4729472,168.0,2,7,121,17,False,True,False,True,False,False,True,True,False,False,1
АСУ ТП аналитики #3348,Банковская сфера,Объектовый,Федеральный округ,Низкая,616,11,584262,48.0,1,7,116,417,False,True,False,False,False,False,True,False,True,True,1
ИС аналитики #3349,Банковская сфера,Объектовый,Несколько муниципалитетов,Средняя,507,3,1283077,24.0,2,5,656,88,True,False,False,False,False,False,False,False,False,True,1
Система хранения #3350,Банковская сфера,Муниципальный,Несколько муниципалитетов,Низкая,9302,1,470038,72.0,4,12,8564,1788,True,False,False,False,False,False,False,False,False,True,1
АСУ ТП передачи #3351,Банковская сфера,Региональный,Субъект РФ,Критическая,127248,9,16689082,4.0,8,17,42425,795,True,False,False,True,False,False,False,False,True,True,3
Сервис обработки #3352,Наука,Муниципальный,Один город,Высокая,73757,1,90882390,8.0,7,10,71213,996,True,True,True,False,True,False,False,True,False,True,2
АСУ ТП мониторинга #3353,Транспорт,Федеральный,Вся страна,Высокая,960508,51,77139428,12.0,11,16,979623,853,True,True,False,True,False,False,True,True,False,False,3
Система передачи #3354,Оборонная промышленность,Муниципальный,Вся страна,Низкая,17777,75,145673,24.0,10,11,21839,1431,False,False,False,False,False,True,False,False,False,True,2
Сервис аналитики #3355,Энергетика,Региональный,Субъект РФ,Критическая,59354,1,627238681,4.0,11,16,84085,310,True,True,False,False,True,False,False,False,False,False,3
Сервис управления #3356,Топливная промышленность,Муниципальный,Федеральный округ,Высокая,52504,28,39275319,4.0,2,14,38083,2121,True,True,False,False,True,False,False,False,False,False,2
Сеть управления #3357,Связь,Региональный,Несколько муниципалитетов,Средняя,155717,3,1878075,168.0,7,11,128496,2486,False,False,False,False,False,False,False,False,True,False,1
Портал мониторинга #3358,Транспорт,Региональный,Один город,Низкая,46294,3,31896,24.0,13,21,31699,1751,False,True,False,True,False,False,True,True,False,False,2
АСУ ТП мониторинга #3359,Здравоохранение,Объектовый,Несколько муниципалитетов,Высокая,1937,1,112526285,24.0,3,3,2518,847,True,False,False,True,True,False,False,False,False,False,2
Система мониторинга #3360,Связь,Региональный,Федеральный округ,Средняя,270148,14,1585259,168.0,10,17,80080,756,False,False,False,False,False,False,False,False,True,False,1
Платформа передачи #3361,Связь,Муниципальный,Субъект РФ,Средняя,14336,6,239777,168.0,7,16,15357,718,False,False,False,False,False,False,False,False,True,False,1
ИС хранения #3362,Банковская сфера,Объектовый,Субъект РФ,Средняя,2611,8,2176574,24.0,4,4,3014,842,True,False,False,False,False,False,False,False,False,True,1
Система хранения #3363,Банковская сфера,Объектовый,Вся страна,Высокая,4642,51,61283479,8.0,1,7,2352,172,True,False,True,False,False,False,False,False,False,True,2
Портал обработки #3364,Связь,Объектовый,Субъект РФ,Высокая,3117,8,18258725,4.0,3,3,4141,268,True,False,False,False,True,False,False,False,True,False,1
Сеть управления #3365,Оборонная промышленность,Объектовый,Вся страна,Низкая,1476,75,246376,168.0,1,4,1520,433,False,False,False,False,False,False,False,True,False,True,1
Платформа мониторинга #3366,Здравоохранение,Муниципальный,Один город,Критическая,21278,2,211333116,1.0,4,15,13029,2335,True,False,False,True,False,False,False,False,False,False,3
Система обработки #3367,Топливная промышленность,Региональный,Федеральный округ,Средняя,286541,27,748551,72.0,9,11,381465,2277,False,True,False,False,True,False,False,False,False,False,2
Сервис передачи #3368,Энергетика,Муниципальный,Субъект РФ,Средняя,84529,8,32173260,24.0,6,11,102379,1127,False,True,False,False,True,False,False,False,False,False,2
АСУ ТП мониторинга #3369,Связь,Федеральный,Вся страна,Средняя,1688453,73,1049420,72.0,12,19,2375566,5692,False,False,False,False,False,False,False,False,True,False,2
ИС мониторинга #3370,Транспорт,Объектовый,Федеральный округ,Средняя,2150,14,6806638,168.0,2,4,2860,47,False,True,False,True,False,False,True,True,False,False,2
АСУ ТП передачи #3371,Энергетика,Федеральный,Субъект РФ,Критическая,930751,4,50858451,4.0,10,26,1137383,1654,True,True,False,False,True,True,False,False,False,True,3
АСУ ТП хранения #3372,Топливная промышленность,Федеральный,Несколько муниципалитетов,Высокая,1002197,1,125953774,12.0,14,24,241807,404,True,True,False,False,True,False,False,False,False,False,3
Портал аналитики #3373,Энергетика,Региональный,Один город,Средняя,257879,4,18844480,72.0,9,13,199535,271,False,True,False,False,True,False,False,True,False,False,2
Система обработки #3374,Топливная промышленность,Региональный,Вся страна,Высокая,142747,73,17554939,8.0,7,10,30969,1935,True,True,False,False,True,False,False,False,False,False,2
ИС управления #3375,Здравоохранение,Объектовый,Федеральный округ,Средняя,386,17,9135925,72.0,4,4,462,172,False,True,False,True,False,False,False,False,False,False,1
Система мониторинга #3376,Транспорт,Региональный,Несколько муниципалитетов,Низкая,236985,3,82357,168.0,5,11,85579,545,False,True,False,True,False,False,True,True,False,False,2
Платформа управления #3377,Государственное управление,Объектовый,Федеральный округ,Высокая,2787,10,32603436,24.0,4,9,2727,392,True,True,True,False,True,True,True,False,False,True,3
Сервис управления #3378,Государственное управление,Объектовый,Федеральный округ,Средняя,2927,12,12262936,168.0,1,4,2594,622,False,False,True,False,False,True,True,False,False,True,2
Платформа управления #3379,Банковская сфера,Региональный,Вся страна,Критическая,38351,75,9662315,2.0,8,11,54305,369,True,False,False,False,False,False,False,False,False,True,2
Платформа обработки #3380,Государственное управление,Объектовый,Федеральный округ,Низкая,2339,29,182570,24.0,5,4,547,712,True,True,True,False,True,False,True,False,False,True,2
ИС управления #3381,Энергетика,Региональный,Один город,Средняя,234401,1,6285155,72.0,7,17,166534,3227,True,True,False,False,True,False,False,False,False,False,2
Система хранения #3382,Наука,Муниципальный,Несколько муниципалитетов,Высокая,16216,2,9267344,24.0,4,10,13549,2276,True,False,False,False,False,False,False,False,False,False,0
Сеть мониторинга #3383,Здравоохранение,Муниципальный,Несколько муниципалитетов,Низкая,43581,3,144003,168.0,2,8,54230,780,False,False,False,True,False,False,False,False,False,False,1
Сеть аналитики #3384,Энергетика,Региональный,Несколько муниципалитетов,Низкая,180134,2,101123,48.0,13,11,45738,3111,True,True,True,False,True,False,True,False,False,False,2
Система мониторинга #3385,Здравоохранение,Объектовый,Вся страна,Низкая,3260,77,120338,24.0,3,4,3853,690,False,False,False,True,False,False,False,False,False,False,1
Система управления #3386,Транспорт,Объектовый,Один город,Средняя,2085,1,2117630,48.0,3,1,299,1125,False,True,False,True,False,False,True,True,False,False,1
Сервис мониторинга #3387,Связь,Региональный,Вся страна,Высокая,137165,81,124494357,8.0,11,4,87419,1390,True,False,False,False,False,False,False,False,True,False,2
Система обработки #3388,Здравоохранение,Муниципальный,Федеральный округ,Средняя,39853,13,1933489,24.0,3,9,54735,1653,False,False,False,True,False,False,True,False,True,False,2
Сервис управления #3389,Транспорт,Региональный,Вся страна,Средняя,320426,61,1511014,168.0,9,20,264499,4201,False,True,False,True,False,False,True,True,False,False,3
Система управления #3390,Оборонная промышленность,Муниципальный,Федеральный округ,Высокая,80037,12,54387933,24.0,7,14,58144,913,True,False,False,False,False,True,True,False,False,True,3
Портал передачи #3391,Оборонная промышленность,Муниципальный,Федеральный округ,Низкая,45547,12,86693,168.0,6,14,40401,2725,False,False,False,False,False,True,False,False,False,True,2
Сеть передачи #3392,Здравоохранение,Муниципальный,Субъект РФ,Низкая,17548,1,397529,24.0,6,7,25055,268,True,False,False,True,False,False,True,False,True,False,2
Портал мониторинга #3393,Энергетика,Муниципальный,Несколько муниципалитетов,Средняя,33626,1,3633892,72.0,5,6,41725,643,False,True,False,False,True,False,False,False,False,False,0
Сеть передачи #3394,Связь,Региональный,Федеральный округ,Средняя,22035,21,1115329,24.0,10,16,14579,313,False,False,False,False,True,False,False,True,True,False,1
Система управления #3395,Банковская сфера,Объектовый,Несколько муниципалитетов,Высокая,2304,3,20633811,4.0,3,3,3350,346,True,False,False,False,False,False,False,False,False,True,1
Сеть управления #3396,Связь,Муниципальный,Федеральный округ,Высокая,4214,21,8427118,8.0,9,5,926,1940,True,False,False,False,False,False,False,True,True,False,1
Платформа мониторинга #3397,Транспорт,Муниципальный,Один город,Высокая,43719,1,69018254,8.0,6,12,34933,1129,True,True,False,True,False,False,True,True,True,False,3
Портал аналитики #3398,Транспорт,Объектовый,Один город,Высокая,2565,4,1615848253,4.0,2,3,362,867,True,True,False,True,False,False,True,True,False,False,3
АСУ ТП мониторинга #3399,Банковская сфера,Федеральный,Вся страна,Высокая,487056,85,41727142,4.0,13,24,455728,178,True,False,False,False,True,False,False,False,False,False,3
Сеть аналитики #3400,Топливная промышленность,Региональный,Вся страна,Высокая,102167,62,28177003,24.0,2,21,137164,880,True,True,False,False,True,False,False,False,False,False,2
Сеть аналитики #3401,Здравоохранение,Муниципальный,Федеральный округ,Средняя,20399,27,3019174,72.0,6,11,9928,1097,False,False,False,True,True,False,False,False,False,False,2
Сервис обработки #3402,Связь,Региональный,Несколько муниципалитетов,Средняя,102538,4,72159088,72.0,9,10,74872,831,False,False,False,False,False,False,False,False,True,False,1
Система аналитики #3403,Энергетика,Региональный,Несколько муниципалитетов,Критическая,407087,4,7933238,2.0,6,11,129999,1546,True,True,True,True,True,False,True,True,False,True,3
Система обработки #3404,Топливная промышленность,Объектовый,Субъект РФ,Средняя,317,3,3977446,72.0,3,3,427,1319,False,True,False,False,True,False,True,False,False,False,0
АСУ ТП управления #3405,Топливная промышленность,Объектовый,Субъект РФ,Средняя,2672,1,1578178,24.0,3,4,289,728,True,True,False,False,True,False,False,False,False,False,1
Портал мониторинга #3406,Государственное управление,Объектовый,Один город,Высокая,2846,4,24219974,4.0,4,5,866,587,True,False,True,False,False,True,True,False,False,True,3
Система аналитики #3407,Банковская сфера,Федеральный,Субъект РФ,Высокая,387814,9,26495435,4.0,10,22,302431,627,True,True,False,False,False,False,False,True,False,True,3
Сеть мониторинга #3408,Здравоохранение,Муниципальный,Несколько муниципалитетов,Критическая,84671,1,89564628,2.0,4,5,37615,2451,True,False,False,True,False,False,False,False,False,False,2
АСУ ТП передачи #3409,Банковская сфера,Региональный,Один город,Высокая,204717,3,142243231,12.0,11,18,196968,272,True,False,False,False,False,False,False,False,False,True,2
Сервис передачи #3410,Энергетика,Муниципальный,Субъект РФ,Средняя,34996,4,2032462,24.0,8,10,6684,1377,False,True,True,False,True,False,False,False,True,True,2
Сервис хранения #3411,Топливная промышленность,Объектовый,Вся страна,Средняя,561,83,1582252,168.0,1,3,245,330,False,True,False,False,True,False,False,False,False,False,1
ИС передачи #3412,Здравоохранение,Региональный,Один город,Средняя,58963,3,1614334,48.0,7,13,74919,1176,False,False,False,True,False,False,False,False,False,False,2
ИС передачи #3413,Государственное управление,Региональный,Федеральный округ,Средняя,263512,26,4451861,24.0,11,11,148772,569,True,False,True,False,False,True,True,False,False,True,3
Платформа мониторинга #3414,Здравоохранение,Муниципальный,Федеральный округ,Высокая,24388,20,356361237,4.0,3,7,3570,2025,True,False,False,True,False,False,True,False,False,False,3
Платформа управления #3415,Здравоохранение,Федеральный,Субъект РФ,Низкая,296548,5,492076,24.0,6,7,391169,935,False,False,False,True,False,False,False,False,False,False,2
АСУ ТП обработки #3416,Государственное управление,Муниципальный,Несколько муниципалитетов,Высокая,47831,3,72534879,12.0,7,12,5147,837,True,False,True,False,False,True,True,False,False,True,3
Платформа управления #3417,Энергетика,Региональный,Несколько муниципалитетов,Высокая,64595,1,17923857,4.0,16,13,94609,2842,True,True,False,False,True,False,False,False,False,False,2
Система управления #3418,Оборонная промышленность,Муниципальный,Один город,Критическая,10221,1,149114651,2.0,8,9,6832,1320,True,False,False,False,False,True,False,False,False,True,3
АСУ ТП управления #3419,Наука,Региональный,Федеральный округ,Средняя,391109,25,915373,168.0,10,13,423687,665,True,True,False,False,False,False,False,False,False,False,2
Сеть аналитики #3420,Транспорт,Региональный,Федеральный округ,Средняя,297195,18,1557500,72.0,8,18,343895,2273,True,True,False,True,False,False,True,True,False,False,3
Портал управления #3421,Связь,Региональный,Один город,Низкая,168378,4,21279,168.0,7,13,38451,4088,False,True,False,False,False,False,True,False,True,False,1
ИС мониторинга #3422,Связь,Муниципальный,Несколько муниципалитетов,Средняя,24254,1,11933784,24.0,1,6,23541,980,False,False,False,False,True,False,False,True,True,False,0
АСУ ТП аналитики #3423,Государственное управление,Федеральный,Один город,Средняя,860705,4,12898653,48.0,9,22,451229,3515,False,False,True,False,False,False,True,True,False,True,2
Сервис мониторинга #3424,Оборонная промышленность,Региональный,Субъект РФ,Высокая,69061,7,35777305,4.0,7,6,61889,2579,True,False,False,False,True,False,False,False,False,True,2
Портал обработки #3425,Оборонная промышленность,Объектовый,Вся страна,Низкая,3940,86,28575,72.0,4,1,1047,383,True,False,False,False,False,True,False,False,False,True,2
Система управления #3426,Связь,Региональный,Несколько муниципалитетов,Средняя,203354,3,3939360,24.0,8,11,20891,172,True,False,False,False,False,False,False,False,True,False,1
Сервис обработки #3427,Связь,Объектовый,Федеральный округ,Высокая,3066,17,56565656,4.0,3,3,746,312,True,False,False,False,False,False,False,False,True,False,1
АСУ ТП обработки #3428,Государственное управление,Объектовый,Федеральный округ,Низкая,2548,12,396318,72.0,2,4,2377,304,True,False,True,False,False,True,True,False,True,True,2
АСУ ТП обработки #3429,Транспорт,Объектовый,Субъект РФ,Низкая,4373,4,2280965,24.0,2,4,911,211,True,True,False,True,False,False,True,True,False,False,2
ИС мониторинга #3430,Оборонная промышленность,Региональный,Один город,Критическая,107962,4,13665650,4.0,3,12,157545,1112,True,False,False,True,True,False,False,False,False,True,3
ИС аналитики #3431,Связь,Объектовый,Федеральный округ,Средняя,2656,22,8642137,24.0,5,6,1845,707,True,False,False,False,False,False,False,False,True,False,1
Платформа управления #3432,Здравоохранение,Муниципальный,Федеральный округ,Высокая,84945,16,108631279,4.0,5,9,126001,1245,True,False,False,True,False,False,False,False,False,False,3
ИС аналитики #3433,Государственное управление,Региональный,Субъект РФ,Низкая,36914,3,145393,48.0,2,11,7344,546,True,False,True,False,False,True,True,False,False,True,2
АСУ ТП обработки #3434,Топливная промышленность,Объектовый,Субъект РФ,Средняя,2978,4,888112,48.0,3,4,3717,373,False,True,False,False,True,False,False,False,False,False,0
Портал обработки #3435,Здравоохранение,Объектовый,Один город,Высокая,4719,1,378796619,24.0,2,5,5599,83,True,False,False,True,False,False,False,False,False,False,2
Платформа аналитики #3436,Государственное управление,Региональный,Федеральный округ,Высокая,354655,28,5946476,12.0,7,19,145641,875,True,False,True,False,False,True,True,True,False,True,3
ИС передачи #3437,Транспорт,Федеральный,Один город,Критическая,224977,3,105030955,4.0,17,14,334027,364,True,True,False,True,False,True,True,True,False,True,3
Платформа обработки #3438,Энергетика,Региональный,Субъект РФ,Средняя,98847,2,8796061,72.0,8,25,62475,1058,False,True,False,False,True,False,False,False,False,False,1
Портал хранения #3439,Государственное управление,Муниципальный,Субъект РФ,Средняя,6122,5,173055,72.0,5,14,7497,212,False,False,True,False,False,False,True,False,False,True,1
Система обработки #3440,Энергетика,Объектовый,Федеральный округ,Высокая,3294,14,24534845,8.0,2,1,3161,874,True,True,False,False,True,False,False,False,False,False,1
ИС управления #3441,Транспорт,Региональный,Субъект РФ,Высокая,127852,3,23026545,4.0,5,6,165189,3001,True,True,False,True,False,False,True,True,True,False,3
Портал хранения #3442,Наука,Федеральный,Один город,Средняя,1003219,1,482548,48.0,6,26,216918,1698,False,False,False,False,False,False,False,False,False,False,2
ИС аналитики #3443,Транспорт,Объектовый,Субъект РФ,Низкая,837,5,173632,72.0,5,6,503,996,False,True,False,True,False,False,True,True,False,False,1
Сервис аналитики #3444,Энергетика,Федеральный,Субъект РФ,Критическая,309049,1,53539414,2.0,14,27,77068,3706,True,True,False,False,True,False,False,False,False,False,2
АСУ ТП обработки #3445,Топливная промышленность,Региональный,Несколько муниципалитетов,Низкая,191552,1,139147,24.0,8,11,258668,3399,True,True,False,False,True,False,False,False,False,False,2
Сеть передачи #3446,Транспорт,Региональный,Один город,Высокая,93710,4,884788263,8.0,13,1,43572,1836,True,True,False,True,False,False,True,True,False,False,3
Платформа передачи #3447,Государственное управление,Объектовый,Вся страна,Низкая,1842,83,100301,24.0,3,3,257,788,False,False,True,False,False,False,True,False,False,False,1
Платформа аналитики #3448,Топливная промышленность,Объектовый,Несколько муниципалитетов,Высокая,2117,3,238908975,24.0,2,2,3044,108,True,True,False,False,True,False,False,False,False,False,1
ИС хранения #3449,Наука,Региональный,Один город,Низкая,81247,4,491717,48.0,11,14,119008,3302,False,False,False,False,False,False,False,True,False,False,1
Платформа мониторинга #3450,Государственное управление,Региональный,Федеральный округ,Высокая,104041,15,16615500,12.0,5,15,93067,1971,True,False,True,False,False,True,True,False,True,True,3
Сервис обработки #3451,Оборонная промышленность,Региональный,Один город,Средняя,74130,4,1647652,48.0,3,19,20861,700,False,False,False,False,False,True,False,False,False,True,2
ИС обработки #3452,Топливная промышленность,Муниципальный,Субъект РФ,Средняя,24568,8,12736675,168.0,6,6,22089,717,False,True,False,False,True,False,False,False,False,False,1
Сервис мониторинга #3453,Топливная промышленность,Федеральный,Вся страна,Средняя,260931,86,854890,24.0,11,16,52352,3424,False,True,False,False,True,False,False,False,False,False,2
Платформа мониторинга #3454,Наука,Федеральный,Несколько муниципалитетов,Средняя,194089,2,7810211,72.0,16,21,115508,927,False,False,False,False,False,False,False,True,False,False,1
Сеть хранения #3455,Банковская сфера,Объектовый,Один город,Высокая,685,3,52960253,4.0,4,5,861,486,True,True,False,False,False,False,False,False,False,True,2
АСУ ТП обработки #3456,Связь,Региональный,Вся страна,Средняя,342963,75,3300323,24.0,7,18,225746,1530,True,False,False,False,False,False,False,False,True,False,2
ИС управления #3457,Здравоохранение,Объектовый,Один город,Средняя,857,1,3914922,24.0,3,5,291,337,False,False,False,True,False,False,False,False,False,False,1
Платформа передачи #3458,Связь,Региональный,Вся страна,Средняя,489479,81,7028463,24.0,9,17,661799,1974,False,False,False,False,False,False,False,False,True,False,2
АСУ ТП мониторинга #3459,Транспорт,Федеральный,Несколько муниципалитетов,Высокая,896824,3,102855390,8.0,11,18,813695,2164,True,True,False,True,False,False,True,True,True,False,3
Сервис аналитики #3460,Топливная промышленность,Муниципальный,Несколько муниципалитетов,Высокая,3906,1,214848078,4.0,7,5,3988,1570,True,True,False,False,True,False,False,False,False,False,2
Система обработки #3461,Связь,Федеральный,Один город,Средняя,728991,1,35289098,24.0,9,18,746200,2042,True,False,False,False,False,False,True,True,True,False,2
ИС управления #3462,Энергетика,Региональный,Субъект РФ,Критическая,151191,3,332033462,2.0,9,12,187218,936,True,True,False,True,True,False,True,False,False,False,3
Сеть обработки #3463,Оборонная промышленность,Федеральный,Вся страна,Критическая,1019960,84,106413098,1.0,10,18,237180,2734,True,False,False,True,False,False,False,False,False,True,3
Сеть передачи #3464,Энергетика,Объектовый,Субъект РФ,Средняя,4145,5,2228208,48.0,1,6,2760,733,False,True,False,False,True,False,False,False,False,False,0
АСУ ТП передачи #3465,Энергетика,Региональный,Вся страна,Средняя,319326,58,6532251,48.0,11,1,162519,914,False,True,False,False,True,False,False,False,False,False,2
АСУ ТП передачи #3466,Банковская сфера,Региональный,Федеральный округ,Средняя,50284,11,3736257,72.0,14,10,16663,3080,True,False,False,False,False,False,False,False,False,True,1
Сеть аналитики #3467,Топливная промышленность,Региональный,Федеральный округ,Средняя,140180,18,1891308,48.0,8,9,57656,1730,False,True,False,False,True,False,False,False,False,False,1
АСУ ТП хранения #3468,Банковская сфера,Региональный,Федеральный округ,Низкая,199784,18,338615,72.0,13,5,75943,774,False,False,False,False,False,False,False,False,False,True,1
Платформа обработки #3469,Топливная промышленность,Региональный,Несколько муниципалитетов,Средняя,262415,4,10705813,168.0,9,25,140575,2170,False,True,True,False,True,False,False,False,False,True,2
ИС мониторинга #3470,Здравоохранение,Объектовый,Несколько муниципалитетов,Средняя,1085,4,220650,24.0,2,3,1311,803,False,True,False,True,False,False,True,False,False,False,2
Сервис передачи #3471,Государственное управление,Объектовый,Один город,Высокая,459,4,10695014,24.0,2,4,199,75,True,False,True,False,False,True,True,False,False,True,2
ИС управления #3472,Банковская сфера,Региональный,Вся страна,Высокая,153379,59,36309239,4.0,8,22,193437,3947,True,False,False,False,False,False,False,False,False,True,3
АСУ ТП аналитики #3473,Связь,Федеральный,Вся страна,Высокая,1313909,84,20332916,8.0,8,27,1829168,456,True,False,False,False,True,False,True,False,True,False,3
Система аналитики #3474,Топливная промышленность,Региональный,Федеральный округ,Средняя,40245,21,1257635,72.0,8,8,20206,169,False,True,False,False,True,False,False,False,False,False,1
Платформа хранения #3475,Здравоохранение,Федеральный,Несколько муниципалитетов,Критическая,505118,1,81135255,1.0,11,9,582281,628,True,False,True,True,False,True,False,False,False,True,3
Сервис передачи #3476,Государственное управление,Региональный,Несколько муниципалитетов,Средняя,40003,3,3502918,24.0,6,22,31585,2343,True,True,True,False,False,True,True,False,False,True,3
АСУ ТП хранения #3477,Топливная промышленность,Федеральный,Федеральный округ,Средняя,801896,18,1960480,168.0,16,16,872972,2315,False,True,False,False,True,False,False,False,False,False,2
Система хранения #3478,Государственное управление,Объектовый,Один город,Высокая,398,3,32400854,24.0,2,5,402,93,True,False,True,False,False,True,True,False,False,True,2
Платформа обработки #3479,Оборонная промышленность,Объектовый,Субъект РФ,Высокая,3169,4,170995186,24.0,1,5,908,1371,True,False,False,False,False,True,False,False,False,True,2
Сеть управления #3480,Связь,Региональный,Субъект РФ,Средняя,42953,8,1887371,72.0,14,22,25557,1705,False,True,False,False,False,False,False,False,True,False,1
АСУ ТП передачи #3481,Транспорт,Региональный,Вся страна,Низкая,195710,80,209886,168.0,7,10,193302,464,False,True,False,True,True,False,True,True,False,False,3
ИС аналитики #3482,Банковская сфера,Федеральный,Вся страна,Средняя,922717,80,20847419,24.0,11,24,369802,782,False,False,False,False,True,False,False,False,False,True,2
Сеть хранения #3483,Наука,Объектовый,Субъект РФ,Низкая,3344,2,277038,24.0,3,5,1560,34,False,True,True,False,False,False,True,False,False,True,1
Портал управления #3484,Банковская сфера,Федеральный,Вся страна,Средняя,451411,62,8258118,24.0,16,5,176058,1428,False,False,False,False,False,False,False,False,False,True,2
АСУ ТП обработки #3485,Государственное управление,Муниципальный,Один город,Средняя,75039,1,6163392,48.0,5,7,85589,730,False,False,True,False,False,True,True,False,False,True,2
Портал мониторинга #3486,Энергетика,Объектовый,Вся страна,Высокая,4275,87,433019456,24.0,2,5,4145,600,True,True,False,False,True,False,False,False,False,False,2
Платформа управления #3487,Энергетика,Объектовый,Субъект РФ,Критическая,757,7,44078323,2.0,2,6,968,204,True,True,False,False,True,False,False,False,False,False,1
Сеть мониторинга #3488,Транспорт,Муниципальный,Вся страна,Средняя,11807,60,48542693,168.0,5,7,12764,1464,False,True,False,True,False,False,True,True,False,False,2
Сеть мониторинга #3489,Транспорт,Объектовый,Несколько муниципалитетов,Высокая,3612,1,218258558,12.0,3,3,2198,1412,True,True,False,True,False,False,True,True,False,False,2
Сервис управления #3490,Связь,Региональный,Один город,Низкая,366584,2,178544,168.0,9,10,225246,462,False,False,False,False,False,False,False,False,True,False,1
ИС мониторинга #3491,Связь,Муниципальный,Вся страна,Средняя,20867,61,1482143,72.0,5,13,12475,1998,False,False,False,False,False,False,False,False,True,False,1
Платформа передачи #3492,Оборонная промышленность,Муниципальный,Несколько муниципалитетов,Высокая,7797,3,644798613,24.0,7,11,4250,2038,True,False,False,False,False,True,False,False,False,False,2
ИС мониторинга #3493,Топливная промышленность,Федеральный,Несколько муниципалитетов,Высокая,718880,4,30701928,12.0,18,23,505937,4661,True,True,False,False,True,False,False,False,False,False,2
Сеть передачи #3494,Транспорт,Региональный,Один город,Высокая,207562,3,43358239,4.0,7,7,51618,1699,True,True,False,True,False,False,True,True,True,False,3
Сервис мониторинга #3495,Энергетика,Федеральный,Субъект РФ,Высокая,983697,6,29576217,4.0,22,10,185332,485,True,True,False,False,True,False,False,False,False,False,3
Портал управления #3496,Государственное управление,Муниципальный,Вся страна,Средняя,17663,53,354078,24.0,5,11,5388,1588,False,False,True,False,False,True,True,False,False,True,3
Сервис передачи #3497,Банковская сфера,Объектовый,Субъект РФ,Низкая,909,8,26551,48.0,2,7,794,485,False,True,True,False,False,False,False,False,False,True,1
ИС обработки #3498,Транспорт,Муниципальный,Вся страна,Средняя,70233,52,236130,24.0,9,5,25312,1993,False,True,False,True,False,False,True,True,False,False,2
Портал управления #3499,Транспорт,Объектовый,Один город,Критическая,1474,2,126445624,0.5,3,5,1886,1000,True,True,False,True,False,False,True,True,False,False,3
Сервис обработки #3500,Наука,Региональный,Один город,Критическая,397619,4,214470614,4.0,10,4,394799,337,True,False,False,False,False,False,False,False,True,False,2
Портал хранения #3501,Государственное управление,Объектовый,Вся страна,Высокая,682,88,142500818,4.0,3,6,206,466,True,False,True,False,False,True,True,False,False,True,3
ИС передачи #3502,Банковская сфера,Федеральный,Субъект РФ,Низкая,206475,7,113739,24.0,17,33,257753,2260,False,False,True,False,False,False,False,False,False,True,2
Система аналитики #3503,Энергетика,Федеральный,Субъект РФ,Средняя,857096,6,16185838,48.0,2,1,746897,3257,False,True,False,False,True,False,True,False,False,False,2
Сервис обработки #3504,Энергетика,Региональный,Один город,Высокая,200439,4,270310925,8.0,11,12,226797,1935,True,True,False,False,True,False,False,False,False,False,2
Платформа мониторинга #3505,Банковская сфера,Объектовый,Федеральный округ,Высокая,3562,26,375953101,8.0,4,3,699,902,True,False,False,False,False,False,False,False,False,True,2
Платформа аналитики #3506,Топливная промышленность,Объектовый,Субъект РФ,Высокая,1481,8,737237783,12.0,3,6,1799,318,True,True,False,False,True,False,False,False,False,False,2
ИС обработки #3507,Связь,Федеральный,Несколько муниципалитетов,Низкая,992662,2,918125,24.0,16,14,1149345,52,False,False,False,False,False,False,False,False,True,False,2
ИС передачи #3508,Наука,Федеральный,Субъект РФ,Средняя,549012,1,3245948,24.0,12,12,186474,318,False,False,False,False,False,False,False,False,False,False,1
Система мониторинга #3509,Государственное управление,Региональный,Несколько муниципалитетов,Высокая,318258,2,38403032,4.0,6,17,459650,3971,True,False,True,False,False,True,True,False,False,True,3
Портал передачи #3510,Государственное управление,Федеральный,Несколько муниципалитетов,Высокая,231654,3,492895612,12.0,13,23,101334,4381,True,False,True,False,False,False,True,False,False,True,3
Сеть хранения #3511,Банковская сфера,Муниципальный,Один город,Средняя,75378,2,1452530,24.0,6,7,68475,81,False,False,False,False,False,False,False,False,True,True,1
Сервис управления #3512,Государственное управление,Федеральный,Один город,Низкая,1129378,2,234094,168.0,19,5,307036,4285,False,False,True,False,False,True,True,False,False,True,3
Сеть передачи #3513,Банковская сфера,Федеральный,Один город,Критическая,430681,4,3312728,4.0,10,15,179531,3254,True,False,False,True,False,False,False,False,False,True,3
Платформа передачи #3514,Транспорт,Муниципальный,Несколько муниципалитетов,Высокая,44803,3,208197128,24.0,4,9,27523,738,True,True,False,True,False,False,True,True,False,False,3
Сервис обработки #3515,Транспорт,Региональный,Субъект РФ,Средняя,67932,6,1238969,168.0,9,25,79398,287,True,True,False,True,False,False,True,True,False,False,3
ИС мониторинга #3516,Связь,Региональный,Вся страна,Высокая,112051,70,19806330,8.0,6,7,156140,3092,True,False,False,False,False,False,False,False,True,False,2
ИС обработки #3517,Топливная промышленность,Региональный,Несколько муниципалитетов,Низкая,306108,4,19191,72.0,10,8,255300,707,False,True,False,False,True,False,True,False,False,False,1
Платформа обработки #3518,Связь,Муниципальный,Вся страна,Критическая,6836,77,94382929,1.0,5,11,5403,3110,True,False,False,True,False,False,False,False,True,False,2
Система мониторинга #3519,Связь,Объектовый,Вся страна,Низкая,3147,63,63147,168.0,2,1,2105,1154,False,False,False,False,False,False,False,False,True,False,0
ИС аналитики #3520,Топливная промышленность,Объектовый,Несколько муниципалитетов,Средняя,1510,1,985775,168.0,2,5,285,119,False,True,False,False,True,False,True,False,False,False,0
Портал мониторинга #3521,Банковская сфера,Объектовый,Субъект РФ,Высокая,525,4,20058846,24.0,2,3,777,1368,True,False,False,False,False,False,False,False,False,True,1
Портал обработки #3522,Наука,Региональный,Федеральный округ,Средняя,137795,20,1914049,24.0,3,18,76059,2081,False,False,False,False,False,False,True,False,False,False,1
Сеть передачи #3523,Государственное управление,Объектовый,Вся страна,Средняя,438,64,5172787,72.0,3,3,315,516,True,False,True,False,False,True,True,False,False,True,2
ИС управления #3524,Транспорт,Муниципальный,Один город,Высокая,29941,3,17074469,8.0,5,9,29299,2182,True,True,True,True,False,False,True,True,False,True,3
Сервис управления #3525,Оборонная промышленность,Региональный,Вся страна,Средняя,94814,83,7185596,24.0,4,20,81853,1518,True,False,False,False,False,True,False,False,False,True,2
Сервис мониторинга #3526,Транспорт,Объектовый,Субъект РФ,Низкая,1323,3,1112589,168.0,1,1,418,331,False,True,False,True,False,False,True,True,False,False,1
Сеть управления #3527,Связь,Муниципальный,Федеральный округ,Низкая,20693,12,139508,168.0,6,12,10209,993,False,False,False,False,False,False,False,False,True,False,1
ИС управления #3528,Связь,Федеральный,Вся страна,Средняя,728626,72,3066899,48.0,10,22,970761,2092,False,False,False,False,False,False,False,False,True,False,2
Платформа аналитики #3529,Государственное управление,Муниципальный,Субъект РФ,Средняя,60055,3,3285860,72.0,5,2,49542,241,False,True,True,False,False,True,True,True,False,True,2
Портал хранения #3530,Энергетика,Муниципальный,Субъект РФ,Средняя,32284,2,1567801,168.0,3,10,11615,1738,True,True,False,False,True,False,False,False,False,False,1
Сервис аналитики #3531,Наука,Объектовый,Вся страна,Высокая,4912,85,28132452,4.0,4,6,2634,467,True,False,False,False,False,False,False,False,False,False,1
Портал мониторинга #3532,Связь,Региональный,Субъект РФ,Низкая,282596,1,266604,168.0,12,14,38316,2802,False,False,False,False,False,False,False,False,True,False,1
Сервис управления #3533,Топливная промышленность,Объектовый,Вся страна,Средняя,1421,56,6602680,168.0,4,7,1952,118,False,True,False,False,True,False,False,False,False,False,1
Сервис хранения #3534,Топливная промышленность,Муниципальный,Субъект РФ,Средняя,66985,7,23545452,24.0,10,5,78472,1724,True,True,False,False,True,False,False,False,True,False,1
Платформа управления #3535,Наука,Объектовый,Один город,Средняя,2182,2,5873520,72.0,3,3,1334,594,False,False,False,False,False,False,False,False,False,False,0
Сеть управления #3536,Здравоохранение,Федеральный,Несколько муниципалитетов,Высокая,1084130,3,16814109,12.0,12,31,158115,4080,True,False,True,True,False,False,False,False,False,True,3
Платформа передачи #3537,Наука,Муниципальный,Один город,Высокая,68826,2,56256050,8.0,11,6,29369,324,True,False,False,False,False,False,False,False,False,False,1
Система передачи #3538,Транспорт,Объектовый,Федеральный округ,Средняя,680,21,4039511,72.0,1,5,76,303,False,True,False,True,False,False,True,True,False,False,2
АСУ ТП управления #3539,Банковская сфера,Региональный,Субъект РФ,Высокая,122334,5,19814124,4.0,6,25,106446,2932,True,False,False,False,False,False,False,False,True,True,2
Портал управления #3540,Топливная промышленность,Муниципальный,Один город,Низкая,7146,4,403098,168.0,8,10,4857,1022,False,True,False,False,True,False,False,False,False,False,0
АСУ ТП хранения #3541,Наука,Региональный,Субъект РФ,Низкая,261455,3,104929,168.0,6,8,274322,1676,False,False,False,False,False,False,False,False,False,False,1
АСУ ТП мониторинга #3542,Государственное управление,Региональный,Субъект РФ,Низкая,344558,8,334581,48.0,9,22,258446,1016,True,False,True,False,False,True,True,False,False,False,3
Система хранения #3543,Оборонная промышленность,Объектовый,Вся страна,Низкая,1545,88,145420,72.0,2,3,1614,331,False,False,False,False,False,False,True,False,False,True,1
АСУ ТП управления #3544,Здравоохранение,Муниципальный,Вся страна,Низкая,72440,84,241940,48.0,9,2,62741,326,False,False,False,True,False,False,False,False,True,False,2
Платформа обработки #3545,Здравоохранение,Муниципальный,Несколько муниципалитетов,Средняя,25427,1,1147221,24.0,4,6,12543,2108,False,False,False,True,False,False,False,True,False,False,1
ИС обработки #3546,Энергетика,Объектовый,Субъект РФ,Низкая,1679,2,227712,24.0,3,2,1551,636,False,True,False,False,True,False,False,False,True,False,0
ИС мониторинга #3547,Здравоохранение,Региональный,Вся страна,Высокая,55124,87,1043209108,4.0,9,6,54719,568,True,False,False,True,False,False,False,False,True,False,3
Сервис мониторинга #3548,Транспорт,Региональный,Вся страна,Низкая,317309,59,133096,168.0,12,21,207982,449,True,True,False,True,False,False,True,True,False,False,3
Сервис хранения #3549,Банковская сфера,Федеральный,Несколько муниципалитетов,Средняя,448954,3,1225988,168.0,11,24,160293,108,True,True,False,False,False,False,False,False,False,True,2
Сервис хранения #3550,Топливная промышленность,Региональный,Один город,Высокая,414753,3,62718003,24.0,12,13,574863,4164,True,True,False,False,True,False,False,False,False,False,2
Сеть обработки #3551,Государственное управление,Объектовый,Субъект РФ,Средняя,575,6,268640,24.0,1,2,755,472,False,False,True,False,False,True,True,False,False,True,2
Сеть аналитики #3552,Наука,Объектовый,Вся страна,Критическая,2733,65,20896856,4.0,2,5,529,280,True,False,False,True,False,False,False,False,False,False,2
Система передачи #3553,Наука,Региональный,Несколько муниципалитетов,Критическая,206655,4,18197133,0.5,7,10,106792,3742,True,False,False,False,False,False,False,True,False,False,2
Портал мониторинга #3554,Наука,Муниципальный,Несколько муниципалитетов,Средняя,57942,3,148937,168.0,5,10,34055,2737,True,False,False,False,False,False,False,False,False,False,0
Система управления #3555,Государственное управление,Муниципальный,Федеральный округ,Средняя,21194,10,4312847,168.0,5,8,10967,1163,False,False,True,False,False,True,True,False,False,True,2
Платформа передачи #3556,Наука,Объектовый,Несколько муниципалитетов,Средняя,1038,3,4541728,72.0,1,2,729,35,False,False,True,False,False,False,True,False,False,True,1
Сеть управления #3557,Государственное управление,Объектовый,Несколько муниципалитетов,Средняя,2741,1,433892,168.0,2,2,560,35,False,False,True,False,False,True,True,False,True,False,1
Сервис хранения #3558,Связь,Объектовый,Один город,Средняя,349,2,4787605,72.0,2,3,375,300,True,False,False,False,False,False,True,False,True,False,0
АСУ ТП хранения #3559,Энергетика,Региональный,Вся страна,Средняя,296122,56,898945,48.0,7,17,43666,854,True,True,False,False,True,False,False,True,False,False,2
Сервис обработки #3560,Наука,Объектовый,Субъект РФ,Низкая,794,2,651825,48.0,3,2,485,350,False,False,False,False,False,False,False,False,False,False,0
Система обработки #3561,Транспорт,Муниципальный,Федеральный округ,Средняя,48417,15,1823299,48.0,8,10,68557,147,False,True,False,True,False,False,True,True,False,False,2
Портал хранения #3562,Транспорт,Объектовый,Федеральный округ,Средняя,1372,11,680667,24.0,4,3,739,1065,True,True,False,True,False,False,True,True,False,False,2
АСУ ТП обработки #3563,Связь,Региональный,Субъект РФ,Критическая,211567,3,363421234,4.0,7,16,250143,1286,True,False,True,True,False,False,False,True,True,True,3
Платформа хранения #3564,Связь,Муниципальный,Вся страна,Средняя,34371,73,5953204,168.0,3,8,3875,1118,True,False,False,False,False,False,False,False,True,False,1
Система обработки #3565,Оборонная промышленность,Муниципальный,Федеральный округ,Низкая,25677,18,61843,48.0,4,5,22085,627,False,False,False,False,False,True,True,False,False,True,2
АСУ ТП обработки #3566,Здравоохранение,Федеральный,Один город,Средняя,319259,3,2370120,48.0,12,18,364435,1809,False,False,False,True,False,False,False,False,True,False,2
Портал управления #3567,Энергетика,Федеральный,Вся страна,Низкая,119036,72,1150727,48.0,11,34,138884,183,False,True,False,False,True,False,False,True,False,False,2
Сервис обработки #3568,Связь,Объектовый,Субъект РФ,Средняя,726,9,856477,24.0,2,2,159,1560,False,False,False,False,False,False,False,False,True,False,0
Система передачи #3569,Государственное управление,Региональный,Вся страна,Высокая,180560,62,626015742,12.0,11,1,67451,1120,True,False,True,False,True,False,True,False,False,True,3
Сеть хранения #3570,Наука,Муниципальный,Субъект РФ,Критическая,56183,6,533821119,1.0,6,11,29720,1101,True,False,False,False,False,False,True,False,False,False,3
Портал передачи #3571,Здравоохранение,Федеральный,Субъект РФ,Низкая,1058212,3,291706,72.0,4,29,1431005,5462,False,False,False,True,False,False,False,False,False,False,3
Сеть хранения #3572,Транспорт,Объектовый,Субъект РФ,Высокая,2331,2,36553753,24.0,2,6,2520,166,True,True,False,True,False,False,True,True,False,False,2
АСУ ТП обработки #3573,Банковская сфера,Региональный,Вся страна,Средняя,358135,55,3114230,72.0,14,17,107280,887,False,False,True,False,False,False,False,True,False,True,2
Платформа обработки #3574,Топливная промышленность,Региональный,Вся страна,Низкая,402577,60,114206,24.0,14,15,148755,3797,True,True,True,False,True,False,False,False,False,True,3
ИС передачи #3575,Топливная промышленность,Региональный,Субъект РФ,Критическая,40532,7,183494982,4.0,5,10,34737,1197,True,True,False,False,True,False,True,False,False,False,2
Сеть обработки #3576,Банковская сфера,Муниципальный,Один город,Средняя,40645,3,724809,168.0,6,12,24147,689,True,False,False,False,True,False,False,False,False,True,1
Сеть передачи #3577,Оборонная промышленность,Объектовый,Федеральный округ,Высокая,158,15,18707680,4.0,3,3,201,492,True,False,False,False,False,True,False,False,False,True,2
АСУ ТП хранения #3578,Энергетика,Объектовый,Вся страна,Низкая,2083,59,383474,72.0,2,5,1094,180,False,True,True,False,True,False,False,True,False,True,1
Сеть аналитики #3579,Транспорт,Муниципальный,Один город,Низкая,25064,2,1306545,168.0,7,17,24042,1349,True,True,False,True,False,False,True,True,False,False,2
Сеть передачи #3580,Связь,Объектовый,Один город,Средняя,890,2,1984305,168.0,3,1,159,830,False,False,False,False,False,False,False,False,True,False,0
ИС обработки #3581,Здравоохранение,Муниципальный,Субъект РФ,Средняя,50273,7,1588088,24.0,1,14,11554,1208,True,False,False,True,True,False,False,False,False,False,2
Сеть хранения #3582,Транспорт,Региональный,Несколько муниципалитетов,Низкая,167383,4,149223,24.0,11,6,155477,694,False,True,False,True,False,False,True,True,False,False,3
Система управления #3583,Оборонная промышленность,Региональный,Несколько муниципалитетов,Средняя,75414,3,2302321,168.0,11,15,56997,252,True,True,False,False,False,True,False,True,False,True,2
Платформа передачи #3584,Оборонная промышленность,Объектовый,Один город,Средняя,3543,2,1229414,24.0,3,5,887,1192,False,False,False,False,False,False,False,False,False,True,0
Сеть мониторинга #3585,Связь,Муниципальный,Вся страна,Высокая,19783,79,44136673,24.0,7,17,10834,1943,True,True,False,False,True,False,False,False,True,False,2
Платформа хранения #3586,Транспорт,Федеральный,Несколько муниципалитетов,Высокая,1759386,4,43274389,8.0,15,14,1056563,1913,True,True,False,True,False,False,True,True,False,False,3
АСУ ТП управления #3587,Банковская сфера,Региональный,Вся страна,Низкая,275134,59,65349,48.0,11,8,248829,1444,True,False,True,False,True,False,False,False,False,True,2
Сервис мониторинга #3588,Транспорт,Федеральный,Субъект РФ,Высокая,1120030,9,78780293,8.0,11,19,1135112,3940,True,True,False,True,True,False,True,True,False,False,3
Платформа аналитики #3589,Наука,Муниципальный,Федеральный округ,Высокая,23563,22,340161407,4.0,5,9,20987,1974,True,False,False,False,False,False,False,False,False,False,2
Платформа аналитики #3590,Энергетика,Федеральный,Субъект РФ,Средняя,190571,3,2223229,24.0,14,37,258241,3080,False,True,False,False,True,False,False,False,True,False,2
Платформа аналитики #3591,Связь,Муниципальный,Один город,Средняя,18279,4,1885121,24.0,4,11,25944,608,True,True,False,False,False,False,False,False,True,False,1
АСУ ТП мониторинга #3592,Транспорт,Региональный,Субъект РФ,Средняя,183676,6,1827370,168.0,2,9,77473,868,False,True,False,True,False,False,True,True,False,False,2
ИС управления #3593,Транспорт,Объектовый,Один город,Средняя,2162,3,3056991,24.0,4,5,400,67,False,True,False,True,False,False,True,True,False,False,2
Сервис передачи #3594,Топливная промышленность,Муниципальный,Вся страна,Критическая,17278,50,8944195,2.0,5,16,6625,534,True,True,False,True,True,False,False,False,False,False,3
АСУ ТП обработки #3595,Энергетика,Федеральный,Несколько муниципалитетов,Низкая,1642837,1,253107,72.0,10,38,1011251,3953,False,True,False,False,True,False,False,False,False,False,2
Сеть хранения #3596,Государственное управление,Муниципальный,Один город,Высокая,57427,3,163396203,8.0,2,11,85248,2920,True,True,True,False,False,True,True,False,False,True,3
Сервис управления #3597,Банковская сфера,Региональный,Несколько муниципалитетов,Высокая,83343,1,71478210,4.0,5,18,109300,855,True,False,False,False,False,False,False,False,False,False,2
Система передачи #3598,Наука,Муниципальный,Субъект РФ,Средняя,72171,4,585446,48.0,7,3,40601,263,False,False,False,False,False,False,False,True,False,False,0
Портал передачи #3599,Наука,Муниципальный,Вся страна,Средняя,26769,53,1546171,72.0,5,11,30518,2398,False,False,False,False,False,False,False,False,True,False,1
ИС управления #3600,Наука,Объектовый,Несколько муниципалитетов,Низкая,1977,2,103293,168.0,2,1,1934,222,True,False,False,False,False,False,False,False,False,False,0
Портал хранения #3601,Топливная промышленность,Объектовый,Федеральный округ,Средняя,1568,27,7505114,168.0,3,5,638,670,False,True,False,False,True,False,False,False,False,False,1
ИС управления #3602,Энергетика,Объектовый,Несколько муниципалитетов,Критическая,2180,2,15680072,4.0,1,6,2854,416,True,True,False,True,True,False,False,False,True,False,2
Система управления #3603,Банковская сфера,Муниципальный,Один город,Средняя,35951,4,27337018,24.0,6,1,24272,1389,False,False,False,False,False,False,False,False,False,True,1
Портал мониторинга #3604,Государственное управление,Региональный,Вся страна,Высокая,380265,54,204051739,8.0,12,8,498846,1286,True,False,True,False,False,True,True,False,True,True,3
Система передачи #3605,Наука,Муниципальный,Несколько муниципалитетов,Средняя,11254,3,1971855,24.0,5,10,11227,20,False,False,False,False,False,False,False,False,False,False,0
Платформа аналитики #3606,Оборонная промышленность,Региональный,Несколько муниципалитетов,Низкая,227610,1,33456,72.0,11,19,232800,110,False,True,False,False,False,True,True,False,False,True,3
Портал передачи #3607,Наука,Объектовый,Несколько муниципалитетов,Высокая,3181,2,88850676,4.0,1,5,1136,1245,True,True,False,False,False,False,False,False,False,False,1
Сервис передачи #3608,Государственное управление,Федеральный,Несколько муниципалитетов,Низкая,869206,1,202692,48.0,8,29,1079583,3585,False,False,True,False,False,True,True,False,False,True,3
Сеть передачи #3609,Транспорт,Муниципальный,Федеральный округ,Критическая,35416,15,369342512,2.0,2,6,18997,1714,True,True,False,True,False,False,True,True,False,False,3
Портал аналитики #3610,Оборонная промышленность,Региональный,Вся страна,Высокая,345566,72,36507492,12.0,8,17,509536,156,True,False,True,False,True,True,False,False,False,True,3
Сеть мониторинга #3611,Топливная промышленность,Муниципальный,Субъект РФ,Критическая,37146,4,38822414,2.0,4,8,20205,927,True,True,False,True,True,False,False,False,False,False,2
Сеть аналитики #3612,Здравоохранение,Объектовый,Федеральный округ,Низкая,3023,12,157997,72.0,1,6,3931,421,False,False,False,True,False,False,False,False,False,False,1
Сеть обработки #3613,Транспорт,Объектовый,Федеральный округ,Средняя,929,17,8443719,24.0,1,1,105,147,False,True,False,True,False,False,True,True,False,False,2
Сервис аналитики #3614,Государственное управление,Объектовый,Несколько муниципалитетов,Низкая,2680,4,146033,48.0,2,3,2529,137,False,False,True,False,True,True,True,False,False,True,2
Платформа управления #3615,Оборонная промышленность,Объектовый,Один город,Средняя,1909,1,17182852,48.0,3,7,309,131,False,False,False,False,False,True,False,False,True,True,1
Сервис аналитики #3616,Оборонная промышленность,Федеральный,Субъект РФ,Низкая,697145,7,738646,48.0,12,14,721305,590,False,False,False,False,False,True,False,False,False,False,2
Портал хранения #3617,Энергетика,Объектовый,Вся страна,Средняя,1724,51,49604605,48.0,2,4,1349,1271,False,True,False,False,True,False,False,False,True,False,1
АСУ ТП аналитики #3618,Оборонная промышленность,Региональный,Несколько муниципалитетов,Высокая,443460,4,219381352,12.0,7,12,650583,2106,True,False,False,False,False,True,True,False,False,True,3
Платформа обработки #3619,Энергетика,Объектовый,Субъект РФ,Средняя,2073,2,2765346,48.0,4,8,994,1322,True,True,False,False,True,False,False,False,False,False,0
Сервис аналитики #3620,Наука,Региональный,Федеральный округ,Низкая,182358,14,314263,168.0,11,5,241050,1067,False,False,False,False,True,False,False,False,True,False,1
Платформа хранения #3621,Государственное управление,Федеральный,Субъект РФ,Средняя,359190,1,4914947,48.0,14,27,459507,1270,False,True,True,False,True,True,True,False,False,True,3
АСУ ТП обработки #3622,Банковская сфера,Региональный,Субъект РФ,Средняя,147867,6,1509018,24.0,8,11,102584,3773,False,False,False,False,False,False,False,False,False,True,2
Сервис управления #3623,Оборонная промышленность,Муниципальный,Вся страна,Средняя,10215,68,5107170,48.0,8,11,8842,206,False,False,False,False,True,False,True,False,False,True,1
Платформа управления #3624,Транспорт,Муниципальный,Несколько муниципалитетов,Средняя,30453,4,1904470,48.0,4,13,14648,1378,False,True,False,True,False,False,True,True,False,False,2
Сервис аналитики #3625,Связь,Региональный,Вся страна,Средняя,129358,79,1006459,24.0,5,10,71124,1605,False,False,False,False,False,False,False,False,True,False,1
Портал передачи #3626,Банковская сфера,Объектовый,Федеральный округ,Высокая,2368,11,116165206,12.0,1,3,2291,805,True,True,False,False,False,False,False,False,False,True,2
ИС мониторинга #3627,Здравоохранение,Муниципальный,Федеральный округ,Средняя,75723,27,5198284,168.0,3,2,109660,1549,False,False,False,True,False,False,False,False,False,False,2
Портал передачи #3628,Государственное управление,Муниципальный,Один город,Высокая,50691,3,141322706,4.0,4,5,6156,638,True,True,True,False,False,True,True,False,False,True,3
Сервис обработки #3629,Здравоохранение,Объектовый,Вся страна,Высокая,1360,84,10927302,24.0,1,5,270,384,True,True,False,True,False,False,True,True,False,False,2
Сервис аналитики #3630,Здравоохранение,Федеральный,Субъект РФ,Средняя,729217,6,29302251,24.0,10,28,738819,919,False,False,False,True,False,False,True,False,False,False,3
Портал обработки #3631,Топливная промышленность,Муниципальный,Несколько муниципалитетов,Высокая,3840,4,42962277,12.0,5,1,5513,1175,True,True,False,False,True,False,False,False,False,False,1
Сервис мониторинга #3632,Топливная промышленность,Муниципальный,Вся страна,Высокая,2080,72,1576326960,24.0,5,12,1887,893,True,True,False,False,True,False,False,True,False,False,2
Сеть хранения #3633,Здравоохранение,Муниципальный,Субъект РФ,Высокая,59464,9,203589370,24.0,4,14,77422,304,True,False,True,True,False,False,True,False,False,True,3
АСУ ТП передачи #3634,Топливная промышленность,Объектовый,Федеральный округ,Низкая,2416,23,36353,72.0,1,4,2478,371,True,True,False,False,True,False,False,False,False,False,1
Сервис хранения #3635,Государственное управление,Региональный,Несколько муниципалитетов,Средняя,205370,2,2596706,168.0,8,11,79353,1578,False,False,True,False,False,True,True,False,False,True,3
Платформа мониторинга #3636,Государственное управление,Объектовый,Федеральный округ,Высокая,1197,29,28702123,24.0,3,5,1724,1556,True,False,True,False,True,True,True,False,False,True,3
Платформа аналитики #3637,Связь,Объектовый,Несколько муниципалитетов,Высокая,3003,4,289539515,4.0,5,5,742,1213,True,True,False,False,False,False,False,True,True,False,2
Сеть аналитики #3638,Транспорт,Федеральный,Федеральный округ,Низкая,364518,16,1130811,72.0,15,30,290909,2312,False,True,False,True,False,False,True,True,False,False,3
Система передачи #3639,Банковская сфера,Объектовый,Субъект РФ,Низкая,1549,5,42391,72.0,2,9,1659,1195,False,False,True,False,False,False,False,False,True,True,1
Платформа обработки #3640,Здравоохранение,Федеральный,Вся страна,Средняя,854918,65,6281762,168.0,11,12,409145,5533,True,False,False,True,False,False,False,False,True,False,3
АСУ ТП передачи #3641,Наука,Объектовый,Субъект РФ,Высокая,783,2,9113381,4.0,1,8,1164,327,True,False,False,False,False,False,False,True,False,False,1
ИС хранения #3642,Транспорт,Федеральный,Федеральный округ,Критическая,1261086,10,61926554,2.0,12,20,263098,3276,True,True,False,True,False,True,True,True,False,True,3
Сеть аналитики #3643,Государственное управление,Объектовый,Субъект РФ,Низкая,561,5,111068,48.0,3,2,720,378,True,False,True,False,False,True,True,False,False,False,1
Платформа хранения #3644,Транспорт,Региональный,Субъект РФ,Средняя,82185,6,999128,168.0,9,8,113026,2445,False,True,False,True,False,False,True,True,False,False,2
Система передачи #3645,Оборонная промышленность,Региональный,Федеральный округ,Низкая,336774,10,182732,48.0,12,15,221039,747,False,False,False,False,False,True,False,False,False,True,2
Портал хранения #3646,Связь,Муниципальный,Один город,Средняя,66440,4,1371074,48.0,7,12,24839,2637,False,False,False,False,False,False,False,False,True,False,0
Система управления #3647,Банковская сфера,Региональный,Вся страна,Средняя,299816,64,21559866,168.0,11,7,68421,1213,False,False,False,False,False,False,False,False,False,True,2
АСУ ТП аналитики #3648,Энергетика,Объектовый,Субъект РФ,Высокая,3664,3,238355249,24.0,2,4,3738,338,True,True,False,False,True,False,False,True,False,False,1
Сервис обработки #3649,Связь,Объектовый,Федеральный округ,Высокая,2119,15,969666209,8.0,3,7,618,654,True,False,False,False,False,False,False,True,True,False,1
Сервис управления #3650,Связь,Региональный,Вся страна,Низкая,240423,87,124130,168.0,10,14,65985,3059,True,False,False,False,False,False,False,False,True,False,1
Портал обработки #3651,Транспорт,Федеральный,Несколько муниципалитетов,Средняя,290822,1,2145303,72.0,10,9,84985,2645,True,True,False,True,True,False,True,True,False,False,3
Сеть мониторинга #3652,Наука,Объектовый,Один город,Низкая,2173,3,85811,168.0,3,1,1480,461,False,False,False,False,False,False,False,False,True,False,0
Система передачи #3653,Банковская сфера,Региональный,Федеральный округ,Высокая,271075,15,86782362,4.0,11,13,175042,3010,True,False,False,False,False,False,False,False,False,True,3
Платформа аналитики #3654,Топливная промышленность,Региональный,Несколько муниципалитетов,Критическая,381774,1,197025748,2.0,10,15,475540,368,True,True,False,False,True,False,False,False,False,False,3
Система обработки #3655,Оборонная промышленность,Объектовый,Вся страна,Средняя,850,81,1269701,24.0,3,5,242,799,True,False,False,False,False,False,False,False,False,True,1
Платформа обработки #3656,Топливная промышленность,Муниципальный,Вся страна,Высокая,6106,53,44518365,4.0,4,11,4313,108,True,True,False,False,True,False,False,False,False,False,2
Сеть мониторинга #3657,Энергетика,Муниципальный,Вся страна,Низкая,10908,60,1241716,48.0,5,14,2506,426,False,True,False,False,True,False,True,False,False,False,1
ИС передачи #3658,Транспорт,Объектовый,Несколько муниципалитетов,Высокая,4407,1,13265979,24.0,3,4,4577,430,True,True,False,True,False,False,True,True,False,False,2
Система обработки #3659,Связь,Федеральный,Федеральный округ,Средняя,1155122,17,773960,24.0,18,28,1529745,3055,False,False,False,False,False,False,False,False,True,False,2
Портал аналитики #3660,Здравоохранение,Федеральный,Субъект РФ,Средняя,1133442,5,3490318,72.0,10,18,254880,3944,True,False,False,True,False,False,False,False,False,False,3
АСУ ТП передачи #3661,Оборонная промышленность,Региональный,Вся страна,Критическая,286054,61,9160739,1.0,5,19,407523,1465,True,False,False,True,False,True,False,False,False,True,3
Платформа аналитики #3662,Связь,Региональный,Один город,Высокая,86495,4,83295926,24.0,10,21,45516,343,True,False,False,False,False,False,False,False,True,False,1
Сеть передачи #3663,Государственное управление,Региональный,Несколько муниципалитетов,Высокая,81689,3,23014503,24.0,14,16,60305,238,True,False,True,False,False,False,True,False,False,True,2
Портал хранения #3664,Государственное управление,Федеральный,Один город,Высокая,519578,4,4442115,8.0,13,28,485752,4489,True,True,True,False,False,False,True,False,False,True,3
Портал обработки #3665,Связь,Муниципальный,Вся страна,Средняя,33359,54,13944010,168.0,5,10,32709,2769,False,False,True,False,False,False,False,False,True,False,1
Система хранения #3666,Связь,Объектовый,Несколько муниципалитетов,Высокая,769,1,1082134037,24.0,4,3,681,315,True,True,False,False,True,False,False,False,True,False,2
ИС передачи #3667,Транспорт,Объектовый,Федеральный округ,Средняя,1951,27,1086675,48.0,2,4,788,847,True,True,False,True,False,False,True,True,False,False,2
Сервис аналитики #3668,Транспорт,Региональный,Субъект РФ,Низкая,176218,3,239918,48.0,10,4,65023,1272,False,True,False,True,False,False,True,True,False,False,2
Платформа управления #3669,Государственное управление,Региональный,Субъект РФ,Высокая,249095,4,1148473547,8.0,10,10,128981,1174,True,False,True,False,False,True,True,False,False,True,3
ИС управления #3670,Энергетика,Муниципальный,Субъект РФ,Критическая,7110,1,127702528,0.5,7,11,8795,1851,True,True,True,True,True,False,False,False,False,True,3
ИС обработки #3671,Топливная промышленность,Региональный,Федеральный округ,Низкая,367159,10,186923,72.0,9,20,151834,616,False,True,False,False,True,False,True,False,False,False,2
Система управления #3672,Связь,Региональный,Один город,Высокая,361306,3,59462327,24.0,11,20,387377,1823,True,False,False,False,False,False,False,False,True,False,2
ИС хранения #3673,Государственное управление,Объектовый,Вся страна,Средняя,323,86,3675371,72.0,3,4,45,12,True,False,True,False,False,True,True,True,False,True,2
Система обработки #3674,Банковская сфера,Региональный,Вся страна,Низкая,251408,59,103077,24.0,10,16,115207,1256,False,True,True,False,False,False,False,False,False,True,3
Сервис аналитики #3675,Энергетика,Объектовый,Несколько муниципалитетов,Критическая,3864,3,386208903,4.0,3,5,881,1365,True,True,False,True,True,False,False,False,False,False,3
Сеть передачи #3676,Наука,Объектовый,Вся страна,Низкая,735,66,375718,72.0,3,3,914,379,True,False,True,False,False,False,False,False,False,True,1
Портал передачи #3677,Здравоохранение,Объектовый,Федеральный округ,Средняя,3062,24,15621547,168.0,5,3,746,1408,False,False,False,True,True,False,False,False,False,False,1
Сервис хранения #3678,Транспорт,Объектовый,Федеральный округ,Средняя,280,11,5061481,72.0,2,3,28,239,False,True,False,True,True,False,True,True,False,False,2
ИС аналитики #3679,Оборонная промышленность,Региональный,Субъект РФ,Критическая,59079,3,10520434,2.0,6,21,10904,1262,True,True,False,True,False,False,False,False,False,True,3
Платформа управления #3680,Здравоохранение,Объектовый,Один город,Высокая,1196,2,442568930,4.0,3,5,1606,385,True,False,True,True,False,False,False,False,False,True,3
Портал управления #3681,Связь,Региональный,Вся страна,Высокая,38463,56,44048423,4.0,12,17,37682,4017,True,False,False,False,False,False,False,False,True,False,2
Сервис управления #3682,Транспорт,Региональный,Федеральный округ,Высокая,70765,13,75671960,8.0,9,26,80183,2692,True,True,False,True,False,False,True,True,False,False,3
Система обработки #3683,Наука,Муниципальный,Один город,Низкая,38105,1,110763,48.0,7,7,44482,2019,True,False,False,False,True,False,True,True,False,False,1
Портал обработки #3684,Транспорт,Объектовый,Один город,Низкая,636,3,133007,24.0,1,6,898,220,False,True,False,True,False,False,True,True,False,False,2
Сеть аналитики #3685,Топливная промышленность,Региональный,Субъект РФ,Критическая,236068,9,569954207,2.0,6,22,162135,825,True,True,False,True,True,False,True,True,False,False,3
АСУ ТП управления #3686,Банковская сфера,Федеральный,Один город,Средняя,321889,4,4876596,168.0,15,15,118021,5201,False,False,False,False,True,False,False,False,False,True,2
АСУ ТП хранения #3687,Наука,Региональный,Федеральный округ,Средняя,403808,19,273166,168.0,10,18,406712,836,False,False,False,False,False,False,False,False,False,False,1
Система аналитики #3688,Топливная промышленность,Региональный,Вся страна,Средняя,222371,51,1219619,48.0,1,12,332667,1257,False,True,False,False,True,False,False,False,False,False,2
АСУ ТП передачи #3689,Топливная промышленность,Региональный,Субъект РФ,Высокая,73508,6,23813522,8.0,10,7,49723,1215,True,True,False,False,True,False,False,False,True,False,2
Сервис хранения #3690,Энергетика,Объектовый,Субъект РФ,Низкая,576,4,75320,72.0,3,1,193,448,False,True,False,False,True,False,False,False,False,False,0
Система хранения #3691,Банковская сфера,Муниципальный,Федеральный округ,Средняя,10338,23,2675303,72.0,5,1,1249,2341,True,False,False,False,False,False,False,False,False,True,1
Сервис обработки #3692,Банковская сфера,Федеральный,Федеральный округ,Средняя,853708,27,13197966,72.0,18,8,1246804,1523,True,False,False,False,True,False,False,False,False,True,2
АСУ ТП передачи #3693,Оборонная промышленность,Муниципальный,Субъект РФ,Средняя,12485,2,6499206,24.0,7,8,3963,474,True,False,False,False,False,False,False,False,False,True,1
Платформа управления #3694,Наука,Региональный,Субъект РФ,Высокая,320504,4,119132144,24.0,11,20,233801,1291,True,False,False,False,False,False,False,False,False,False,2
Платформа хранения #3695,Оборонная промышленность,Муниципальный,Несколько муниципалитетов,Низкая,22390,4,125033,48.0,5,7,14918,1949,False,False,False,False,False,True,False,True,True,False,1
Платформа обработки #3696,Топливная промышленность,Объектовый,Вся страна,Высокая,4332,66,38884087,12.0,1,1,5994,1132,True,True,False,False,True,False,False,False,False,False,1
Сервис хранения #3697,Государственное управление,Региональный,Один город,Высокая,385452,3,197239194,4.0,13,11,42712,339,True,False,True,False,False,False,True,False,False,True,3
Система обработки #3698,Энергетика,Федеральный,Один город,Средняя,740332,2,6232317,24.0,9,13,695359,5638,True,True,False,False,True,False,False,False,True,False,2
Система хранения #3699,Связь,Объектовый,Несколько муниципалитетов,Средняя,3427,3,2402614,72.0,4,1,3822,406,False,False,False,False,False,False,False,False,True,False,0
Портал передачи #3700,Транспорт,Объектовый,Несколько муниципалитетов,Низкая,3447,4,254507,48.0,4,6,3455,536,False,True,False,True,False,False,True,True,False,False,1
Сеть обработки #3701,Банковская сфера,Федеральный,Один город,Средняя,1111439,3,5113482,24.0,11,15,837193,129,False,False,False,False,False,False,False,False,True,True,2
Система передачи #3702,Топливная промышленность,Объектовый,Вся страна,Средняя,136,80,3985161,72.0,4,4,56,46,False,True,True,False,True,False,False,True,True,False,1
АСУ ТП передачи #3703,Наука,Муниципальный,Субъект РФ,Низкая,87579,2,248025,72.0,11,6,77169,472,True,False,True,False,True,False,False,False,False,True,1
ИС передачи #3704,Топливная промышленность,Объектовый,Субъект РФ,Низкая,1724,9,209128,168.0,2,5,208,1099,False,True,False,False,True,False,False,False,False,False,0
Сеть передачи #3705,Государственное управление,Муниципальный,Субъект РФ,Высокая,57226,9,178786762,4.0,7,7,44736,1679,True,False,True,False,True,True,True,False,False,True,3
Сервис передачи #3706,Связь,Муниципальный,Один город,Средняя,43229,1,7606357,48.0,6,14,24134,433,False,False,False,False,False,False,False,False,True,False,0
АСУ ТП обработки #3707,Энергетика,Объектовый,Субъект РФ,Критическая,4268,8,16851895,4.0,4,2,4492,1057,True,True,False,True,True,False,False,False,False,False,2
АСУ ТП хранения #3708,Здравоохранение,Федеральный,Федеральный округ,Средняя,561121,18,659790,48.0,1,24,554113,317,False,True,False,True,False,False,False,False,False,False,3
Система мониторинга #3709,Здравоохранение,Объектовый,Один город,Критическая,221,4,40867402,0.5,3,6,79,1428,True,False,False,True,False,False,False,False,False,False,2
Сеть управления #3710,Наука,Муниципальный,Субъект РФ,Средняя,19506,9,6078212,168.0,10,17,6278,291,True,False,False,False,False,False,True,False,False,False,1
Сервис управления #3711,Государственное управление,Федеральный,Один город,Высокая,432530,1,34942903,4.0,13,23,213268,2578,True,False,True,False,False,True,True,False,True,True,3
Платформа аналитики #3712,Транспорт,Региональный,Федеральный округ,Низкая,169161,12,66190,24.0,10,16,43609,363,True,True,False,True,False,False,True,True,False,False,3
Портал обработки #3713,Оборонная промышленность,Объектовый,Один город,Высокая,1863,3,96376739,8.0,1,11,1066,704,True,False,False,False,False,True,False,False,False,True,2
Сервис аналитики #3714,Государственное управление,Муниципальный,Несколько муниципалитетов,Высокая,17536,3,26562793,8.0,7,13,16545,566,True,False,True,False,False,True,True,False,False,True,3
АСУ ТП мониторинга #3715,Топливная промышленность,Объектовый,Субъект РФ,Высокая,2417,7,308522629,24.0,3,5,1273,1061,True,True,False,False,True,False,False,False,False,False,1
Платформа мониторинга #3716,Здравоохранение,Муниципальный,Несколько муниципалитетов,Критическая,39124,4,53318852,0.5,6,13,45862,1565,True,False,True,True,False,False,False,False,False,True,3
Сеть хранения #3717,Здравоохранение,Региональный,Один город,Низкая,80795,1,58648,24.0,8,16,38010,1192,False,True,False,True,False,False,False,False,False,False,2
Система мониторинга #3718,Топливная промышленность,Федеральный,Несколько муниципалитетов,Высокая,1358952,1,107090722,12.0,10,38,422423,1421,True,True,False,False,True,False,False,False,True,False,3
Система передачи #3719,Связь,Федеральный,Вся страна,Низкая,815577,57,186630,24.0,13,16,603792,3888,False,True,False,False,True,False,False,False,True,False,2
Сервис управления #3720,Оборонная промышленность,Объектовый,Один город,Низкая,3444,1,1336869,72.0,2,4,1965,1582,False,False,False,False,False,True,False,False,False,True,1
Портал хранения #3721,Энергетика,Федеральный,Субъект РФ,Средняя,737404,5,719587,72.0,12,23,850468,1721,False,True,False,False,True,False,False,False,False,False,2
Портал обработки #3722,Транспорт,Объектовый,Вся страна,Средняя,71,80,5353428,48.0,3,4,96,62,True,True,False,True,False,False,True,True,False,False,2
Сервис обработки #3723,Наука,Региональный,Несколько муниципалитетов,Высокая,251388,1,16354444,12.0,7,18,215856,689,True,False,False,False,False,False,False,False,False,False,2
Сервис хранения #3724,Энергетика,Объектовый,Вся страна,Высокая,2471,63,33593289,4.0,2,3,365,497,True,True,False,False,True,False,False,False,False,False,2
Сервис управления #3725,Оборонная промышленность,Муниципальный,Федеральный округ,Средняя,20268,23,218224,72.0,4,7,26566,2811,False,False,True,False,False,False,False,False,False,True,1
Сеть управления #3726,Здравоохранение,Муниципальный,Субъект РФ,Средняя,32950,5,1571191,72.0,6,10,27593,609,False,False,False,True,False,False,False,False,False,False,1
Портал хранения #3727,Энергетика,Федеральный,Субъект РФ,Средняя,1432312,6,6558555,72.0,10,21,2049575,3936,False,True,True,False,True,False,False,False,False,True,3
Портал управления #3728,Энергетика,Объектовый,Несколько муниципалитетов,Высокая,553,1,846601252,24.0,2,2,176,331,True,True,True,False,True,False,True,False,False,True,3
Платформа управления #3729,Транспорт,Муниципальный,Один город,Высокая,54849,1,58588278,8.0,3,10,74024,289,True,True,False,True,False,False,True,True,False,False,2
Система передачи #3730,Энергетика,Объектовый,Один город,Высокая,1004,3,50714597,12.0,2,6,306,104,True,True,True,False,True,False,False,False,True,True,2
Портал передачи #3731,Государственное управление,Федеральный,Один город,Критическая,579201,4,204351180,0.5,5,32,585647,623,True,True,True,False,False,True,True,False,False,True,3
Платформа обработки #3732,Связь,Объектовый,Несколько муниципалитетов,Высокая,4220,4,1778742790,12.0,2,8,646,149,True,False,False,False,False,False,True,False,True,False,1
АСУ ТП управления #3733,Здравоохранение,Федеральный,Несколько муниципалитетов,Высокая,331544,3,475972558,24.0,12,21,395762,460,True,False,False,True,False,False,True,False,False,False,3
Сервис хранения #3734,Банковская сфера,Региональный,Вся страна,Низкая,274707,51,676892,72.0,8,14,74042,730,True,True,False,False,False,False,False,False,False,True,2
Портал обработки #3735,Здравоохранение,Региональный,Субъект РФ,Средняя,122681,6,7137472,24.0,6,18,182617,3954,False,False,True,True,False,False,True,False,False,True,3
АСУ ТП передачи #3736,Топливная промышленность,Региональный,Один город,Низкая,189016,3,80159,48.0,10,28,99411,3286,False,True,False,False,True,False,False,True,False,False,1
Платформа управления #3737,Энергетика,Региональный,Несколько муниципалитетов,Низкая,60867,3,759638,48.0,2,5,51582,1468,False,True,False,False,True,False,False,True,False,False,1
Платформа аналитики #3738,Связь,Федеральный,Субъект РФ,Низкая,605921,8,45019,72.0,8,15,357266,509,False,False,False,False,True,False,False,False,True,False,1
ИС мониторинга #3739,Транспорт,Объектовый,Несколько муниципалитетов,Средняя,1252,3,2058865,72.0,2,5,504,342,False,True,False,True,False,False,True,True,False,False,1
Сеть обработки #3740,Энергетика,Объектовый,Федеральный округ,Низкая,1921,28,117315,24.0,4,4,1406,1270,False,True,False,False,True,False,False,False,True,False,1
ИС мониторинга #3741,Наука,Региональный,Федеральный округ,Высокая,146856,21,118461882,8.0,5,13,159943,602,True,True,True,False,True,False,False,False,False,True,3
Сервис хранения #3742,Энергетика,Объектовый,Субъект РФ,Высокая,1709,3,371215639,12.0,3,5,426,1448,True,True,False,False,True,False,False,False,True,False,1
Сервис управления #3743,Банковская сфера,Региональный,Субъект РФ,Высокая,175206,4,102382209,4.0,7,18,226205,407,True,True,False,False,False,False,False,False,False,True,3
ИС аналитики #3744,Транспорт,Объектовый,Вся страна,Критическая,618,77,237441370,1.0,3,8,465,552,True,True,False,True,False,False,True,True,False,False,3
Платформа обработки #3745,Наука,Федеральный,Вся страна,Низкая,314409,62,255196,48.0,14,14,167928,5974,False,False,False,False,False,False,False,False,False,False,2
АСУ ТП обработки #3746,Банковская сфера,Региональный,Один город,Высокая,270590,3,5051405,4.0,15,10,127960,3669,True,False,False,False,False,False,False,False,False,True,2
Сеть хранения #3747,Оборонная промышленность,Региональный,Несколько муниципалитетов,Низкая,163227,1,138988,24.0,9,6,62195,139,False,False,False,False,False,True,False,False,False,True,2
Система аналитики #3748,Энергетика,Муниципальный,Несколько муниципалитетов,Средняя,82107,3,1032215,48.0,10,6,60318,821,False,True,False,False,True,False,False,False,False,False,1
Платформа аналитики #3749,Оборонная промышленность,Региональный,Федеральный округ,Критическая,342326,29,9784540,2.0,12,5,179158,1622,True,False,False,False,False,True,False,False,False,True,3
Портал управления #3750,Наука,Региональный,Федеральный округ,Высокая,146820,24,20467546,4.0,6,24,52230,1448,True,False,False,False,False,False,False,False,False,False,2
Сервис хранения #3751,Энергетика,Региональный,Несколько муниципалитетов,Низкая,70778,4,209395,24.0,10,15,38302,2759,False,True,True,False,True,False,True,False,False,True,2
АСУ ТП хранения #3752,Наука,Региональный,Вся страна,Высокая,374754,72,206605208,24.0,7,3,83086,1563,True,False,False,False,False,False,True,False,False,False,2
Система передачи #3753,Транспорт,Региональный,Один город,Высокая,53196,3,294643830,4.0,6,6,58587,152,True,True,False,True,False,False,True,True,True,False,3
Система управления #3754,Государственное управление,Объектовый,Субъект РФ,Критическая,2553,2,40124062,4.0,3,3,1039,389,True,False,True,False,False,True,True,False,False,False,2
АСУ ТП передачи #3755,Наука,Региональный,Один город,Средняя,93937,3,2205499,48.0,9,19,72653,2269,False,False,False,False,False,False,False,False,False,False,1
Система мониторинга #3756,Наука,Региональный,Один город,Низкая,113780,2,199923,72.0,10,5,138740,1743,False,False,False,False,False,False,False,False,False,False,1
АСУ ТП передачи #3757,Оборонная промышленность,Региональный,Субъект РФ,Низкая,309243,9,109721,48.0,7,19,103162,970,True,True,False,False,False,True,False,False,False,True,3
Сервис обработки #3758,Связь,Федеральный,Один город,Критическая,1067180,2,9520983,0.5,13,29,588360,1583,True,False,False,True,True,False,False,False,True,False,3
Сеть обработки #3759,Топливная промышленность,Региональный,Вся страна,Высокая,103120,70,14116406,8.0,10,20,108325,3522,True,True,False,False,True,False,False,False,False,False,2
Платформа передачи #3760,Связь,Региональный,Несколько муниципалитетов,Средняя,260875,3,51501682,168.0,10,17,235621,2050,False,False,False,False,False,False,False,False,True,False,1
Портал хранения #3761,Топливная промышленность,Объектовый,Один город,Низкая,693,1,91111,72.0,3,7,281,232,False,True,False,False,True,False,True,False,False,False,0
Сервис передачи #3762,Здравоохранение,Региональный,Федеральный округ,Средняя,77366,20,36662871,72.0,7,6,47501,3075,False,False,False,True,False,False,False,False,False,False,2
ИС хранения #3763,Энергетика,Объектовый,Один город,Средняя,3368,4,1391440,168.0,3,2,3975,404,False,True,False,False,True,False,False,False,False,False,0
ИС хранения #3764,Транспорт,Муниципальный,Несколько муниципалитетов,Низкая,63589,1,400831,168.0,4,7,25667,164,False,True,False,True,False,False,True,True,False,False,2
Портал мониторинга #3765,Государственное управление,Объектовый,Федеральный округ,Средняя,2849,28,8861535,24.0,3,4,2801,57,False,False,True,False,False,True,True,False,False,True,2
АСУ ТП аналитики #3766,Государственное управление,Муниципальный,Субъект РФ,Средняя,57716,6,1232454,168.0,4,4,70969,86,True,False,True,False,True,True,True,False,False,True,2
Система хранения #3767,Государственное управление,Объектовый,Субъект РФ,Низкая,1176,7,140479,72.0,2,5,371,60,False,False,True,False,False,False,True,False,True,False,1
Платформа аналитики #3768,Оборонная промышленность,Объектовый,Один город,Низкая,2328,2,140755,72.0,3,3,2170,857,False,False,False,False,True,True,False,False,False,True,1
Портал хранения #3769,Здравоохранение,Федеральный,Субъект РФ,Низкая,841277,9,1024756,24.0,6,16,637842,5366,False,True,False,True,False,False,False,True,False,False,3
Платформа аналитики #3770,Транспорт,Федеральный,Вся страна,Высокая,757416,73,176153086,8.0,11,23,191636,2183,True,True,True,True,False,False,True,True,False,False,3
Платформа управления #3771,Наука,Объектовый,Вся страна,Низкая,2563,70,123822,24.0,3,3,523,132,False,False,False,False,False,False,False,False,False,False,0
Платформа хранения #3772,Топливная промышленность,Муниципальный,Вся страна,Низкая,31826,54,169147,72.0,4,14,9780,1993,False,True,False,False,True,False,False,False,False,False,1
Система аналитики #3773,Связь,Объектовый,Федеральный округ,Средняя,1175,22,2358568,72.0,2,7,1489,287,False,False,False,False,False,False,False,False,True,False,0
Сеть управления #3774,Энергетика,Муниципальный,Один город,Средняя,44445,1,2622288,48.0,7,10,10102,1276,False,True,True,False,True,False,False,False,False,True,1
Сеть аналитики #3775,Транспорт,Объектовый,Несколько муниципалитетов,Средняя,834,3,1817839,168.0,2,7,170,54,False,True,False,True,False,False,True,True,True,False,1
ИС хранения #3776,Наука,Региональный,Вся страна,Средняя,47456,57,5646076,72.0,13,9,36936,691,False,True,False,False,True,False,False,False,False,False,1
Портал хранения #3777,Топливная промышленность,Региональный,Федеральный округ,Средняя,275186,15,12276075,168.0,6,12,291716,1062,True,True,False,False,True,False,False,True,False,False,2
Сеть передачи #3778,Связь,Региональный,Вся страна,Средняя,53329,51,2547781,48.0,8,21,48007,1204,False,False,False,False,False,False,False,False,True,False,1
АСУ ТП управления #3779,Наука,Региональный,Вся страна,Средняя,273319,71,6363129,24.0,8,10,134269,3524,False,False,False,False,False,False,False,False,False,False,1
Система обработки #3780,Энергетика,Муниципальный,Федеральный округ,Высокая,41532,26,14196685,24.0,3,7,17983,989,True,True,False,False,True,False,False,False,False,False,1
Портал хранения #3781,Связь,Региональный,Субъект РФ,Критическая,56304,4,63538136,0.5,4,19,72446,2262,True,False,False,False,False,False,True,False,True,False,2
Портал управления #3782,Государственное управление,Муниципальный,Вся страна,Критическая,53255,57,271895954,4.0,4,5,15222,2364,True,False,True,True,False,True,True,False,False,True,3
Система обработки #3783,Транспорт,Региональный,Федеральный округ,Средняя,172395,16,2426676,24.0,6,4,229147,783,False,True,True,True,False,False,True,True,False,True,3
Портал обработки #3784,Наука,Региональный,Вся страна,Средняя,64565,61,715242,24.0,6,10,43716,1463,True,True,False,False,False,False,False,False,False,False,2
Система хранения #3785,Связь,Региональный,Вся страна,Средняя,180206,55,1510997,72.0,8,23,211085,80,False,True,False,False,False,False,False,False,True,False,2
Портал управления #3786,Государственное управление,Региональный,Вся страна,Средняя,433442,61,8480838,24.0,8,3,71741,2221,False,False,True,False,False,True,True,False,False,True,3
Сеть мониторинга #3787,Транспорт,Региональный,Вся страна,Средняя,231927,87,276456,72.0,6,10,223423,254,False,True,False,True,False,False,True,True,False,False,3
Сервис управления #3788,Оборонная промышленность,Региональный,Вся страна,Средняя,384943,69,1128586,48.0,13,15,90018,1740,False,False,True,False,True,True,False,False,False,True,3
Платформа управления #3789,Оборонная промышленность,Объектовый,Несколько муниципалитетов,Высокая,1793,1,16547801,24.0,1,4,437,145,True,False,False,False,False,True,False,False,False,True,2
Сеть аналитики #3790,Топливная промышленность,Региональный,Федеральный округ,Высокая,268629,11,218530905,4.0,10,16,154625,4412,True,True,False,False,True,False,False,False,True,False,3
Система управления #3791,Транспорт,Федеральный,Субъект РФ,Высокая,274174,5,64087412,12.0,14,20,199409,2023,True,True,False,True,False,False,True,True,False,False,3
АСУ ТП аналитики #3792,Здравоохранение,Федеральный,Несколько муниципалитетов,Средняя,420525,2,6508441,24.0,16,30,509011,268,False,False,False,True,False,False,True,False,True,False,3
Сеть обработки #3793,Банковская сфера,Объектовый,Федеральный округ,Высокая,745,10,4141914,8.0,2,5,485,996,True,False,False,False,False,False,False,False,True,True,1
Платформа обработки #3794,Оборонная промышленность,Объектовый,Федеральный округ,Высокая,1143,29,230373664,12.0,2,6,1575,556,True,False,False,False,False,False,False,False,False,True,2
Сервис хранения #3795,Топливная промышленность,Муниципальный,Один город,Низкая,49378,2,129221,168.0,9,6,22374,400,False,True,False,False,True,False,False,False,False,False,1
Сервис хранения #3796,Оборонная промышленность,Муниципальный,Федеральный округ,Средняя,56377,25,2283526,48.0,3,8,64662,518,False,True,False,False,False,True,False,False,False,True,2
Портал мониторинга #3797,Энергетика,Муниципальный,Вся страна,Критическая,19677,82,175969949,1.0,5,1,7461,872,True,True,False,True,True,False,False,False,False,False,3
АСУ ТП мониторинга #3798,Наука,Объектовый,Субъект РФ,Низкая,3376,5,248464,24.0,4,6,3426,534,False,True,False,False,True,False,False,False,False,False,0
Портал передачи #3799,Связь,Муниципальный,Субъект РФ,Высокая,11545,3,26500358,4.0,7,8,17294,56,True,False,False,False,False,False,False,False,True,False,1
Платформа обработки #3800,Связь,Муниципальный,Вся страна,Средняя,4503,62,7809514,24.0,4,9,3046,861,False,True,False,False,False,False,False,False,True,False,1
ИС управления #3801,Наука,Объектовый,Несколько муниципалитетов,Высокая,1169,4,2594594,4.0,4,4,366,1377,True,False,False,False,False,False,False,False,False,False,1
ИС аналитики #3802,Связь,Региональный,Вся страна,Высокая,127553,86,31844720,12.0,10,27,27550,373,True,False,False,False,False,False,False,False,True,False,2
Система передачи #3803,Государственное управление,Региональный,Один город,Низкая,213733,1,120787,24.0,8,16,303628,1536,False,False,True,False,False,True,True,False,False,True,3
АСУ ТП аналитики #3804,Банковская сфера,Муниципальный,Несколько муниципалитетов,Средняя,5244,1,151209974,72.0,7,4,7279,706,False,False,False,False,False,False,False,False,False,True,1
Сервис мониторинга #3805,Государственное управление,Объектовый,Субъект РФ,Низкая,812,8,183119,24.0,4,4,748,96,False,False,True,False,False,True,True,False,False,False,2
Сервис передачи #3806,Связь,Федеральный,Субъект РФ,Низкая,1613207,3,229017,72.0,13,20,1289391,1860,False,True,False,False,False,False,False,False,True,False,2
Портал хранения #3807,Транспорт,Региональный,Субъект РФ,Критическая,145605,2,62281276,0.5,5,18,156414,580,True,True,False,True,False,False,True,True,False,False,3
Система передачи #3808,Топливная промышленность,Муниципальный,Федеральный округ,Критическая,38352,22,18456373,2.0,5,12,44211,100,True,True,False,True,True,False,False,False,False,False,3
Портал мониторинга #3809,Банковская сфера,Федеральный,Несколько муниципалитетов,Средняя,647526,1,1394346,48.0,11,15,458692,3303,True,False,False,False,False,False,False,False,False,True,2
Портал мониторинга #3810,Здравоохранение,Муниципальный,Один город,Средняя,72398,2,698799,48.0,6,11,50894,259,False,False,False,True,True,False,False,False,False,False,1
ИС управления #3811,Оборонная промышленность,Объектовый,Несколько муниципалитетов,Высокая,3449,2,77491651,8.0,1,6,3996,432,True,False,False,False,False,True,False,False,False,True,2
Портал управления #3812,Оборонная промышленность,Федеральный,Субъект РФ,Высокая,438072,7,297958291,8.0,9,19,533616,3347,True,False,True,False,False,True,False,False,False,True,3
Сервис управления #3813,Связь,Региональный,Федеральный округ,Средняя,307688,11,14225726,72.0,11,20,88793,445,False,False,False,False,False,False,False,False,True,False,1
Сервис обработки #3814,Государственное управление,Объектовый,Субъект РФ,Средняя,985,9,682997,48.0,4,4,535,308,False,False,True,False,False,True,True,False,False,True,2
АСУ ТП аналитики #3815,Оборонная промышленность,Объектовый,Один город,Низкая,3431,3,227410,48.0,4,5,1592,1012,False,False,False,False,True,True,False,False,False,True,1
Портал обработки #3816,Здравоохранение,Региональный,Один город,Низкая,307569,2,127873,72.0,10,23,247552,2706,False,True,False,True,False,False,False,False,False,False,2
Портал передачи #3817,Банковская сфера,Региональный,Один город,Высокая,200891,2,112308279,8.0,5,19,211601,385,True,False,False,False,False,False,False,False,False,True,2
АСУ ТП управления #3818,Государственное управление,Региональный,Федеральный округ,Средняя,173060,14,10718670,24.0,10,2,257195,606,False,False,True,False,False,True,True,False,False,True,3
Портал мониторинга #3819,Здравоохранение,Объектовый,Вся страна,Средняя,1670,66,767401,168.0,1,2,2332,705,False,True,False,True,False,False,False,True,False,False,2
Портал аналитики #3820,Транспорт,Региональный,Федеральный округ,Высокая,64263,27,52935336,12.0,6,14,80546,2202,True,True,False,True,False,False,True,True,False,False,3
Система аналитики #3821,Энергетика,Муниципальный,Вся страна,Критическая,8667,77,251877042,0.5,6,16,9810,2193,True,True,False,True,True,False,False,False,False,False,3
ИС аналитики #3822,Связь,Муниципальный,Один город,Высокая,39564,3,37180110,24.0,6,8,12858,785,True,False,False,False,False,False,False,False,True,False,1
Система передачи #3823,Наука,Региональный,Вся страна,Высокая,291952,50,187450249,12.0,6,16,247673,1388,True,False,False,False,False,False,True,False,False,False,3
Портал обработки #3824,Оборонная промышленность,Муниципальный,Один город,Низкая,31094,4,1854984,24.0,7,8,35825,222,False,False,True,False,True,True,False,False,False,True,2
ИС управления #3825,Наука,Федеральный,Субъект РФ,Средняя,566427,1,423399,72.0,7,40,437770,277,False,False,True,False,False,False,False,False,False,True,2
ИС управления #3826,Оборонная промышленность,Объектовый,Субъект РФ,Средняя,1806,9,8328757,72.0,3,2,718,428,False,True,False,False,False,True,False,False,False,True,2
Система аналитики #3827,Энергетика,Региональный,Один город,Низкая,202485,2,164917,24.0,8,17,73719,1897,False,True,False,False,True,False,False,False,False,False,1
Портал аналитики #3828,Энергетика,Федеральный,Субъект РФ,Высокая,1057905,1,169943686,8.0,7,9,629151,654,True,True,False,False,True,False,False,False,False,False,3
Портал обработки #3829,Банковская сфера,Региональный,Субъект РФ,Средняя,64911,1,5460399,168.0,12,15,87638,1177,False,False,True,False,False,False,False,False,False,True,1
Платформа хранения #3830,Энергетика,Муниципальный,Вся страна,Низкая,25008,86,104924,24.0,5,17,35839,1593,False,True,False,False,True,False,True,False,False,False,1
Сервис управления #3831,Энергетика,Региональный,Федеральный округ,Средняя,48426,24,9781398,72.0,7,21,69151,704,True,True,False,False,True,False,False,False,False,False,2
Платформа обработки #3832,Банковская сфера,Региональный,Субъект РФ,Средняя,80587,8,565266,168.0,9,14,46191,1329,True,True,False,False,False,False,False,False,True,True,2
ИС обработки #3833,Энергетика,Региональный,Вся страна,Средняя,152251,74,2425791,24.0,6,13,84593,4244,False,True,True,False,True,False,False,False,False,True,3
АСУ ТП хранения #3834,Транспорт,Федеральный,Федеральный округ,Низкая,247426,24,79365,24.0,15,15,353818,2095,False,True,False,True,False,False,True,True,False,False,3
Сеть мониторинга #3835,Государственное управление,Региональный,Вся страна,Высокая,326571,60,20746892,24.0,8,12,406381,3079,True,False,True,False,False,True,True,False,True,False,3
Платформа аналитики #3836,Оборонная промышленность,Объектовый,Субъект РФ,Низкая,2490,1,61346,72.0,4,2,3186,46,False,False,False,False,False,False,False,False,False,True,0
Сервис мониторинга #3837,Энергетика,Муниципальный,Федеральный округ,Высокая,26233,23,346385037,12.0,6,3,10829,1112,True,True,False,False,True,False,True,False,False,False,2
ИС управления #3838,Банковская сфера,Объектовый,Федеральный округ,Низкая,4010,28,55121,24.0,2,6,2461,858,False,False,False,False,False,False,False,False,False,True,1
АСУ ТП хранения #3839,Транспорт,Муниципальный,Субъект РФ,Низкая,46986,3,450511,24.0,7,11,44234,303,False,True,False,True,False,False,True,True,False,False,2
Портал передачи #3840,Связь,Региональный,Вся страна,Высокая,217569,82,110586395,12.0,3,16,284109,593,True,False,False,False,False,False,False,False,True,False,2
АСУ ТП аналитики #3841,Наука,Федеральный,Один город,Критическая,287245,1,311416423,2.0,23,13,74220,3757,True,False,False,True,False,True,False,False,False,True,3
Платформа аналитики #3842,Топливная промышленность,Региональный,Субъект РФ,Высокая,91390,4,519274815,24.0,6,19,117205,819,True,True,False,False,True,False,False,False,False,False,3
Система обработки #3843,Банковская сфера,Региональный,Федеральный округ,Низкая,155434,15,109561,48.0,10,20,144380,2410,True,False,False,False,False,False,False,False,False,True,2
Система управления #3844,Транспорт,Региональный,Вся страна,Средняя,151752,54,2455245,24.0,9,17,122733,151,False,True,False,True,False,False,True,True,False,False,3
Система обработки #3845,Транспорт,Федеральный,Вся страна,Средняя,229333,52,9174536,48.0,14,15,77792,1496,False,True,False,True,False,False,True,True,True,False,3
Платформа передачи #3846,Государственное управление,Объектовый,Несколько муниципалитетов,Средняя,1221,1,4062897,168.0,2,3,1756,183,True,False,True,False,False,True,True,False,False,True,2
Сервис управления #3847,Транспорт,Федеральный,Вся страна,Низкая,600473,70,223349,168.0,13,18,556495,4864,True,True,False,True,False,False,True,True,False,False,3
Сервис мониторинга #3848,Наука,Объектовый,Один город,Средняя,1963,2,7648056,24.0,3,5,647,1071,False,False,False,False,False,False,False,False,False,False,0
АСУ ТП управления #3849,Топливная промышленность,Муниципальный,Федеральный округ,Высокая,37705,19,172121466,24.0,4,6,4551,138,True,True,False,False,True,False,False,False,False,False,2
Система обработки #3850,Связь,Региональный,Федеральный округ,Высокая,153755,16,31824651,4.0,6,27,187305,2431,True,False,False,False,False,False,False,False,True,False,2
Сервис аналитики #3851,Государственное управление,Региональный,Субъект РФ,Критическая,15228,8,124402241,2.0,12,22,11548,1285,True,False,True,True,False,False,True,False,False,True,3
Сеть мониторинга #3852,Энергетика,Региональный,Несколько муниципалитетов,Средняя,68943,1,4382048,48.0,16,21,95525,586,False,True,False,False,True,False,False,False,False,False,1
Портал обработки #3853,Наука,Муниципальный,Несколько муниципалитетов,Средняя,35990,4,7253556,48.0,5,11,19068,324,True,True,False,False,False,False,False,False,False,False,1
ИС передачи #3854,Транспорт,Объектовый,Один город,Высокая,206,1,162281361,4.0,2,4,248,325,True,True,False,True,False,False,True,True,False,False,3
ИС управления #3855,Энергетика,Муниципальный,Федеральный округ,Критическая,50078,15,47440840,1.0,5,10,6997,1920,True,True,False,True,True,False,False,False,False,False,3
Портал аналитики #3856,Топливная промышленность,Объектовый,Вся страна,Средняя,3614,62,1963152,24.0,5,5,364,723,True,True,False,False,True,False,False,False,False,False,1
Система хранения #3857,Оборонная промышленность,Объектовый,Вся страна,Низкая,1468,59,349931,168.0,3,1,1996,250,True,False,False,False,False,True,False,False,False,True,2
Сервис мониторинга #3858,Наука,Региональный,Субъект РФ,Низкая,74014,7,144200,168.0,11,20,86901,466,False,False,False,False,False,False,False,False,False,False,1
Платформа аналитики #3859,Здравоохранение,Региональный,Федеральный округ,Средняя,114813,15,8073932,48.0,6,7,96737,1669,False,False,False,True,False,False,False,False,False,False,2
АСУ ТП управления #3860,Государственное управление,Муниципальный,Субъект РФ,Высокая,9992,1,58871285,8.0,8,7,5814,128,True,True,True,False,False,True,True,False,False,False,2
Платформа обработки #3861,Государственное управление,Муниципальный,Субъект РФ,Низкая,8048,5,315091,24.0,6,16,4158,2549,False,False,True,False,False,False,True,False,False,True,1
Портал обработки #3862,Наука,Федеральный,Субъект РФ,Критическая,1139537,9,118766561,1.0,18,22,708362,2363,True,False,False,True,False,False,False,False,False,False,3
АСУ ТП обработки #3863,Здравоохранение,Объектовый,Федеральный округ,Критическая,4468,21,20612829,4.0,5,3,6114,881,True,False,False,True,False,False,False,False,False,False,2
Портал управления #3864,Банковская сфера,Муниципальный,Вся страна,Средняя,37278,60,4003551,72.0,8,6,35466,684,True,False,False,False,False,False,False,False,False,True,1
Портал управления #3865,Связь,Муниципальный,Несколько муниципалитетов,Средняя,46109,2,554084,72.0,5,15,19086,1887,False,False,False,False,False,False,False,False,True,False,0
Система управления #3866,Энергетика,Муниципальный,Федеральный округ,Критическая,12293,10,47678959,2.0,8,8,1996,74,True,True,False,True,True,False,False,False,False,False,3
Платформа аналитики #3867,Энергетика,Объектовый,Вся страна,Средняя,903,84,2344545,72.0,3,7,964,501,True,True,False,False,True,False,False,False,False,False,1
АСУ ТП управления #3868,Наука,Объектовый,Несколько муниципалитетов,Высокая,1136,1,114319734,8.0,3,7,1304,392,True,False,False,False,False,False,False,False,False,False,1
Сервис обработки #3869,Наука,Муниципальный,Вся страна,Средняя,8195,79,2723204,24.0,5,14,3210,3049,False,False,True,False,False,False,False,False,False,False,1
Сеть аналитики #3870,Энергетика,Объектовый,Один город,Высокая,2166,2,55830466,12.0,4,3,3223,639,True,True,False,False,True,False,False,True,False,False,1
АСУ ТП хранения #3871,Связь,Муниципальный,Несколько муниципалитетов,Средняя,40231,1,4807056,24.0,3,11,38522,1359,True,False,False,False,False,False,True,False,True,False,1
ИС хранения #3872,Банковская сфера,Федеральный,Субъект РФ,Средняя,741647,7,4318956,72.0,13,17,268945,2266,False,True,False,False,False,False,False,False,False,True,2
Сеть обработки #3873,Государственное управление,Региональный,Субъект РФ,Средняя,339532,4,3818317,168.0,16,8,316332,1282,False,False,True,False,False,True,True,False,False,True,3
АСУ ТП управления #3874,Оборонная промышленность,Федеральный,Несколько муниципалитетов,Высокая,1316681,4,141301777,8.0,10,20,1537647,1882,True,False,False,False,False,True,False,False,False,True,3
Портал управления #3875,Здравоохранение,Объектовый,Федеральный округ,Средняя,2382,13,998366,168.0,1,1,1457,320,True,False,False,True,False,False,False,False,False,False,1
ИС мониторинга #3876,Транспорт,Федеральный,Несколько муниципалитетов,Низкая,666928,1,144012,48.0,3,10,296508,1442,True,True,False,True,False,False,True,True,False,False,3
Портал обработки #3877,Связь,Муниципальный,Субъект РФ,Низкая,52364,2,25253,168.0,7,1,73305,1557,False,True,False,False,False,False,False,False,True,False,1
Сервис передачи #3878,Банковская сфера,Объектовый,Субъект РФ,Средняя,918,9,1559273,24.0,2,5,382,77,True,False,False,False,True,False,False,False,True,True,1
Платформа мониторинга #3879,Топливная промышленность,Муниципальный,Один город,Средняя,10271,4,2474289,168.0,4,1,7878,729,False,True,False,False,True,False,False,False,False,False,0
АСУ ТП мониторинга #3880,Оборонная промышленность,Муниципальный,Один город,Высокая,58398,3,6889250,4.0,4,10,71767,388,True,True,False,False,False,False,False,False,False,True,2
Сеть хранения #3881,Оборонная промышленность,Объектовый,Федеральный округ,Средняя,624,18,253017,72.0,3,4,367,147,False,False,False,False,False,True,False,False,False,True,1
Сервис мониторинга #3882,Транспорт,Муниципальный,Несколько муниципалитетов,Низкая,73813,4,231828,168.0,5,8,79809,277,False,True,False,True,True,False,True,True,False,False,2
Сервис обработки #3883,Энергетика,Региональный,Вся страна,Низкая,45362,63,269964,168.0,9,11,52784,751,False,True,False,False,True,False,False,False,False,False,1
ИС передачи #3884,Энергетика,Региональный,Федеральный округ,Средняя,196171,22,10132793,24.0,12,8,250821,574,True,True,False,False,True,False,True,False,False,False,2
Система мониторинга #3885,Энергетика,Региональный,Субъект РФ,Высокая,316299,3,97409377,12.0,10,15,409677,1365,True,True,False,False,True,False,True,False,False,False,2
ИС управления #3886,Наука,Муниципальный,Субъект РФ,Средняя,28023,8,32620703,48.0,3,6,21595,2186,False,False,False,False,False,False,False,False,False,False,0
Система мониторинга #3887,Государственное управление,Объектовый,Вся страна,Средняя,1287,72,609530,24.0,2,6,1631,892,True,False,True,False,False,True,True,False,False,True,2
АСУ ТП хранения #3888,Наука,Региональный,Несколько муниципалитетов,Высокая,178778,2,145550451,12.0,7,18,114784,1610,True,True,False,False,False,False,False,False,False,False,2
Система обработки #3889,Банковская сфера,Объектовый,Субъект РФ,Средняя,793,9,683599,48.0,1,3,482,950,True,False,False,False,False,False,False,False,False,True,1
Портал передачи #3890,Энергетика,Объектовый,Один город,Средняя,3968,1,4792451,72.0,3,2,1889,356,True,True,False,False,True,False,False,False,False,False,0
Сеть мониторинга #3891,Государственное управление,Региональный,Субъект РФ,Средняя,331011,4,752465,24.0,14,11,327230,3231,False,False,True,False,False,True,True,True,False,True,3
АСУ ТП управления #3892,Транспорт,Федеральный,Субъект РФ,Средняя,1201083,3,4121848,24.0,18,17,961065,3613,True,True,False,True,False,False,True,True,False,False,3
Система передачи #3893,Топливная промышленность,Региональный,Вся страна,Низкая,188661,62,282702,24.0,6,17,174593,1067,False,True,False,False,True,False,False,False,False,False,2
Сеть управления #3894,Наука,Региональный,Вся страна,Средняя,45525,62,6673524,24.0,11,11,13718,427,False,False,False,False,False,False,False,False,False,False,1
Сервис управления #3895,Оборонная промышленность,Муниципальный,Субъект РФ,Низкая,51445,7,45366,72.0,6,12,55404,2033,False,False,False,False,False,True,False,False,False,True,2
Портал аналитики #3896,Банковская сфера,Региональный,Несколько муниципалитетов,Средняя,363352,2,213138,72.0,14,17,236792,236,False,False,False,False,False,False,False,False,False,True,1
Портал обработки #3897,Энергетика,Региональный,Федеральный округ,Высокая,284056,12,155878830,4.0,3,8,260731,280,True,True,False,False,True,False,False,False,False,False,3
Сервис управления #3898,Государственное управление,Региональный,Федеральный округ,Средняя,127754,25,2652710,72.0,8,25,69368,4580,False,False,True,False,False,True,True,False,False,True,3
АСУ ТП хранения #3899,Банковская сфера,Региональный,Несколько муниципалитетов,Низкая,223683,3,237352,72.0,10,31,156505,365,False,False,False,False,False,False,False,False,False,False,1
ИС хранения #3900,Оборонная промышленность,Региональный,Субъект РФ,Средняя,468459,8,36533467,168.0,11,17,241344,3579,False,False,False,False,False,True,False,True,False,True,3
ИС управления #3901,Государственное управление,Объектовый,Федеральный округ,Критическая,1647,23,8409280,0.5,3,4,1227,176,True,False,True,True,False,False,True,False,False,True,3
Платформа аналитики #3902,Транспорт,Объектовый,Федеральный округ,Низкая,3527,24,1767466,72.0,3,1,576,513,False,True,False,True,False,False,True,True,True,False,2
Платформа хранения #3903,Здравоохранение,Объектовый,Федеральный округ,Высокая,1444,11,170812364,4.0,3,5,1158,55,True,False,False,True,False,False,False,False,False,False,2
Сеть управления #3904,Наука,Федеральный,Субъект РФ,Средняя,639354,9,7675353,72.0,11,18,104378,685,False,True,False,False,True,False,False,False,False,False,2
АСУ ТП мониторинга #3905,Наука,Федеральный,Вся страна,Низкая,705141,58,124532,72.0,16,26,847027,2023,False,False,False,False,False,False,False,False,False,False,2
Сеть управления #3906,Наука,Региональный,Несколько муниципалитетов,Низкая,54659,3,154874,24.0,2,7,59401,386,False,True,False,False,False,False,False,False,False,False,1
Платформа управления #3907,Здравоохранение,Муниципальный,Субъект РФ,Высокая,40823,3,94601748,12.0,8,15,55776,1146,True,True,False,True,False,False,False,False,True,False,2
Портал мониторинга #3908,Наука,Муниципальный,Вся страна,Высокая,7351,58,67840265,4.0,6,17,3504,929,True,False,False,False,False,False,False,False,False,False,2
Сервис мониторинга #3909,Связь,Региональный,Вся страна,Высокая,69378,69,228662909,24.0,10,20,33795,2612,True,True,False,False,True,False,False,False,True,False,2
Сервис аналитики #3910,Наука,Муниципальный,Вся страна,Средняя,71838,71,2853230,168.0,9,13,37566,644,True,False,True,False,False,False,False,False,False,True,2
Сервис обработки #3911,Топливная промышленность,Муниципальный,Один город,Низкая,14264,3,266693,48.0,2,9,10488,1999,False,True,False,False,True,False,False,True,False,False,0
Портал хранения #3912,Связь,Муниципальный,Вся страна,Высокая,14018,53,10849666,4.0,9,8,16303,199,True,False,False,False,False,False,False,False,True,False,2
АСУ ТП обработки #3913,Оборонная промышленность,Федеральный,Вся страна,Низкая,1164775,54,159278,72.0,16,16,1261261,2029,False,True,False,False,False,True,False,False,False,True,3
Система управления #3914,Банковская сфера,Федеральный,Несколько муниципалитетов,Высокая,354540,3,20543110,24.0,9,25,216460,4665,True,False,False,False,True,False,False,False,True,False,2
ИС аналитики #3915,Оборонная промышленность,Муниципальный,Субъект РФ,Средняя,46749,1,8258273,72.0,10,6,48240,1491,False,False,False,False,False,True,False,False,False,True,1
Портал обработки #3916,Топливная промышленность,Объектовый,Вся страна,Высокая,561,64,12607523,24.0,2,6,536,1247,True,True,False,False,True,False,True,True,False,False,1
АСУ ТП передачи #3917,Государственное управление,Региональный,Один город,Средняя,194752,4,2469295,72.0,9,14,145839,761,True,False,True,False,False,True,True,True,True,False,3
Платформа мониторинга #3918,Наука,Объектовый,Вся страна,Высокая,1381,70,14163986,24.0,2,4,173,769,True,False,False,False,False,False,True,False,False,False,1
Портал хранения #3919,Связь,Муниципальный,Вся страна,Высокая,41606,57,272989738,4.0,7,5,37675,825,True,False,False,False,False,False,False,False,True,False,2
ИС передачи #3920,Топливная промышленность,Объектовый,Федеральный округ,Критическая,1789,10,185416464,4.0,3,4,2416,871,True,True,False,True,True,False,False,False,False,False,3
Система хранения #3921,Транспорт,Федеральный,Федеральный округ,Средняя,539761,21,1023378,48.0,10,12,201486,1495,False,True,False,True,False,False,True,True,True,False,3
Сеть хранения #3922,Транспорт,Региональный,Несколько муниципалитетов,Средняя,156336,2,255503,72.0,6,19,67410,2650,False,True,True,True,True,False,True,True,False,True,3
Платформа мониторинга #3923,Энергетика,Объектовый,Субъект РФ,Средняя,3397,5,897091,168.0,2,3,1479,296,False,True,False,False,True,False,False,False,False,False,0
Платформа аналитики #3924,Банковская сфера,Объектовый,Вся страна,Высокая,439,86,6083042,4.0,4,3,55,989,True,False,False,False,False,False,False,False,False,True,1
ИС аналитики #3925,Оборонная промышленность,Объектовый,Несколько муниципалитетов,Средняя,1385,1,1706806,24.0,1,2,1692,179,False,False,False,False,False,True,False,False,False,True,1
Сеть мониторинга #3926,Здравоохранение,Региональный,Субъект РФ,Средняя,76870,7,2743828,24.0,8,21,21392,2168,True,True,False,True,False,False,False,False,False,False,3
Портал мониторинга #3927,Здравоохранение,Региональный,Несколько муниципалитетов,Высокая,265984,3,30254050,12.0,5,22,336335,1093,True,False,False,True,False,False,False,True,False,False,2
Платформа обработки #3928,Энергетика,Региональный,Вся страна,Низкая,147974,84,151337,48.0,11,21,109293,874,True,True,False,False,True,False,False,False,False,False,2
Сервис обработки #3929,Здравоохранение,Региональный,Вся страна,Высокая,176235,87,510423385,8.0,11,16,49936,255,True,False,False,True,False,False,False,False,False,False,3
Сеть аналитики #3930,Здравоохранение,Региональный,Федеральный округ,Средняя,67882,21,4950045,24.0,2,10,69794,404,False,False,False,True,False,False,True,False,False,False,2
АСУ ТП мониторинга #3931,Здравоохранение,Объектовый,Несколько муниципалитетов,Низкая,933,1,328225,24.0,1,5,236,824,True,False,False,True,False,False,True,False,False,False,1
Платформа управления #3932,Банковская сфера,Объектовый,Один город,Средняя,666,1,3831993,24.0,3,8,147,201,False,False,False,False,False,False,False,False,False,True,0
ИС хранения #3933,Банковская сфера,Региональный,Несколько муниципалитетов,Низкая,310888,1,53600,72.0,10,15,204590,1109,False,False,False,False,False,False,False,False,True,True,1
АСУ ТП мониторинга #3934,Энергетика,Федеральный,Федеральный округ,Средняя,355157,12,1512332,72.0,11,7,505668,2844,False,True,False,False,True,False,True,False,False,False,2
Сервис передачи #3935,Наука,Федеральный,Субъект РФ,Высокая,684853,1,35168565,12.0,14,17,289977,4178,True,False,False,False,False,False,False,False,False,False,2
Система передачи #3936,Наука,Региональный,Субъект РФ,Высокая,373711,1,7546786,24.0,6,18,383505,2591,True,False,False,False,False,False,False,False,False,False,1
Портал хранения #3937,Здравоохранение,Объектовый,Один город,Средняя,2959,2,2977257,168.0,3,3,817,105,True,False,False,True,False,False,False,False,False,False,1
Портал мониторинга #3938,Транспорт,Объектовый,Вся страна,Высокая,262,72,11963932,8.0,3,6,134,15,True,True,False,True,False,False,True,True,False,False,2
Портал хранения #3939,Здравоохранение,Объектовый,Один город,Высокая,1761,1,221039888,4.0,1,4,277,558,True,False,False,True,False,False,False,False,False,False,2
ИС хранения #3940,Банковская сфера,Объектовый,Несколько муниципалитетов,Средняя,659,2,235740,168.0,2,1,911,665,False,False,False,False,False,False,False,False,False,True,0
Портал обработки #3941,Связь,Муниципальный,Один город,Высокая,46186,1,99383623,12.0,6,9,20618,982,True,False,False,False,False,False,False,False,True,False,1
Система хранения #3942,Банковская сфера,Федеральный,Вся страна,Средняя,234301,74,91378137,48.0,1,26,44679,528,False,False,True,False,False,False,True,False,False,True,2
Сервис обработки #3943,Наука,Объектовый,Один город,Средняя,1342,3,606891,24.0,2,5,1199,1050,True,False,False,False,False,False,False,False,False,False,0
Система обработки #3944,Топливная промышленность,Муниципальный,Вся страна,Средняя,71856,61,1490973,168.0,7,12,28515,356,False,True,True,False,True,False,False,False,False,True,2
ИС мониторинга #3945,Государственное управление,Федеральный,Несколько муниципалитетов,Критическая,73477,4,21719945,2.0,11,18,52676,649,True,False,True,True,False,False,True,False,False,True,3
Платформа обработки #3946,Наука,Объектовый,Федеральный округ,Высокая,2833,20,229991158,4.0,3,4,2746,951,True,False,False,False,False,False,False,False,False,False,1
Сервис обработки #3947,Транспорт,Муниципальный,Несколько муниципалитетов,Средняя,74068,1,3146379,72.0,4,8,107800,615,False,True,False,True,False,False,True,True,False,False,2
Система аналитики #3948,Транспорт,Объектовый,Субъект РФ,Высокая,434,3,71119890,12.0,2,5,284,370,True,True,True,True,False,False,True,True,False,False,2
АСУ ТП аналитики #3949,Оборонная промышленность,Региональный,Вся страна,Средняя,144507,58,481224,48.0,6,18,66263,1005,False,False,False,False,False,False,False,False,False,True,2
ИС обработки #3950,Государственное управление,Федеральный,Несколько муниципалитетов,Критическая,776454,3,46503365,4.0,11,30,414140,112,True,False,True,True,True,True,True,False,True,False,3
АСУ ТП управления #3951,Связь,Объектовый,Один город,Низкая,2287,4,150391,48.0,3,5,1071,523,True,False,False,False,False,False,False,False,True,False,0
Сеть мониторинга #3952,Здравоохранение,Федеральный,Один город,Высокая,1027587,1,908827697,8.0,8,35,266547,1294,True,False,False,True,False,False,False,False,False,False,3
Сервис передачи #3953,Здравоохранение,Федеральный,Один город,Средняя,486304,4,977928,48.0,15,14,479887,2333,False,True,True,True,False,False,True,False,False,True,3
ИС передачи #3954,Банковская сфера,Муниципальный,Один город,Низкая,47659,3,136334,24.0,4,21,35372,762,True,True,False,False,False,False,False,False,True,True,1
Портал хранения #3955,Транспорт,Региональный,Один город,Средняя,341763,2,2182496,72.0,6,10,288673,874,False,True,False,True,False,False,True,True,True,False,2
Платформа хранения #3956,Энергетика,Муниципальный,Вся страна,Низкая,37693,80,264650,48.0,3,14,25604,1455,False,True,False,False,True,False,False,True,False,False,1
Сеть мониторинга #3957,Энергетика,Региональный,Федеральный округ,Низкая,34023,26,1445290,72.0,7,17,14362,354,True,True,False,False,True,False,False,True,False,False,2
Система мониторинга #3958,Государственное управление,Объектовый,Один город,Низкая,3673,2,66604,72.0,2,4,3238,56,False,False,True,False,False,True,True,False,False,True,2
АСУ ТП управления #3959,Энергетика,Муниципальный,Федеральный округ,Средняя,29862,26,2529250,24.0,5,16,40398,1920,True,True,False,False,True,False,False,False,False,False,1
Сервис хранения #3960,Здравоохранение,Региональный,Несколько муниципалитетов,Низкая,298138,4,521297,168.0,11,17,69162,702,False,False,False,True,False,False,False,False,False,False,2
Сеть обработки #3961,Здравоохранение,Федеральный,Субъект РФ,Средняя,680202,9,763948,24.0,10,28,860490,1332,True,True,False,True,False,False,False,False,False,False,3
АСУ ТП передачи #3962,Банковская сфера,Региональный,Федеральный округ,Критическая,22091,24,5840979,0.5,8,16,25911,2059,True,False,False,True,True,False,False,False,False,True,3
Сервис хранения #3963,Связь,Муниципальный,Несколько муниципалитетов,Критическая,11705,3,11562755,0.5,6,9,16318,478,True,False,False,True,False,False,False,False,True,False,2
Сеть передачи #3964,Оборонная промышленность,Муниципальный,Субъект РФ,Высокая,16244,3,287967360,4.0,5,7,11898,2031,True,True,True,False,False,True,False,False,False,True,3
ИС аналитики #3965,Банковская сфера,Объектовый,Субъект РФ,Высокая,1360,8,157502392,12.0,2,7,1859,94,True,False,False,False,False,False,True,False,False,True,2
Система управления #3966,Топливная промышленность,Региональный,Несколько муниципалитетов,Высокая,151430,4,74368755,4.0,9,13,30741,343,True,True,False,False,True,False,False,False,False,False,2
Сервис хранения #3967,Энергетика,Региональный,Вся страна,Низкая,362170,50,660652,168.0,5,15,407659,2815,False,True,False,False,True,False,False,True,False,False,2
Платформа аналитики #3968,Транспорт,Муниципальный,Один город,Средняя,67962,2,3917420,24.0,3,17,31789,604,True,True,False,True,False,False,True,True,False,False,2
АСУ ТП обработки #3969,Наука,Региональный,Несколько муниципалитетов,Низкая,47516,4,378065,24.0,8,18,19218,313,True,False,False,False,False,False,True,False,False,False,1
Сеть управления #3970,Транспорт,Муниципальный,Субъект РФ,Средняя,14178,8,7251785,72.0,5,16,9034,481,False,True,False,True,False,False,True,True,True,False,2
ИС хранения #3971,Банковская сфера,Муниципальный,Один город,Средняя,10904,3,856472,24.0,3,18,14138,267,True,False,False,False,False,False,False,False,False,True,1
Сервис управления #3972,Наука,Региональный,Субъект РФ,Низкая,389415,2,99024,48.0,10,24,163054,318,False,False,False,False,False,False,False,False,False,False,1
ИС обработки #3973,Энергетика,Региональный,Один город,Критическая,94236,2,34186710,1.0,6,15,11130,1346,True,True,False,True,True,False,False,False,False,False,3
Платформа аналитики #3974,Оборонная промышленность,Региональный,Несколько муниципалитетов,Низкая,144132,2,123686,168.0,13,9,92872,149,True,False,False,False,False,True,False,False,False,True,2
Сеть обработки #3975,Банковская сфера,Региональный,Вся страна,Низкая,204860,84,110413,168.0,13,17,146437,2916,True,False,False,False,False,False,False,False,False,True,2
Платформа обработки #3976,Связь,Региональный,Субъект РФ,Критическая,238111,8,24276496,4.0,7,1,96647,1515,True,True,True,True,False,False,False,False,True,True,3
Сеть хранения #3977,Оборонная промышленность,Объектовый,Субъект РФ,Средняя,3408,4,2475395,24.0,2,4,4172,437,True,False,False,False,False,True,False,False,False,True,1
АСУ ТП мониторинга #3978,Наука,Региональный,Вся страна,Высокая,148947,74,60557904,8.0,13,18,168680,584,True,True,False,False,False,False,False,False,False,False,2
Сервис обработки #3979,Транспорт,Муниципальный,Вся страна,Низкая,4847,73,67061,24.0,4,12,5632,595,False,True,False,True,False,False,True,True,False,False,2
АСУ ТП передачи #3980,Здравоохранение,Муниципальный,Вся страна,Средняя,14969,83,4956312,48.0,3,9,12369,2095,True,False,False,True,False,False,False,False,False,False,2
Сеть хранения #3981,Здравоохранение,Муниципальный,Субъект РФ,Средняя,73797,8,8337845,24.0,5,4,82103,736,True,False,False,True,False,False,False,False,False,False,2
Платформа мониторинга #3982,Наука,Региональный,Вся страна,Средняя,96442,65,48151885,24.0,11,9,12715,1948,False,True,False,False,False,False,False,False,False,False,2
АСУ ТП передачи #3983,Государственное управление,Муниципальный,Вся страна,Средняя,16196,83,3538908,168.0,7,8,9657,291,False,False,True,False,False,True,True,False,False,True,2
Платформа управления #3984,Топливная промышленность,Региональный,Несколько муниципалитетов,Средняя,45719,4,2596766,168.0,14,12,40111,250,False,True,False,False,True,False,False,True,False,False,1
Сеть хранения #3985,Здравоохранение,Муниципальный,Субъект РФ,Средняя,32056,3,8885381,48.0,5,17,43535,1934,True,False,False,True,False,False,False,False,False,False,1
АСУ ТП мониторинга #3986,Оборонная промышленность,Региональный,Вся страна,Низкая,48755,53,567554,48.0,9,21,15537,3995,True,False,False,False,False,True,False,False,False,True,2
АСУ ТП хранения #3987,Топливная промышленность,Региональный,Несколько муниципалитетов,Средняя,66827,3,2070955,72.0,10,27,6699,788,False,True,False,False,True,False,False,False,False,False,1
Платформа управления #3988,Банковская сфера,Муниципальный,Несколько муниципалитетов,Низкая,46798,3,141860,72.0,8,3,33914,925,True,False,False,False,False,False,False,False,False,True,1
АСУ ТП передачи #3989,Наука,Муниципальный,Несколько муниципалитетов,Высокая,62593,2,81543641,12.0,3,9,31443,1430,True,False,False,False,False,False,False,False,False,False,1
Сеть управления #3990,Наука,Региональный,Один город,Средняя,91634,3,1513732,24.0,7,14,123198,1166,False,True,False,False,False,False,False,False,True,False,1
Система мониторинга #3991,Оборонная промышленность,Объектовый,Один город,Средняя,2793,4,12623044,168.0,2,6,2348,684,False,False,False,False,False,True,False,True,False,True,1
Сеть аналитики #3992,Транспорт,Муниципальный,Федеральный округ,Низкая,33333,22,490888,168.0,4,8,3781,1459,True,True,False,True,False,False,True,True,False,False,2
Платформа мониторинга #3993,Банковская сфера,Региональный,Федеральный округ,Низкая,361290,21,199933,48.0,9,4,332937,1601,False,False,True,False,False,False,False,False,True,True,2
Платформа хранения #3994,Энергетика,Муниципальный,Субъект РФ,Низкая,40104,5,50076,24.0,3,7,33802,167,False,True,False,False,True,False,False,False,False,False,1
Система управления #3995,Транспорт,Региональный,Вся страна,Средняя,164642,66,1921073,168.0,9,16,127279,3009,False,True,False,True,False,False,True,True,False,False,3
ИС управления #3996,Оборонная промышленность,Региональный,Федеральный округ,Средняя,340630,10,3905251,24.0,11,14,196497,2123,False,False,False,False,False,True,False,False,False,False,2
АСУ ТП аналитики #3997,Наука,Региональный,Один город,Средняя,154733,1,3911707,168.0,10,21,177087,2715,False,False,False,False,False,False,False,False,False,False,1
Сеть управления #3998,Оборонная промышленность,Объектовый,Один город,Средняя,1342,3,305194,72.0,4,10,1452,941,True,True,False,False,True,True,False,True,False,True,2
Сеть аналитики #3999,Энергетика,Региональный,Несколько муниципалитетов,Критическая,46832,4,26441127,0.5,11,22,26951,890,True,True,False,True,True,False,False,False,False,False,3
Сеть хранения #4000,Наука,Объектовый,Федеральный округ,Низкая,500,10,64848,72.0,3,5,420,34,False,False,True,False,False,False,False,False,False,True,1
ИС хранения #4001,Транспорт,Федеральный,Один город,Низкая,1098723,1,1066238,72.0,11,28,168731,4068,True,True,False,True,False,False,True,True,False,False,3
ИС мониторинга #4002,Здравоохранение,Муниципальный,Несколько муниципалитетов,Средняя,46492,3,2933321,72.0,4,17,44847,1486,False,False,False,True,False,False,False,False,False,False,1
Платформа передачи #4003,Банковская сфера,Муниципальный,Один город,Средняя,46319,4,1618320,168.0,8,11,24087,194,False,False,False,False,False,False,False,False,False,True,1
Портал мониторинга #4004,Оборонная промышленность,Федеральный,Один город,Средняя,630133,1,8684455,168.0,18,19,434117,3551,False,False,False,False,False,False,False,False,False,False,1
АСУ ТП хранения #4005,Банковская сфера,Региональный,Вся страна,Средняя,61085,62,1738978,48.0,7,17,85512,1099,True,False,False,False,True,False,False,False,False,True,2
Платформа передачи #4006,Энергетика,Региональный,Субъект РФ,Высокая,201909,9,9656373,12.0,3,5,199082,3417,True,True,False,False,True,False,False,False,False,False,2
Платформа аналитики #4007,Топливная промышленность,Федеральный,Федеральный округ,Средняя,964795,27,2991146,168.0,2,15,973378,2053,False,True,False,False,True,False,False,False,False,False,2
ИС аналитики #4008,Связь,Региональный,Субъект РФ,Высокая,227296,5,100508099,24.0,11,16,195300,3843,True,False,False,False,False,False,False,False,True,False,2
ИС мониторинга #4009,Оборонная промышленность,Региональный,Вся страна,Средняя,141257,60,6925407,24.0,9,16,193286,3238,True,True,False,False,False,False,False,True,False,True,3
ИС мониторинга #4010,Транспорт,Объектовый,Один город,Критическая,1538,4,546827948,0.5,3,2,2007,227,True,True,False,True,False,False,True,True,False,False,3
Сервис хранения #4011,Государственное управление,Муниципальный,Несколько муниципалитетов,Средняя,40895,4,6570067,48.0,4,12,24948,839,False,False,True,False,False,False,True,False,False,True,1
Сеть передачи #4012,Энергетика,Объектовый,Федеральный округ,Высокая,910,26,2354029618,12.0,2,2,1353,1193,True,True,False,False,True,False,False,False,False,False,2
Платформа хранения #4013,Энергетика,Региональный,Один город,Критическая,130378,3,270829073,4.0,10,13,66128,778,True,True,False,True,True,False,False,False,False,False,3
Сеть хранения #4014,Оборонная промышленность,Региональный,Несколько муниципалитетов,Низкая,66192,2,198080,72.0,13,12,67659,945,False,False,False,False,False,True,False,False,False,True,2
АСУ ТП мониторинга #4015,Оборонная промышленность,Федеральный,Федеральный округ,Высокая,1325422,27,33221668,4.0,22,21,679664,1956,True,False,False,False,False,True,False,False,False,True,3
Платформа передачи #4016,Банковская сфера,Муниципальный,Несколько муниципалитетов,Низкая,36963,4,102592,24.0,1,7,9536,428,False,False,False,False,False,False,False,True,False,True,1
Портал хранения #4017,Топливная промышленность,Объектовый,Один город,Критическая,2466,1,30667770,0.5,3,6,3110,835,True,True,False,True,True,False,False,False,False,False,2
АСУ ТП передачи #4018,Оборонная промышленность,Региональный,Вся страна,Высокая,263684,59,267700702,8.0,6,12,93514,2037,True,False,False,False,False,False,True,False,False,True,3
Сеть обработки #4019,Транспорт,Муниципальный,Вся страна,Средняя,62990,67,449230,24.0,6,5,29791,149,True,True,True,True,False,False,True,True,False,True,3
ИС передачи #4020,Банковская сфера,Объектовый,Федеральный округ,Высокая,1610,25,1066506103,8.0,2,3,352,114,True,False,False,False,False,False,False,False,False,False,2
ИС аналитики #4021,Связь,Региональный,Один город,Средняя,113239,3,38855833,168.0,10,13,41156,1757,False,True,False,False,True,False,True,False,True,False,2
АСУ ТП хранения #4022,Топливная промышленность,Муниципальный,Субъект РФ,Высокая,47795,9,51302109,8.0,5,14,11569,114,True,True,True,False,True,False,False,False,False,True,2
Платформа управления #4023,Топливная промышленность,Региональный,Один город,Низкая,73080,4,457465,24.0,6,22,64902,2816,False,True,False,False,True,False,False,True,False,False,1
Сервис мониторинга #4024,Энергетика,Объектовый,Субъект РФ,Средняя,300,1,4325056,48.0,3,3,160,746,True,True,False,False,True,False,False,False,False,False,0
Сервис мониторинга #4025,Топливная промышленность,Региональный,Несколько муниципалитетов,Средняя,89296,2,1114338,72.0,9,7,111692,2668,True,True,True,False,True,False,True,False,False,True,2
Платформа хранения #4026,Топливная промышленность,Муниципальный,Вся страна,Высокая,18921,55,87134068,8.0,4,8,3064,1025,True,True,True,False,True,False,False,False,False,True,2
Портал мониторинга #4027,Связь,Региональный,Один город,Высокая,125601,3,9694620,4.0,9,18,57906,1957,True,False,False,False,False,False,False,False,True,False,2
Система обработки #4028,Здравоохранение,Федеральный,Вся страна,Средняя,681736,69,2706943,72.0,13,24,142690,1823,False,False,False,True,False,False,False,False,False,False,3
ИС аналитики #4029,Топливная промышленность,Региональный,Один город,Высокая,191415,4,17036424,4.0,9,20,257962,1612,True,True,False,False,True,False,True,False,False,False,3
Сервис передачи #4030,Здравоохранение,Региональный,Вся страна,Критическая,309701,50,45916795,0.5,9,19,75747,1810,True,False,True,True,False,False,False,False,False,True,3
Платформа передачи #4031,Банковская сфера,Региональный,Вся страна,Высокая,101880,69,832747635,8.0,11,22,103836,158,True,False,False,False,False,False,False,False,False,True,3
Платформа обработки #4032,Наука,Муниципальный,Несколько муниципалитетов,Средняя,68982,3,15801655,24.0,5,10,11911,1760,False,False,False,False,False,False,True,False,False,False,1
Сеть передачи #4033,Здравоохранение,Объектовый,Субъект РФ,Критическая,2155,7,125367331,0.5,3,2,1306,265,True,False,False,True,False,False,False,False,False,False,2
Портал хранения #4034,Транспорт,Муниципальный,Вся страна,Низкая,13441,56,572083,72.0,3,1,6355,294,False,True,False,True,False,False,True,True,False,False,2
Система хранения #4035,Энергетика,Объектовый,Несколько муниципалитетов,Низкая,4114,2,307577,24.0,4,5,2765,275,False,True,False,False,True,False,False,False,False,False,0
Сервис управления #4036,Здравоохранение,Муниципальный,Один город,Низкая,5418,4,40894,72.0,7,17,3263,185,False,False,True,True,False,False,True,False,False,True,2
Сервис мониторинга #4037,Связь,Региональный,Федеральный округ,Средняя,136283,23,1641746,72.0,13,22,80190,269,True,False,False,False,True,False,False,False,True,False,1
Сеть передачи #4038,Оборонная промышленность,Региональный,Один город,Высокая,241424,3,80508588,8.0,10,3,264575,399,True,False,False,False,False,False,False,False,False,True,2
Система обработки #4039,Связь,Муниципальный,Несколько муниципалитетов,Низкая,31299,1,60106,168.0,6,6,34326,1409,True,False,False,False,False,False,False,False,True,False,0
Сервис мониторинга #4040,Наука,Муниципальный,Федеральный округ,Критическая,32736,11,30213630,0.5,7,8,17964,1197,True,False,False,True,False,False,False,False,False,False,2
Система мониторинга #4041,Топливная промышленность,Региональный,Один город,Средняя,63902,4,5821501,48.0,9,18,59755,1126,True,True,False,False,True,False,False,False,False,False,1
Платформа управления #4042,Здравоохранение,Региональный,Федеральный округ,Средняя,469741,22,1565371,168.0,9,11,195176,3298,False,True,False,True,False,False,False,False,True,False,3
Сеть управления #4043,Наука,Муниципальный,Субъект РФ,Низкая,32438,3,588293,24.0,3,3,34743,746,True,False,False,False,False,False,False,False,False,False,0
Сервис хранения #4044,Государственное управление,Федеральный,Один город,Высокая,266217,4,68551984,24.0,10,35,104378,341,True,False,True,False,False,True,True,False,False,False,3
Сеть управления #4045,Энергетика,Объектовый,Вся страна,Средняя,157,82,839604,72.0,2,3,232,514,True,True,False,False,True,False,False,False,False,False,1
ИС передачи #4046,Транспорт,Объектовый,Один город,Критическая,4254,3,131208962,2.0,2,4,1678,110,True,True,False,True,False,False,True,True,False,False,3
Сеть аналитики #4047,Связь,Региональный,Один город,Средняя,480399,1,4453401,24.0,10,8,295327,248,False,False,False,False,False,False,True,False,True,False,1
Сеть передачи #4048,Банковская сфера,Муниципальный,Федеральный округ,Критическая,10042,25,71905506,4.0,4,15,10296,2262,True,False,False,True,False,False,False,False,False,True,3
Система передачи #4049,Оборонная промышленность,Региональный,Федеральный округ,Низкая,28014,11,1057181,72.0,9,19,9957,360,False,False,False,False,False,False,False,False,False,True,1
Система аналитики #4050,Связь,Муниципальный,Несколько муниципалитетов,Средняя,10283,2,3588810,72.0,7,11,2336,730,False,False,False,False,False,False,False,False,True,False,0
Платформа передачи #4051,Связь,Муниципальный,Субъект РФ,Высокая,6319,1,64924191,24.0,5,1,1847,1086,True,True,False,False,False,False,False,False,True,False,1
Сервис передачи #4052,Оборонная промышленность,Федеральный,Несколько муниципалитетов,Высокая,302266,2,20228448,4.0,12,18,352015,732,True,False,False,False,False,True,False,False,False,True,3
Сеть обработки #4053,Здравоохранение,Объектовый,Субъект РФ,Высокая,934,5,60143952,24.0,3,5,295,446,True,False,False,True,False,False,False,False,False,False,1
Платформа хранения #4054,Транспорт,Региональный,Один город,Низкая,343066,1,363299,24.0,6,8,167514,1251,False,True,False,True,False,False,True,True,False,False,3
АСУ ТП аналитики #4055,Банковская сфера,Региональный,Федеральный округ,Средняя,72143,19,840438,72.0,8,6,57554,2040,True,False,False,False,False,False,False,False,False,True,1
АСУ ТП хранения #4056,Энергетика,Объектовый,Вся страна,Средняя,2424,83,4602030,72.0,2,6,2420,443,False,True,False,False,True,False,False,False,False,False,1
ИС хранения #4057,Транспорт,Муниципальный,Один город,Высокая,57440,1,89897873,8.0,2,10,83895,1451,True,True,False,True,False,False,True,True,True,False,2
Сервис обработки #4058,Банковская сфера,Муниципальный,Один город,Низкая,15070,3,177126,168.0,8,4,13373,936,False,False,False,False,False,False,False,False,True,True,1
Платформа аналитики #4059,Топливная промышленность,Муниципальный,Несколько муниципалитетов,Средняя,14912,3,2835889,168.0,7,12,11608,702,False,True,False,False,True,False,False,False,False,False,1
Сеть передачи #4060,Здравоохранение,Муниципальный,Один город,Низкая,42727,2,33548,24.0,4,6,44393,493,False,False,False,True,False,False,True,False,False,False,1
Система передачи #4061,Государственное управление,Федеральный,Несколько муниципалитетов,Низкая,781923,3,281217,24.0,12,14,524200,1848,True,False,True,False,False,True,True,False,False,True,3
Сервис обработки #4062,Связь,Объектовый,Вся страна,Высокая,1832,74,31833451,12.0,3,6,404,346,True,False,True,False,False,False,True,False,True,True,2
АСУ ТП обработки #4063,Оборонная промышленность,Региональный,Несколько муниципалитетов,Низкая,240619,2,204864,48.0,12,14,103038,3275,False,False,False,False,False,True,False,False,False,True,2
Портал передачи #4064,Топливная промышленность,Региональный,Федеральный округ,Высокая,227906,16,116985747,12.0,4,6,176102,2282,True,True,False,False,True,False,False,False,False,False,2
Портал мониторинга #4065,Наука,Объектовый,Вся страна,Средняя,2889,75,7484662,72.0,3,5,3853,370,False,True,False,False,False,False,True,False,False,False,1
Сервис обработки #4066,Здравоохранение,Региональный,Один город,Критическая,361334,4,447929000,1.0,8,24,166489,2558,True,False,False,True,False,False,True,False,False,False,3
Сервис мониторинга #4067,Топливная промышленность,Региональный,Один город,Средняя,264869,4,1401483,168.0,10,16,150433,700,True,True,False,False,True,False,False,False,True,False,2
Сервис аналитики #4068,Банковская сфера,Региональный,Вся страна,Высокая,91188,85,1130377406,24.0,10,20,132114,2234,True,False,False,False,False,False,True,False,False,True,3
Система управления #4069,Транспорт,Федеральный,Один город,Средняя,1097951,4,6283225,48.0,11,14,1085007,134,False,True,False,True,False,False,True,True,False,False,3
Система хранения #4070,Наука,Региональный,Вся страна,Низкая,441287,56,70421,72.0,11,21,404869,524,False,False,False,False,False,False,False,False,False,False,1
Система мониторинга #4071,Топливная промышленность,Муниципальный,Один город,Критическая,74224,4,24708807,4.0,3,2,109703,2049,True,True,False,True,True,False,False,False,False,False,3
Сервис мониторинга #4072,Наука,Региональный,Вся страна,Низкая,123211,88,169019,72.0,8,8,143470,1551,False,False,False,False,False,False,False,False,False,False,1
АСУ ТП обработки #4073,Оборонная промышленность,Региональный,Один город,Средняя,18417,1,3233926,168.0,10,14,4373,1585,False,False,False,False,False,True,False,False,False,True,2
ИС хранения #4074,Банковская сфера,Региональный,Один город,Низкая,57752,3,269146,168.0,11,14,11798,247,False,False,False,False,False,False,False,False,False,True,1
ИС управления #4075,Государственное управление,Муниципальный,Один город,Низкая,3477,1,93562,72.0,7,19,1461,913,False,False,True,False,True,True,True,False,False,True,2
Сеть обработки #4076,Связь,Муниципальный,Субъект РФ,Критическая,6960,1,177024339,0.5,3,12,5615,599,True,False,False,True,False,False,False,False,True,False,2
Платформа мониторинга #4077,Связь,Муниципальный,Федеральный округ,Средняя,10721,16,2193322,168.0,5,9,14506,551,False,True,False,False,False,False,False,False,True,False,1
ИС мониторинга #4078,Банковская сфера,Муниципальный,Один город,Средняя,82713,4,2302783,72.0,6,10,78570,145,False,False,False,False,False,False,False,False,False,True,1
ИС аналитики #4079,Связь,Объектовый,Несколько муниципалитетов,Низкая,1641,2,186122,72.0,3,4,930,93,False,False,False,False,False,False,False,False,True,False,0
Платформа передачи #4080,Транспорт,Объектовый,Несколько муниципалитетов,Высокая,1146,4,26923620,4.0,2,6,576,57,True,True,False,True,False,False,True,True,False,False,2
Сервис обработки #4081,Наука,Федеральный,Один город,Высокая,590154,3,27965046,12.0,12,14,821887,868,True,False,False,False,False,False,False,False,False,False,2
Портал мониторинга #4082,Государственное управление,Региональный,Вся страна,Критическая,324262,86,165373895,0.5,10,3,265025,515,True,True,True,True,False,True,True,True,False,True,3
Система передачи #4083,Государственное управление,Региональный,Несколько муниципалитетов,Высокая,62791,4,671166284,12.0,12,22,74473,95,True,False,True,False,False,True,True,False,False,True,3
Платформа мониторинга #4084,Здравоохранение,Региональный,Один город,Высокая,92917,3,1594510306,8.0,10,20,122677,173,True,False,True,True,False,False,False,False,False,True,3
Платформа передачи #4085,Здравоохранение,Муниципальный,Один город,Средняя,9386,4,1902274,72.0,11,4,2630,1571,True,False,False,True,False,False,False,False,False,False,1
Платформа мониторинга #4086,Банковская сфера,Муниципальный,Субъект РФ,Низкая,15224,4,403010,168.0,2,11,21381,2079,False,False,True,False,False,False,False,False,False,True,1
АСУ ТП обработки #4087,Оборонная промышленность,Региональный,Вся страна,Низкая,220532,57,286565,72.0,4,3,51935,1866,False,False,False,False,False,True,False,False,False,False,2
АСУ ТП мониторинга #4088,Топливная промышленность,Региональный,Федеральный округ,Средняя,103368,18,2637509,72.0,10,20,154922,1497,False,True,False,False,True,False,False,False,False,False,2
Портал обработки #4089,Наука,Региональный,Субъект РФ,Низкая,238887,9,521271,48.0,10,22,234472,851,True,False,False,False,False,False,False,False,False,False,1
Система хранения #4090,Здравоохранение,Федеральный,Вся страна,Средняя,337959,85,1083076,72.0,15,6,69481,3165,False,False,False,True,False,False,True,False,True,False,2
АСУ ТП хранения #4091,Наука,Федеральный,Несколько муниципалитетов,Низкая,1101350,2,180058,72.0,13,27,367175,945,False,True,False,False,False,False,False,False,False,False,2
Сервис управления #4092,Здравоохранение,Федеральный,Несколько муниципалитетов,Средняя,759958,2,8974209,72.0,9,6,492786,423,False,False,False,True,False,False,False,False,False,False,2
Платформа управления #4093,Топливная промышленность,Муниципальный,Субъект РФ,Средняя,63521,7,296461,24.0,1,16,43902,753,True,True,False,False,True,False,False,False,False,False,1
Портал передачи #4094,Энергетика,Муниципальный,Вся страна,Средняя,23090,75,3069852,48.0,4,6,13601,1531,False,True,False,False,True,False,False,False,False,False,1
Сервис хранения #4095,Оборонная промышленность,Объектовый,Один город,Средняя,199,1,43089726,72.0,4,5,291,1313,True,False,False,False,False,True,False,False,False,True,1
Сервис управления #4096,Оборонная промышленность,Объектовый,Один город,Высокая,1453,1,34201343,8.0,2,6,426,433,True,True,False,False,False,True,False,True,False,True,2
ИС передачи #4097,Здравоохранение,Региональный,Несколько муниципалитетов,Средняя,69147,3,762592,48.0,8,18,77811,465,False,False,False,True,False,False,False,False,True,False,2
АСУ ТП аналитики #4098,Банковская сфера,Региональный,Федеральный округ,Критическая,227812,12,136949673,0.5,13,11,280888,4907,True,False,False,True,False,False,False,False,False,True,3
Платформа обработки #4099,Связь,Региональный,Один город,Критическая,296236,1,16959350,0.5,11,16,419190,436,True,False,False,False,True,False,True,False,True,False,2
ИС обработки #4100,Здравоохранение,Объектовый,Вся страна,Высокая,1547,84,33416575,24.0,3,2,1832,846,True,False,False,True,False,False,False,False,False,False,2
Система аналитики #4101,Здравоохранение,Объектовый,Федеральный округ,Низкая,4415,24,85667,24.0,5,2,4940,94,True,False,False,True,False,False,False,False,False,False,2
Сеть аналитики #4102,Оборонная промышленность,Объектовый,Один город,Высокая,1281,4,9666795,12.0,3,3,1798,353,True,True,False,False,False,True,False,False,False,True,2
Платформа передачи #4103,Связь,Региональный,Федеральный округ,Низкая,272051,22,197754,168.0,7,5,298623,2394,False,False,False,False,True,False,False,False,True,False,1
Портал мониторинга #4104,Энергетика,Региональный,Один город,Высокая,62649,2,11560346,8.0,6,10,54391,612,True,True,False,False,True,False,False,False,False,False,1
ИС аналитики #4105,Транспорт,Объектовый,Субъект РФ,Критическая,3050,9,109139743,0.5,2,5,1827,404,True,True,False,True,False,False,True,True,False,False,3
Портал обработки #4106,Здравоохранение,Муниципальный,Субъект РФ,Высокая,34821,3,98115724,4.0,7,11,45998,1084,True,False,False,True,False,False,False,True,False,False,2
ИС мониторинга #4107,Наука,Региональный,Один город,Высокая,189928,4,245806230,12.0,13,13,75195,1681,True,False,False,False,False,False,False,False,False,False,2
Портал обработки #4108,Государственное управление,Региональный,Субъект РФ,Низкая,101255,3,60602,48.0,4,12,90516,1461,True,True,True,False,False,True,True,False,False,True,3
Портал аналитики #4109,Банковская сфера,Муниципальный,Один город,Критическая,46473,1,437138462,1.0,7,9,61181,532,True,False,False,True,False,False,True,False,False,True,3
ИС мониторинга #4110,Топливная промышленность,Муниципальный,Один город,Средняя,28465,3,1210628,24.0,7,7,40517,319,False,True,False,False,True,False,False,False,False,False,1
Портал управления #4111,Оборонная промышленность,Федеральный,Федеральный округ,Средняя,623516,20,826766,48.0,8,11,112855,2331,True,False,False,False,False,False,False,False,False,True,2
Сервис мониторинга #4112,Транспорт,Муниципальный,Субъект РФ,Средняя,12553,1,48843443,72.0,4,8,12578,427,True,True,False,True,False,False,True,True,False,False,2
Сервис мониторинга #4113,Оборонная промышленность,Региональный,Федеральный округ,Низкая,227068,15,672693,48.0,9,13,79489,230,True,True,True,False,False,False,False,False,False,True,2
Сервис аналитики #4114,Государственное управление,Объектовый,Вся страна,Высокая,291,59,13162811,12.0,1,4,319,397,True,False,True,False,False,False,True,False,False,True,2
Сервис мониторинга #4115,Связь,Муниципальный,Один город,Высокая,38312,1,21471935,12.0,6,12,24884,1570,True,False,False,False,False,False,False,False,True,False,1
АСУ ТП хранения #4116,Связь,Объектовый,Один город,Средняя,532,1,1681965,24.0,2,2,751,575,False,False,False,False,False,False,True,False,True,False,0
Портал хранения #4117,Здравоохранение,Объектовый,Несколько муниципалитетов,Низкая,490,4,233219,24.0,1,6,165,466,False,False,False,True,False,False,False,False,True,False,1
ИС передачи #4118,Здравоохранение,Объектовый,Один город,Высокая,4195,4,228662993,24.0,3,1,2057,729,True,False,False,True,False,False,False,True,False,False,2
Портал хранения #4119,Здравоохранение,Объектовый,Один город,Низкая,1562,1,259470,48.0,2,4,1019,1351,False,False,False,True,False,False,False,False,False,False,1
АСУ ТП передачи #4120,Связь,Объектовый,Несколько муниципалитетов,Низкая,2638,3,1189619,24.0,4,5,3924,307,True,True,False,False,False,False,False,False,True,False,1
Система аналитики #4121,Банковская сфера,Региональный,Один город,Высокая,164583,2,62445625,24.0,6,16,122534,1121,True,False,False,False,True,False,False,False,False,True,2
Портал обработки #4122,Банковская сфера,Муниципальный,Один город,Высокая,2950,2,76964118,12.0,3,12,4274,877,True,False,True,False,True,False,True,True,False,True,2
Платформа передачи #4123,Топливная промышленность,Объектовый,Один город,Средняя,1396,2,6805903,24.0,3,3,173,622,False,True,False,False,True,False,True,False,False,False,1
Сеть аналитики #4124,Банковская сфера,Муниципальный,Вся страна,Низкая,7878,56,141752,48.0,10,8,10193,628,False,False,False,False,False,False,True,False,True,True,1
Сеть хранения #4125,Оборонная промышленность,Муниципальный,Вся страна,Высокая,60795,87,308860242,4.0,9,4,66952,1082,True,False,False,False,False,True,False,False,False,True,3
Платформа мониторинга #4126,Оборонная промышленность,Объектовый,Один город,Средняя,1926,4,4037245,168.0,2,3,2681,144,False,False,False,False,False,True,False,False,False,True,1
Система мониторинга #4127,Связь,Региональный,Субъект РФ,Средняя,263607,9,1193196,24.0,1,27,370220,406,False,False,False,False,False,False,False,False,True,False,1
ИС аналитики #4128,Оборонная промышленность,Муниципальный,Федеральный округ,Средняя,19482,14,2002156,48.0,3,1,2360,661,True,True,False,False,True,True,False,False,False,True,2
Портал обработки #4129,Банковская сфера,Объектовый,Субъект РФ,Высокая,4007,2,90952357,24.0,3,2,4987,1158,True,True,False,False,False,False,False,False,False,True,1
Сервис хранения #4130,Оборонная промышленность,Региональный,Вся страна,Высокая,38283,71,79946689,4.0,7,19,41149,1595,True,False,False,False,False,True,False,False,False,True,3
ИС хранения #4131,Государственное управление,Региональный,Несколько муниципалитетов,Средняя,386871,2,5873576,24.0,6,18,297540,157,False,False,True,False,False,True,True,False,False,True,3
ИС управления #4132,Топливная промышленность,Объектовый,Субъект РФ,Средняя,1722,7,520492,48.0,3,9,599,655,True,True,True,False,True,False,False,False,False,True,1
Система управления #4133,Здравоохранение,Муниципальный,Вся страна,Критическая,30774,80,83252388,1.0,6,8,25398,758,True,False,True,True,False,False,False,False,False,False,3
Платформа обработки #4134,Наука,Федеральный,Несколько муниципалитетов,Высокая,582914,3,486240567,8.0,8,37,282422,262,True,False,False,False,False,False,False,False,False,False,2
Портал мониторинга #4135,Государственное управление,Региональный,Субъект РФ,Критическая,134874,4,103323189,1.0,11,28,195597,466,True,False,True,True,False,False,True,False,False,True,3
Портал хранения #4136,Энергетика,Муниципальный,Федеральный округ,Средняя,25337,16,7878209,24.0,5,10,36485,1326,False,True,False,False,True,False,True,False,False,False,1
АСУ ТП управления #4137,Здравоохранение,Муниципальный,Субъект РФ,Средняя,65473,4,1931482,24.0,8,12,15973,456,False,False,False,True,False,False,False,False,False,False,2
ИС хранения #4138,Банковская сфера,Объектовый,Несколько муниципалитетов,Высокая,1617,1,3457156565,24.0,1,9,700,801,True,True,False,False,False,False,False,False,False,True,2
Сеть управления #4139,Государственное управление,Муниципальный,Субъект РФ,Высокая,2110,4,47963175,4.0,11,10,2991,2082,True,False,True,False,False,True,True,False,True,False,2
Сервис передачи #4140,Государственное управление,Региональный,Один город,Высокая,136558,2,41774783,4.0,4,16,26978,1898,True,False,True,False,False,True,True,True,False,True,3
Сервис хранения #4141,Транспорт,Объектовый,Субъект РФ,Средняя,2029,5,8890849,72.0,2,4,2219,935,True,True,True,True,False,False,True,True,False,False,2
Портал передачи #4142,Здравоохранение,Региональный,Один город,Высокая,65574,1,165655718,24.0,5,17,89578,395,True,False,False,True,False,False,True,False,False,False,3
Портал аналитики #4143,Банковская сфера,Региональный,Федеральный округ,Критическая,330650,14,22047058,2.0,11,16,199613,4048,True,False,False,True,False,False,False,False,False,False,3
Портал передачи #4144,Банковская сфера,Муниципальный,Федеральный округ,Средняя,47498,21,1563802,24.0,4,13,5048,509,False,False,False,False,False,False,False,False,False,True,1
Сервис мониторинга #4145,Топливная промышленность,Федеральный,Вся страна,Средняя,953698,54,2051655,72.0,16,19,115241,2455,False,True,False,False,True,False,False,False,False,False,2
Платформа хранения #4146,Банковская сфера,Федеральный,Вся страна,Средняя,1217835,56,10622289,24.0,19,20,1737108,1873,True,False,False,False,False,False,False,True,False,True,3
АСУ ТП мониторинга #4147,Связь,Региональный,Один город,Низкая,270149,1,97358,48.0,11,18,49359,2111,False,False,False,False,False,False,False,False,True,False,1
Сервис мониторинга #4148,Топливная промышленность,Региональный,Субъект РФ,Средняя,132634,8,563431,168.0,12,18,75589,3988,True,True,False,False,True,False,False,True,False,False,2
АСУ ТП хранения #4149,Банковская сфера,Муниципальный,Вся страна,Средняя,27992,58,2027509,24.0,6,6,23516,2080,False,False,False,False,False,False,False,False,True,True,1
Платформа мониторинга #4150,Государственное управление,Региональный,Субъект РФ,Низкая,396622,8,289478,72.0,6,22,173650,1317,True,False,True,False,False,True,True,False,False,True,3
Портал обработки #4151,Оборонная промышленность,Региональный,Несколько муниципалитетов,Средняя,83491,3,500771,168.0,7,9,97349,1340,False,True,False,False,False,True,False,False,False,True,2
АСУ ТП передачи #4152,Связь,Региональный,Вся страна,Высокая,288200,55,96867751,4.0,8,20,244064,1915,True,False,False,False,False,False,False,False,True,False,2
Платформа обработки #4153,Оборонная промышленность,Муниципальный,Один город,Высокая,30050,4,108883715,4.0,4,8,44439,2180,True,False,False,False,False,True,False,False,False,True,3
Платформа хранения #4154,Энергетика,Объектовый,Один город,Низкая,1047,3,342190,168.0,4,5,443,766,False,True,False,False,True,False,False,False,False,False,0
Сервис хранения #4155,Банковская сфера,Объектовый,Субъект РФ,Низкая,2655,6,84955,24.0,3,3,2408,446,True,False,False,False,False,False,False,False,False,True,1
Портал аналитики #4156,Энергетика,Региональный,Несколько муниципалитетов,Низкая,343987,3,182499,168.0,4,17,486095,2164,False,True,False,False,True,False,False,False,False,False,1
Система аналитики #4157,Топливная промышленность,Региональный,Несколько муниципалитетов,Средняя,285810,2,10611364,72.0,14,10,310400,4346,False,True,False,False,True,False,False,False,False,False,1
Сервис управления #4158,Оборонная промышленность,Объектовый,Несколько муниципалитетов,Низкая,1009,3,122549,24.0,2,5,168,385,False,False,False,False,False,True,False,False,False,True,1
Сервис передачи #4159,Энергетика,Федеральный,Субъект РФ,Критическая,1334168,9,82973963,4.0,13,14,897237,469,True,True,False,True,True,True,False,True,False,True,3
Портал передачи #4160,Связь,Федеральный,Несколько муниципалитетов,Средняя,398183,2,5504655,48.0,12,19,342207,1456,False,False,False,False,False,False,False,False,True,False,1
Платформа передачи #4161,Государственное управление,Региональный,Один город,Низкая,130413,1,36761,24.0,6,20,106987,2019,False,False,True,False,False,True,True,False,False,False,3
Система мониторинга #4162,Наука,Муниципальный,Вся страна,Низкая,3909,69,68961,168.0,7,9,3732,2249,False,True,False,False,False,False,False,False,False,False,1
Платформа мониторинга #4163,Оборонная промышленность,Региональный,Несколько муниципалитетов,Средняя,240887,3,571111,168.0,7,12,237290,1195,True,False,False,False,False,True,False,False,False,True,2
Портал обработки #4164,Здравоохранение,Объектовый,Несколько муниципалитетов,Средняя,3530,2,1103344,168.0,3,4,490,584,False,False,False,True,False,False,True,False,False,False,1
ИС хранения #4165,Государственное управление,Объектовый,Один город,Средняя,746,4,1302046,24.0,2,8,673,210,False,False,True,False,True,False,True,False,False,True,1
Сервис мониторинга #4166,Транспорт,Региональный,Федеральный округ,Низкая,178683,20,673544,72.0,7,20,158362,1134,False,True,True,True,False,False,True,True,False,True,3
Система аналитики #4167,Топливная промышленность,Объектовый,Субъект РФ,Средняя,2082,9,1727524,48.0,4,7,1612,232,False,True,False,False,True,False,False,False,False,False,0
АСУ ТП передачи #4168,Наука,Региональный,Один город,Средняя,209109,4,2002283,24.0,8,10,124826,4269,True,False,False,False,False,False,False,False,False,False,1
Сервис обработки #4169,Банковская сфера,Объектовый,Вся страна,Критическая,513,59,53844541,2.0,1,3,84,23,True,False,False,True,True,False,False,False,False,True,3
ИС управления #4170,Оборонная промышленность,Региональный,Вся страна,Высокая,317049,69,293667498,12.0,8,10,244871,861,True,False,False,False,False,True,False,False,False,True,3
Портал аналитики #4171,Государственное управление,Федеральный,Субъект РФ,Средняя,731114,9,2451216,168.0,7,11,407817,2136,False,False,True,False,False,True,True,False,False,True,3
Система обработки #4172,Государственное управление,Муниципальный,Вся страна,Средняя,29101,81,12630868,48.0,6,8,28486,1484,False,False,True,False,False,True,True,False,True,True,3
Сеть управления #4173,Транспорт,Объектовый,Вся страна,Средняя,2389,73,1819457,72.0,2,4,857,823,True,True,False,True,False,False,True,True,False,False,2
Сеть мониторинга #4174,Здравоохранение,Региональный,Федеральный округ,Средняя,112347,16,13227306,24.0,10,16,163042,3755,False,False,False,True,False,False,False,False,False,False,3
Портал управления #4175,Здравоохранение,Муниципальный,Федеральный округ,Высокая,52027,28,599364568,4.0,5,7,41972,1464,True,False,False,True,False,False,False,False,False,False,3
АСУ ТП управления #4176,Транспорт,Федеральный,Один город,Средняя,1266138,1,5002764,24.0,13,20,129349,1228,False,True,False,True,False,False,True,True,False,False,3
Сеть аналитики #4177,Оборонная промышленность,Объектовый,Федеральный округ,Средняя,663,29,106498397,72.0,4,4,838,759,True,False,False,False,False,True,False,False,True,True,2
АСУ ТП обработки #4178,Транспорт,Региональный,Один город,Низкая,58353,3,118727,48.0,6,9,83084,904,False,True,False,True,True,False,True,True,False,False,2
Портал передачи #4179,Топливная промышленность,Муниципальный,Один город,Высокая,40737,2,265150095,4.0,4,14,52858,2868,True,True,True,False,True,False,False,False,False,False,2
Платформа передачи #4180,Связь,Региональный,Вся страна,Высокая,387409,65,70890396,8.0,8,14,376204,1324,True,False,False,False,False,False,False,False,True,False,2
Платформа обработки #4181,Энергетика,Объектовый,Один город,Средняя,1685,3,2148644,48.0,3,1,1949,624,True,True,False,False,True,False,False,False,False,False,0
Портал мониторинга #4182,Связь,Федеральный,Один город,Средняя,344531,3,1593776,168.0,12,38,425972,783,False,False,False,False,False,False,True,False,True,False,1
Сервис мониторинга #4183,Транспорт,Объектовый,Субъект РФ,Критическая,2110,4,5252759,0.5,1,1,1742,130,True,True,False,True,False,False,True,True,False,False,2
Платформа управления #4184,Здравоохранение,Региональный,Федеральный округ,Высокая,102240,25,23921370,24.0,10,11,79172,3312,True,False,False,True,False,False,False,False,False,False,3
Портал хранения #4185,Топливная промышленность,Региональный,Вся страна,Высокая,59318,78,659132859,8.0,9,20,32430,2801,True,True,False,False,True,False,False,False,False,False,3
Сеть мониторинга #4186,Здравоохранение,Объектовый,Вся страна,Средняя,2641,63,2960442,24.0,3,7,1597,612,True,False,False,True,False,False,False,False,False,False,2
Портал хранения #4187,Связь,Муниципальный,Один город,Высокая,3742,1,1269861124,4.0,6,6,5184,1825,True,False,False,False,False,False,False,False,True,False,2
Платформа мониторинга #4188,Связь,Муниципальный,Несколько муниципалитетов,Высокая,48286,4,450499181,24.0,5,9,12173,173,True,False,False,False,False,False,False,False,True,False,1
Портал аналитики #4189,Наука,Региональный,Один город,Высокая,146627,4,127171953,4.0,8,19,43133,3348,True,False,False,False,False,False,False,True,False,False,2
Портал управления #4190,Оборонная промышленность,Федеральный,Субъект РФ,Низкая,1100025,4,21581,48.0,12,27,1443107,2644,False,True,False,False,False,True,False,False,False,True,3
АСУ ТП управления #4191,Связь,Объектовый,Несколько муниципалитетов,Средняя,4177,2,1310761,24.0,3,7,4806,247,False,False,False,False,False,False,False,False,True,False,0
Портал управления #4192,Транспорт,Региональный,Вся страна,Средняя,196813,69,1083982,48.0,12,11,180664,1091,False,True,False,True,True,False,True,True,False,False,3
Сервис хранения #4193,Оборонная промышленность,Региональный,Федеральный округ,Критическая,103302,10,435440239,4.0,15,16,125021,4041,True,False,True,False,False,True,True,False,False,True,3
Сеть обработки #4194,Банковская сфера,Региональный,Федеральный округ,Низкая,63939,16,70424,168.0,4,5,69206,2099,False,False,False,False,False,False,False,False,False,True,1
Портал передачи #4195,Банковская сфера,Региональный,Вся страна,Критическая,370607,56,35688123,4.0,8,15,506985,2684,True,False,False,False,False,False,True,False,False,True,3
ИС хранения #4196,Транспорт,Муниципальный,Субъект РФ,Низкая,9539,5,462357,72.0,4,5,7772,2037,False,True,False,True,False,False,True,True,False,False,1
АСУ ТП хранения #4197,Здравоохранение,Объектовый,Федеральный округ,Средняя,1602,24,741436,48.0,3,4,926,212,False,False,False,True,False,False,True,False,False,False,1
Система мониторинга #4198,Оборонная промышленность,Региональный,Федеральный округ,Средняя,99916,16,853889,48.0,9,23,25387,1835,False,False,False,False,False,True,False,False,False,True,2
Система аналитики #4199,Транспорт,Муниципальный,Субъект РФ,Средняя,75173,4,896582,24.0,3,13,78394,1579,True,True,False,True,False,False,True,True,False,False,2
Сервис хранения #4200,Транспорт,Региональный,Вся страна,Высокая,191662,72,37000270,24.0,10,15,256332,321,True,True,False,True,False,False,True,True,False,False,3
АСУ ТП передачи #4201,Связь,Региональный,Несколько муниципалитетов,Низкая,157032,2,39621,24.0,11,8,156443,1021,False,False,False,False,False,False,False,False,True,False,1
Сеть передачи #4202,Здравоохранение,Региональный,Несколько муниципалитетов,Высокая,123795,4,22861365,12.0,7,9,176577,1574,True,False,False,True,False,False,False,False,False,False,2
Система хранения #4203,Банковская сфера,Объектовый,Один город,Средняя,1401,2,14455707,168.0,4,6,1783,373,True,False,False,False,False,False,True,False,True,True,1
Сеть хранения #4204,Связь,Объектовый,Один город,Высокая,1273,2,61555953,8.0,2,2,964,214,True,False,True,False,False,False,False,False,True,False,1
Платформа мониторинга #4205,Банковская сфера,Муниципальный,Федеральный округ,Критическая,34207,25,272909850,4.0,7,10,36143,435,True,False,False,True,False,False,False,True,True,True,3
Портал передачи #4206,Государственное управление,Муниципальный,Вся страна,Средняя,20230,65,1959092,48.0,6,7,24091,2090,False,False,True,False,True,False,True,False,True,True,2
Сервис управления #4207,Здравоохранение,Региональный,Несколько муниципалитетов,Средняя,102190,4,10524837,48.0,6,8,99379,2814,False,False,False,True,False,False,False,False,False,False,2
Сервис обработки #4208,Энергетика,Муниципальный,Субъект РФ,Средняя,59526,6,10025931,72.0,5,4,60844,1573,False,True,True,False,True,False,True,False,False,True,2
Система хранения #4209,Транспорт,Региональный,Федеральный округ,Низкая,114435,14,66873,48.0,8,11,121884,1075,False,True,False,True,False,False,True,True,False,False,3
ИС обработки #4210,Здравоохранение,Региональный,Субъект РФ,Средняя,380386,9,23030105,72.0,11,10,120822,2887,False,False,False,True,False,False,False,False,False,False,2
Сеть управления #4211,Банковская сфера,Региональный,Несколько муниципалитетов,Низкая,48102,3,747657,72.0,10,23,12111,560,False,False,True,False,False,False,False,False,False,True,1
Сервис обработки #4212,Здравоохранение,Объектовый,Один город,Средняя,1808,4,8987613,168.0,2,10,2220,484,False,False,False,True,False,False,False,False,False,False,1
АСУ ТП управления #4213,Банковская сфера,Объектовый,Федеральный округ,Средняя,774,13,2353512,72.0,3,1,920,727,True,True,False,False,False,False,False,False,False,True,1
Платформа передачи #4214,Государственное управление,Региональный,Субъект РФ,Средняя,80107,7,709585,168.0,7,13,41181,916,False,False,True,False,False,True,True,False,False,True,3
Сеть управления #4215,Наука,Региональный,Федеральный округ,Средняя,142999,27,1885030,24.0,13,32,92550,1807,False,False,False,False,False,False,False,True,False,False,1
Сервис управления #4216,Здравоохранение,Региональный,Один город,Низкая,138023,3,166104,168.0,8,17,166519,1312,True,False,False,True,False,False,True,False,False,False,2
АСУ ТП хранения #4217,Связь,Региональный,Несколько муниципалитетов,Средняя,56499,3,609893,168.0,6,19,76819,1383,True,False,False,False,False,False,False,True,True,False,1
Сервис передачи #4218,Топливная промышленность,Муниципальный,Федеральный округ,Высокая,15160,21,293902134,12.0,6,6,9811,96,True,True,False,False,True,False,False,False,False,False,2
Портал аналитики #4219,Здравоохранение,Региональный,Субъект РФ,Высокая,226810,9,3330704,4.0,9,18,168606,652,True,False,False,True,False,False,False,False,False,False,3
АСУ ТП управления #4220,Транспорт,Региональный,Один город,Высокая,374276,3,215187424,12.0,8,15,48593,1553,True,True,True,True,False,False,True,True,False,True,3
Сеть хранения #4221,Транспорт,Федеральный,Федеральный округ,Высокая,1647697,21,3449184,12.0,14,23,1284431,3042,True,True,False,True,False,False,True,True,False,False,3
Сеть обработки #4222,Транспорт,Объектовый,Один город,Средняя,1118,1,5226812,48.0,4,6,195,115,True,True,False,True,False,False,True,True,False,False,2
Сеть хранения #4223,Энергетика,Объектовый,Один город,Средняя,2326,2,7963753,24.0,2,6,1272,117,False,True,False,False,True,False,False,False,False,False,0
Сервис мониторинга #4224,Связь,Объектовый,Вся страна,Низкая,730,79,87544,24.0,1,6,904,194,False,False,False,False,False,False,False,False,True,False,0
ИС передачи #4225,Оборонная промышленность,Муниципальный,Вся страна,Низкая,26373,65,388071,48.0,4,13,13570,1276,True,False,False,False,False,True,False,False,False,True,2
АСУ ТП хранения #4226,Банковская сфера,Региональный,Федеральный округ,Низкая,47443,25,751498,168.0,9,16,52251,151,True,True,False,False,False,False,False,False,False,True,2
Платформа хранения #4227,Наука,Муниципальный,Федеральный округ,Высокая,44539,27,149518696,4.0,7,13,17457,856,True,False,False,False,False,False,False,False,False,False,2
АСУ ТП хранения #4228,Наука,Региональный,Вся страна,Низкая,131662,63,219274,48.0,8,10,14426,2164,True,False,False,False,False,False,False,False,False,False,1
Сервис управления #4229,Топливная промышленность,Объектовый,Субъект РФ,Низкая,1123,5,167240,48.0,2,8,548,89,False,True,False,False,True,False,False,False,False,False,0
Система аналитики #4230,Связь,Федеральный,Федеральный округ,Низкая,652987,15,54479,24.0,16,18,718383,2525,False,False,False,False,False,False,False,False,True,False,2
Сервис управления #4231,Связь,Федеральный,Вся страна,Средняя,165179,54,4848963,168.0,10,18,130768,2560,False,False,False,False,False,False,False,False,True,False,2
Сервис мониторинга #4232,Государственное управление,Федеральный,Несколько муниципалитетов,Высокая,120144,1,100332316,8.0,12,17,117273,978,True,True,True,False,False,True,True,True,False,True,3
Система хранения #4233,Оборонная промышленность,Муниципальный,Один город,Высокая,21936,2,44966468,4.0,8,6,24082,251,True,True,False,False,False,False,False,False,False,True,2
Система передачи #4234,Государственное управление,Региональный,Один город,Низкая,83838,1,316198,72.0,13,18,70078,4426,False,False,True,False,False,True,True,True,False,True,2
Платформа мониторинга #4235,Банковская сфера,Федеральный,Федеральный округ,Средняя,601178,19,19743690,72.0,13,18,605824,2203,False,False,True,False,False,False,True,False,False,True,3
ИС обработки #4236,Здравоохранение,Муниципальный,Субъект РФ,Средняя,32286,2,5291011,168.0,4,4,46462,1818,False,False,False,True,False,False,False,False,True,False,1
Система хранения #4237,Банковская сфера,Региональный,Несколько муниципалитетов,Критическая,147462,3,57579903,2.0,9,14,78289,1063,True,False,True,True,False,False,False,False,True,True,3
Портал передачи #4238,Транспорт,Региональный,Несколько муниципалитетов,Средняя,23752,2,13377457,48.0,9,23,33175,745,False,True,False,True,False,False,True,True,False,False,2
Портал мониторинга #4239,Здравоохранение,Федеральный,Один город,Высокая,968075,2,122808269,24.0,10,28,968031,777,True,False,False,True,False,False,False,False,False,False,3
ИС мониторинга #4240,Энергетика,Объектовый,Несколько муниципалитетов,Средняя,2248,4,7943506,72.0,2,2,3357,723,False,True,False,False,True,False,False,False,False,False,0
АСУ ТП управления #4241,Государственное управление,Объектовый,Один город,Средняя,1627,1,6145337,48.0,2,6,2077,693,True,False,True,False,False,True,True,False,False,True,2
Сервис аналитики #4242,Связь,Объектовый,Несколько муниципалитетов,Критическая,2056,4,310274824,1.0,2,1,2485,376,True,False,False,False,False,False,False,False,True,False,1
Сервис обработки #4243,Банковская сфера,Муниципальный,Один город,Низкая,53432,2,31449,168.0,6,10,40157,957,False,False,True,False,False,False,True,True,True,True,1
АСУ ТП передачи #4244,Здравоохранение,Федеральный,Вся страна,Низкая,263574,72,142218,168.0,11,24,336081,2880,False,True,False,True,False,False,False,False,False,False,3
ИС мониторинга #4245,Здравоохранение,Региональный,Несколько муниципалитетов,Низкая,77298,3,53741,24.0,4,17,93772,3117,False,False,False,True,False,False,True,False,False,False,2
Сервис хранения #4246,Топливная промышленность,Региональный,Субъект РФ,Средняя,80950,5,15384002,24.0,8,19,31956,505,True,True,False,False,True,False,False,False,False,False,2
АСУ ТП аналитики #4247,Государственное управление,Объектовый,Несколько муниципалитетов,Высокая,1402,4,238931720,4.0,1,2,477,24,True,True,True,False,False,True,True,False,False,True,3
АСУ ТП управления #4248,Государственное управление,Объектовый,Субъект РФ,Высокая,622,9,264775841,24.0,2,2,760,956,True,False,True,False,False,True,True,False,False,True,3
Система обработки #4249,Здравоохранение,Региональный,Федеральный округ,Высокая,303354,15,43771871,24.0,10,9,207046,1333,True,False,False,True,False,False,False,False,False,False,3
Платформа обработки #4250,Энергетика,Объектовый,Несколько муниципалитетов,Средняя,1662,4,9571870,168.0,4,5,1114,56,True,True,False,False,True,False,False,False,False,False,0
Сервис управления #4251,Оборонная промышленность,Объектовый,Вся страна,Низкая,852,65,216887,48.0,3,3,631,36,False,False,True,False,False,False,False,False,False,True,1
Платформа обработки #4252,Государственное управление,Региональный,Один город,Средняя,368079,3,1189786,72.0,16,3,69427,2830,True,False,True,False,False,True,True,False,False,True,3
ИС управления #4253,Топливная промышленность,Муниципальный,Вся страна,Высокая,92706,80,203011780,4.0,5,20,42800,1564,True,True,False,False,True,False,False,False,False,False,2
Система аналитики #4254,Банковская сфера,Региональный,Один город,Критическая,467820,3,68031195,4.0,6,20,629605,2881,True,False,False,True,False,False,False,False,False,True,3
АСУ ТП обработки #4255,Связь,Региональный,Один город,Средняя,393578,1,15204694,72.0,9,1,336797,724,False,False,False,False,False,False,False,False,True,False,1
Портал хранения #4256,Государственное управление,Муниципальный,Один город,Средняя,65601,3,353572,24.0,7,15,12943,228,True,False,True,False,False,True,True,False,False,True,3
АСУ ТП мониторинга #4257,Топливная промышленность,Региональный,Федеральный округ,Высокая,37876,23,1400065240,4.0,5,8,14952,2539,True,True,False,False,True,False,False,False,False,False,3
ИС обработки #4258,Здравоохранение,Региональный,Один город,Низкая,68198,4,308301,72.0,5,12,20038,601,False,False,False,True,False,False,False,False,True,False,1
Система обработки #4259,Энергетика,Региональный,Субъект РФ,Критическая,51013,7,175557605,2.0,5,7,66706,3321,True,True,False,True,True,False,False,False,False,False,3
Сеть аналитики #4260,Здравоохранение,Объектовый,Несколько муниципалитетов,Высокая,681,2,121150198,12.0,2,6,615,181,True,False,False,True,False,False,False,False,False,False,2
ИС мониторинга #4261,Транспорт,Региональный,Субъект РФ,Средняя,199374,5,2895984,48.0,10,15,158727,677,True,True,False,True,False,False,True,True,False,False,3
Сервис управления #4262,Энергетика,Объектовый,Федеральный округ,Высокая,1383,25,32773679,12.0,2,5,1611,229,True,True,False,False,True,False,False,False,False,False,1
Сеть обработки #4263,Здравоохранение,Объектовый,Вся страна,Низкая,1440,55,217946,72.0,4,6,240,997,False,False,False,True,False,False,True,False,True,False,1
Сеть обработки #4264,Оборонная промышленность,Объектовый,Федеральный округ,Высокая,1164,19,71559150,24.0,4,2,725,230,True,False,False,False,False,True,False,False,False,True,2
Система аналитики #4265,Государственное управление,Объектовый,Несколько муниципалитетов,Высокая,1710,1,3267141,12.0,3,4,1932,1600,True,False,True,False,True,False,True,False,False,True,1
Система обработки #4266,Оборонная промышленность,Региональный,Вся страна,Средняя,149920,79,5541932,72.0,12,9,29893,3027,False,False,True,False,False,False,False,False,False,True,2
Сервис управления #4267,Здравоохранение,Объектовый,Несколько муниципалитетов,Средняя,615,4,5533931,48.0,3,8,658,664,True,False,False,True,False,False,False,False,False,False,1
Система передачи #4268,Здравоохранение,Объектовый,Один город,Низкая,825,4,59248,168.0,1,7,358,916,False,False,False,True,False,False,False,False,False,False,1
ИС хранения #4269,Транспорт,Муниципальный,Один город,Средняя,55477,1,760291,48.0,4,12,70697,1268,False,True,True,True,False,False,True,True,False,True,3
Система мониторинга #4270,Здравоохранение,Муниципальный,Один город,Критическая,17919,3,330521914,4.0,5,11,25527,1127,True,False,False,True,False,False,False,False,False,False,3
Сервис передачи #4271,Оборонная промышленность,Региональный,Один город,Средняя,309471,4,4518635,24.0,8,10,413164,853,False,False,False,False,False,False,False,False,False,True,1
Портал хранения #4272,Здравоохранение,Региональный,Несколько муниципалитетов,Высокая,102830,1,225745150,24.0,3,24,56919,1037,True,False,False,True,False,False,False,True,False,False,3
Портал передачи #4273,Наука,Региональный,Федеральный округ,Средняя,395128,23,1775290,72.0,14,21,553546,908,False,False,False,False,False,False,False,False,False,False,2
АСУ ТП мониторинга #4274,Транспорт,Региональный,Несколько муниципалитетов,Средняя,132349,2,946227,168.0,5,14,28784,476,True,True,False,True,True,False,True,True,False,False,2
Сервис мониторинга #4275,Связь,Региональный,Несколько муниципалитетов,Средняя,91106,4,1374455,48.0,9,9,72549,167,True,False,False,False,False,False,False,False,True,False,1
Сеть аналитики #4276,Связь,Региональный,Один город,Низкая,295009,4,166766,168.0,6,15,387580,1514,True,False,False,False,False,False,False,False,True,False,1
Сервис хранения #4277,Транспорт,Региональный,Несколько муниципалитетов,Средняя,109482,3,2593636,48.0,5,12,38582,147,False,True,False,True,True,False,True,True,False,False,2
Сервис хранения #4278,Здравоохранение,Муниципальный,Субъект РФ,Низкая,41030,8,259660,24.0,6,5,59616,1347,False,False,True,True,False,False,False,False,True,True,2
АСУ ТП аналитики #4279,Связь,Муниципальный,Субъект РФ,Средняя,17973,2,1281424,24.0,5,5,10253,1031,False,False,False,False,False,False,False,False,True,False,0
АСУ ТП хранения #4280,Банковская сфера,Объектовый,Несколько муниципалитетов,Низкая,282,1,239734,168.0,2,6,202,101,False,False,False,False,False,False,False,False,False,True,0
Портал аналитики #4281,Связь,Региональный,Один город,Высокая,65511,1,402710987,24.0,11,15,43120,2291,True,False,False,False,False,False,True,True,True,False,2
Платформа аналитики #4282,Здравоохранение,Региональный,Федеральный округ,Низкая,44418,19,18902,72.0,7,16,10951,3436,False,False,False,True,False,False,False,False,False,False,2
Сеть обработки #4283,Наука,Региональный,Федеральный округ,Высокая,316543,13,124660310,12.0,9,8,33375,2794,True,False,False,False,False,False,False,False,False,False,2
Сервис управления #4284,Наука,Региональный,Субъект РФ,Средняя,251744,2,641535,72.0,8,23,105990,2815,False,False,False,False,False,False,False,False,False,False,1
АСУ ТП передачи #4285,Здравоохранение,Муниципальный,Несколько муниципалитетов,Низкая,52475,3,185695,24.0,5,10,66362,840,False,False,False,True,False,False,False,False,True,False,1
Портал мониторинга #4286,Энергетика,Муниципальный,Вся страна,Средняя,14810,61,3795140,72.0,7,12,1557,2849,False,True,False,False,True,False,False,False,False,False,1
Система управления #4287,Транспорт,Федеральный,Субъект РФ,Средняя,383975,8,7482012,168.0,10,19,388885,2543,False,True,False,True,False,False,True,True,False,False,3
Сеть передачи #4288,Государственное управление,Объектовый,Один город,Низкая,735,1,1633700,72.0,3,3,950,465,True,False,True,False,False,False,True,False,False,True,1
Система мониторинга #4289,Государственное управление,Федеральный,Федеральный округ,Средняя,614154,16,5227390,48.0,11,22,236899,3255,False,True,True,False,False,False,True,False,False,True,3
Система хранения #4290,Государственное управление,Объектовый,Федеральный округ,Высокая,116,19,8568911,4.0,1,9,103,1068,True,False,True,False,False,True,True,False,True,False,2
Сервис хранения #4291,Банковская сфера,Федеральный,Вся страна,Низкая,390132,56,179067,168.0,15,21,575300,599,True,False,False,False,False,False,False,False,False,True,2
ИС управления #4292,Транспорт,Объектовый,Субъект РФ,Средняя,1859,9,356098,24.0,2,2,1687,608,False,True,False,True,False,False,True,True,False,False,2
Портал аналитики #4293,Банковская сфера,Региональный,Федеральный округ,Высокая,132088,14,100792943,8.0,5,23,186194,3979,True,True,False,False,False,False,False,False,False,False,2
ИС аналитики #4294,Здравоохранение,Объектовый,Федеральный округ,Высокая,511,14,85259827,12.0,4,2,373,214,True,False,False,True,False,False,False,True,True,False,2
АСУ ТП мониторинга #4295,Оборонная промышленность,Объектовый,Вся страна,Высокая,787,53,16875371,12.0,1,1,948,1134,True,False,True,False,False,False,False,False,False,True,2
Система мониторинга #4296,Оборонная промышленность,Федеральный,Федеральный округ,Критическая,649910,28,202836698,0.5,17,13,762427,4837,True,False,False,True,False,True,False,False,False,True,3
Платформа мониторинга #4297,Связь,Региональный,Федеральный округ,Низкая,260142,12,117458,48.0,8,14,362995,1077,True,True,False,False,False,False,False,False,True,False,2
Сеть мониторинга #4298,Здравоохранение,Объектовый,Субъект РФ,Низкая,3486,4,15007,48.0,1,4,480,463,True,True,False,True,False,False,False,False,False,False,1
ИС хранения #4299,Транспорт,Федеральный,Несколько муниципалитетов,Критическая,394691,2,263909588,0.5,12,24,405830,1314,True,True,True,True,False,True,True,True,False,True,3
Платформа мониторинга #4300,Наука,Федеральный,Один город,Низкая,338669,1,103082,168.0,12,19,279392,2330,False,False,False,False,False,False,False,False,False,False,1
ИС обработки #4301,Здравоохранение,Региональный,Субъект РФ,Высокая,296177,8,19150282,4.0,5,23,314639,2002,True,False,False,True,False,False,False,False,False,False,3
Портал управления #4302,Связь,Региональный,Вся страна,Низкая,300674,77,57891,48.0,13,17,348013,1607,False,True,False,False,False,False,False,False,True,False,2
АСУ ТП хранения #4303,Энергетика,Муниципальный,Несколько муниципалитетов,Высокая,10270,2,39169177,4.0,6,8,12818,1838,True,True,False,False,True,False,False,False,False,False,2
Сервис хранения #4304,Здравоохранение,Муниципальный,Несколько муниципалитетов,Низкая,42150,2,71694,168.0,4,5,39821,479,False,True,False,True,False,False,False,False,False,False,1
Система передачи #4305,Топливная промышленность,Федеральный,Несколько муниципалитетов,Критическая,1053990,1,66226452,4.0,14,27,964022,185,True,True,False,True,True,False,False,False,False,False,3
Портал управления #4306,Здравоохранение,Региональный,Федеральный округ,Высокая,90503,20,16512068,8.0,8,13,10186,1543,True,False,False,True,False,False,False,False,False,False,2
Платформа аналитики #4307,Государственное управление,Региональный,Субъект РФ,Высокая,180123,2,44982687,12.0,8,18,54756,292,True,False,True,False,False,True,True,False,False,True,3
ИС аналитики #4308,Транспорт,Региональный,Субъект РФ,Высокая,226196,1,1767161,12.0,1,5,67587,2948,True,True,False,True,False,False,True,True,False,False,2
Система мониторинга #4309,Государственное управление,Объектовый,Один город,Средняя,976,1,1857799,24.0,2,4,218,475,True,False,True,False,False,False,True,False,False,True,1
Сервис мониторинга #4310,Государственное управление,Региональный,Один город,Высокая,138657,4,4911579,24.0,11,8,180415,83,True,False,True,False,False,True,True,False,False,True,3
Система управления #4311,Наука,Объектовый,Один город,Средняя,795,1,5493137,168.0,3,3,872,196,True,True,False,False,False,False,False,False,False,False,0
Портал хранения #4312,Транспорт,Муниципальный,Вся страна,Высокая,15481,78,1192452944,12.0,5,9,21892,604,True,True,False,True,False,False,True,True,False,False,3
ИС аналитики #4313,Государственное управление,Региональный,Субъект РФ,Средняя,178490,7,403816,48.0,14,21,170808,1331,False,False,True,False,False,True,True,False,False,True,3
Система обработки #4314,Банковская сфера,Федеральный,Вся страна,Средняя,139670,80,23765186,72.0,12,28,109199,1677,False,False,False,False,False,False,False,False,False,True,2
Система передачи #4315,Топливная промышленность,Объектовый,Федеральный округ,Средняя,2252,12,6680634,24.0,4,6,2304,420,True,True,False,False,True,False,False,False,False,False,1
Сеть аналитики #4316,Связь,Муниципальный,Субъект РФ,Средняя,64489,4,2433726,168.0,3,12,66052,2339,False,False,False,False,False,False,True,False,True,False,0
Портал передачи #4317,Топливная промышленность,Федеральный,Субъект РФ,Низкая,249103,8,208863,72.0,13,28,322829,331,True,True,False,False,True,False,False,False,False,False,2
Система хранения #4318,Оборонная промышленность,Региональный,Вся страна,Средняя,307500,82,7404428,168.0,13,7,167216,228,False,False,False,False,False,False,False,False,False,True,2
ИС управления #4319,Государственное управление,Муниципальный,Субъект РФ,Средняя,5024,9,2664710,72.0,4,13,7097,1616,False,False,True,False,False,False,True,False,False,True,1
Сеть хранения #4320,Банковская сфера,Объектовый,Федеральный округ,Высокая,1235,19,318959465,24.0,2,8,525,702,True,True,False,False,False,False,False,False,False,True,2
ИС хранения #4321,Банковская сфера,Федеральный,Несколько муниципалитетов,Средняя,1017127,1,31744271,48.0,6,5,1297830,3048,False,False,False,False,False,False,False,False,False,False,2
Сервис аналитики #4322,Здравоохранение,Региональный,Один город,Высокая,465855,2,87129024,4.0,1,15,414539,3423,True,False,False,True,False,False,True,False,False,False,3
АСУ ТП управления #4323,Транспорт,Федеральный,Вся страна,Высокая,772947,51,6860315,4.0,12,16,712543,437,True,True,False,True,False,False,True,True,False,False,3
Сеть мониторинга #4324,Энергетика,Региональный,Субъект РФ,Высокая,310957,8,176921281,12.0,6,11,418795,1261,True,True,False,False,True,False,False,False,False,False,3
Система передачи #4325,Транспорт,Федеральный,Несколько муниципалитетов,Критическая,358446,1,4974469,4.0,13,17,490706,2862,True,True,False,True,False,False,True,True,False,False,3
ИС обработки #4326,Энергетика,Объектовый,Вся страна,Средняя,2084,56,16352905,168.0,5,6,2364,533,False,True,True,False,True,False,False,False,True,False,1
Сеть управления #4327,Государственное управление,Региональный,Несколько муниципалитетов,Высокая,321375,1,136127920,4.0,9,7,474580,997,True,False,True,False,False,True,True,False,False,True,3
Сервис обработки #4328,Топливная промышленность,Федеральный,Один город,Низкая,142348,3,136438,48.0,9,23,113803,125,True,True,False,False,True,False,False,False,False,False,2
Сеть хранения #4329,Энергетика,Объектовый,Вся страна,Средняя,1665,50,11669857,72.0,1,6,392,386,True,True,False,False,True,False,False,False,False,False,1
АСУ ТП обработки #4330,Государственное управление,Федеральный,Субъект РФ,Критическая,267337,3,470869607,0.5,11,19,348979,875,True,False,True,True,False,True,True,False,True,True,3
Сервис управления #4331,Государственное управление,Объектовый,Федеральный округ,Низкая,2871,18,418664,168.0,1,5,2037,215,False,True,True,False,False,True,True,False,False,True,2
АСУ ТП обработки #4332,Энергетика,Объектовый,Федеральный округ,Критическая,4067,12,261001649,0.5,4,5,1823,388,True,True,True,True,True,False,False,False,False,True,3
ИС обработки #4333,Топливная промышленность,Федеральный,Вся страна,Средняя,455686,81,3272207,24.0,10,13,586833,1937,False,True,False,False,True,False,False,False,False,False,2
Сервис хранения #4334,Связь,Федеральный,Один город,Высокая,590453,2,1921397,24.0,7,13,612658,3101,True,False,False,False,False,False,False,False,True,False,2
Платформа мониторинга #4335,Энергетика,Объектовый,Несколько муниципалитетов,Высокая,1399,3,256896698,4.0,4,4,1534,558,True,True,False,False,True,False,False,False,False,False,2
ИС аналитики #4336,Оборонная промышленность,Муниципальный,Один город,Средняя,10102,4,3820276,168.0,5,11,10326,2230,False,False,False,False,False,True,False,False,False,False,1
ИС мониторинга #4337,Здравоохранение,Объектовый,Один город,Средняя,230,3,1474531,168.0,1,2,311,587,False,False,False,True,False,False,False,False,False,False,1
АСУ ТП передачи #4338,Оборонная промышленность,Объектовый,Субъект РФ,Низкая,383,3,148962,48.0,3,2,242,558,True,False,False,False,True,True,False,False,False,True,1
Портал передачи #4339,Связь,Региональный,Вся страна,Высокая,305179,87,429636929,4.0,5,22,110233,3742,True,False,False,False,False,False,False,False,True,False,3
АСУ ТП мониторинга #4340,Здравоохранение,Региональный,Вся страна,Средняя,291449,61,898451,168.0,2,18,402029,2203,False,False,False,True,False,False,False,True,False,False,2
АСУ ТП обработки #4341,Энергетика,Муниципальный,Один город,Высокая,75678,1,95492035,4.0,4,3,102614,442,True,True,False,False,True,False,False,False,False,False,2
Сервис аналитики #4342,Связь,Федеральный,Несколько муниципалитетов,Высокая,339918,2,66412107,12.0,13,1,379337,1162,True,True,True,False,False,False,False,False,True,True,3
Портал аналитики #4343,Связь,Объектовый,Субъект РФ,Средняя,4206,9,475419,168.0,3,4,4484,515,False,True,False,False,False,False,True,False,True,False,1
АСУ ТП мониторинга #4344,Банковская сфера,Муниципальный,Вся страна,Высокая,15820,61,25179017,8.0,5,12,7902,561,True,False,True,False,False,False,False,False,False,True,2
Сеть передачи #4345,Энергетика,Региональный,Один город,Высокая,298073,2,39063798,24.0,9,7,314116,1235,True,True,True,False,True,False,False,False,False,False,2
АСУ ТП хранения #4346,Банковская сфера,Федеральный,Несколько муниципалитетов,Высокая,733996,2,41743193,4.0,11,24,588642,1157,True,False,True,False,False,False,True,False,False,True,3
Портал передачи #4347,Наука,Объектовый,Федеральный округ,Критическая,1818,22,62866617,1.0,3,3,1672,173,True,False,False,True,False,False,False,False,False,False,2
Портал управления #4348,Транспорт,Муниципальный,Один город,Высокая,4784,3,83432284,8.0,8,6,6105,1232,True,True,False,True,False,False,True,True,True,False,2
Платформа обработки #4349,Банковская сфера,Региональный,Один город,Критическая,405078,4,2988522638,1.0,8,20,119504,383,True,False,False,True,False,False,False,False,False,True,3
Система управления #4350,Государственное управление,Региональный,Один город,Низкая,118615,2,156703,48.0,7,13,153498,352,False,False,True,False,False,True,True,False,False,True,3
АСУ ТП передачи #4351,Государственное управление,Федеральный,Один город,Критическая,1165760,4,35916525,1.0,9,33,361617,2063,True,False,True,True,False,False,True,False,False,True,3
Сеть передачи #4352,Связь,Региональный,Субъект РФ,Низкая,162445,9,528001,48.0,4,15,224162,1392,False,True,False,False,False,False,False,False,True,False,1
Платформа мониторинга #4353,Здравоохранение,Муниципальный,Несколько муниципалитетов,Средняя,44069,2,8083817,168.0,3,8,35181,1978,False,False,False,True,False,False,False,False,False,False,1
Портал передачи #4354,Транспорт,Региональный,Вся страна,Низкая,62790,87,40611,72.0,8,18,84224,4778,True,True,False,True,False,False,True,True,False,False,3
Сеть обработки #4355,Транспорт,Региональный,Субъект РФ,Высокая,306457,5,524359901,12.0,9,7,436290,1303,True,True,False,True,False,False,True,True,False,False,3
ИС управления #4356,Связь,Муниципальный,Несколько муниципалитетов,Критическая,94080,1,17883873,0.5,6,10,109922,439,True,False,False,True,False,False,False,False,True,False,2
Система передачи #4357,Энергетика,Муниципальный,Один город,Высокая,32886,2,49288056,8.0,4,12,21928,757,True,True,True,False,True,False,True,False,False,True,2
Сервис обработки #4358,Наука,Объектовый,Федеральный округ,Критическая,1042,20,185911511,1.0,4,3,1086,267,True,False,False,True,False,False,False,False,False,False,2
ИС аналитики #4359,Транспорт,Муниципальный,Субъект РФ,Критическая,7894,2,73659712,1.0,6,3,11827,146,True,True,False,True,False,False,True,True,False,False,3
АСУ ТП управления #4360,Банковская сфера,Муниципальный,Несколько муниципалитетов,Критическая,32344,3,77013227,0.5,4,6,15955,1059,True,False,False,True,False,False,False,False,False,True,2
Сеть мониторинга #4361,Банковская сфера,Региональный,Несколько муниципалитетов,Средняя,279996,2,2799679,72.0,7,15,109796,216,True,False,True,False,False,False,False,False,False,True,2
АСУ ТП обработки #4362,Банковская сфера,Федеральный,Несколько муниципалитетов,Критическая,595693,4,6966053,4.0,9,30,871194,2714,True,False,False,True,False,False,True,False,False,True,3
Система хранения #4363,Наука,Муниципальный,Несколько муниципалитетов,Высокая,30179,4,1185091290,4.0,3,14,19560,843,True,False,False,False,False,False,False,False,True,False,2
Платформа аналитики #4364,Государственное управление,Объектовый,Несколько муниципалитетов,Средняя,919,2,1136912,168.0,2,6,268,636,False,False,True,False,False,True,True,False,False,True,2
Система аналитики #4365,Наука,Региональный,Вся страна,Высокая,145018,61,12994543,4.0,6,19,100178,633,True,False,False,False,False,False,False,False,False,False,2
АСУ ТП хранения #4366,Энергетика,Объектовый,Несколько муниципалитетов,Средняя,1642,2,2722588,48.0,2,6,987,648,False,True,True,False,True,False,False,False,False,True,1
Система аналитики #4367,Топливная промышленность,Региональный,Федеральный округ,Низкая,77218,20,99870,72.0,9,9,27522,3730,False,True,False,False,True,False,True,False,False,False,1
Платформа хранения #4368,Наука,Муниципальный,Несколько муниципалитетов,Средняя,18792,1,589818,48.0,6,7,2471,95,False,False,False,False,False,False,False,False,False,False,0
Портал аналитики #4369,Топливная промышленность,Объектовый,Один город,Средняя,417,4,9013283,24.0,1,4,426,332,True,True,False,False,True,False,False,False,False,False,1
Система хранения #4370,Энергетика,Региональный,Вся страна,Средняя,82564,50,456601,24.0,14,13,107213,966,False,True,False,False,True,False,False,False,False,False,2
Портал мониторинга #4371,Здравоохранение,Объектовый,Федеральный округ,Высокая,2841,17,647855745,4.0,3,9,3007,237,True,False,False,True,False,False,False,False,False,False,3
ИС управления #4372,Здравоохранение,Объектовый,Федеральный округ,Высокая,4532,22,8080142,8.0,3,5,5192,634,True,False,True,True,False,False,False,False,True,True,2
ИС аналитики #4373,Оборонная промышленность,Муниципальный,Несколько муниципалитетов,Средняя,36202,2,3234259,48.0,5,7,19911,1691,True,False,False,False,False,True,False,True,False,True,1
Платформа управления #4374,Транспорт,Региональный,Один город,Высокая,156309,1,41298164,24.0,9,19,121246,1019,True,True,False,True,False,False,True,True,False,False,3
Сервис управления #4375,Здравоохранение,Муниципальный,Вся страна,Средняя,4449,57,1398830,168.0,6,11,622,151,False,True,False,True,False,False,False,False,False,False,2
Сеть передачи #4376,Транспорт,Региональный,Вся страна,Низкая,270625,84,853881,72.0,8,8,110316,2066,True,True,False,True,False,False,True,True,False,False,3
Портал управления #4377,Топливная промышленность,Объектовый,Вся страна,Высокая,1411,67,30251013,4.0,3,5,941,523,True,True,False,False,True,False,False,False,False,False,2
Сеть передачи #4378,Связь,Региональный,Субъект РФ,Средняя,18148,3,13335583,72.0,10,14,2718,210,False,False,False,False,False,False,False,False,True,False,1
Платформа обработки #4379,Наука,Объектовый,Один город,Средняя,506,2,1156999,48.0,4,5,177,770,False,False,False,False,False,False,False,False,False,False,0
ИС управления #4380,Топливная промышленность,Региональный,Несколько муниципалитетов,Критическая,183014,1,239840921,0.5,8,6,184237,1726,True,True,False,False,True,False,False,False,True,False,3
Система аналитики #4381,Здравоохранение,Муниципальный,Федеральный округ,Средняя,66910,29,3846512,48.0,5,11,71377,967,True,False,False,True,True,False,True,False,False,False,2
Система аналитики #4382,Наука,Региональный,Федеральный округ,Средняя,392205,24,1517129,168.0,12,16,88218,1452,False,True,False,False,False,False,True,False,False,False,2
АСУ ТП аналитики #4383,Топливная промышленность,Федеральный,Вся страна,Низкая,613558,71,633862,24.0,12,22,243223,459,False,True,False,False,True,False,False,False,False,False,2
ИС управления #4384,Здравоохранение,Объектовый,Вся страна,Высокая,1510,52,153156386,4.0,2,9,1151,68,True,False,False,True,False,False,True,False,False,False,3
Портал хранения #4385,Оборонная промышленность,Региональный,Несколько муниципалитетов,Средняя,340609,1,5157196,24.0,14,12,171697,2767,True,True,False,False,False,True,True,False,False,True,3
Система мониторинга #4386,Связь,Региональный,Федеральный округ,Средняя,35999,26,9034192,24.0,6,21,27257,300,True,False,True,False,False,False,True,False,True,True,2
Портал обработки #4387,Наука,Федеральный,Несколько муниципалитетов,Низкая,1222961,4,130071,24.0,12,7,335283,4526,False,False,False,False,False,False,False,False,False,False,2
Система аналитики #4388,Оборонная промышленность,Региональный,Субъект РФ,Средняя,11874,2,2634917,24.0,12,16,13378,1619,True,True,False,False,False,True,False,True,False,True,3
Система обработки #4389,Государственное управление,Федеральный,Один город,Высокая,1190000,1,12840939,8.0,20,3,516988,668,True,True,True,False,False,True,True,False,False,True,3
АСУ ТП управления #4390,Связь,Объектовый,Несколько муниципалитетов,Высокая,3834,4,180348572,24.0,2,6,3282,159,True,False,False,False,False,False,True,False,True,False,1
Платформа мониторинга #4391,Оборонная промышленность,Федеральный,Несколько муниципалитетов,Низкая,979577,1,199443,48.0,12,29,506861,280,True,False,False,False,False,True,False,False,False,True,3
Сеть передачи #4392,Наука,Региональный,Несколько муниципалитетов,Высокая,424401,3,17896516,24.0,8,7,202346,2222,True,False,False,False,False,False,False,False,True,False,1
Система хранения #4393,Транспорт,Региональный,Федеральный округ,Средняя,347071,26,1750939,72.0,8,6,469273,824,True,True,False,True,False,False,True,True,False,False,3
Сеть обработки #4394,Банковская сфера,Региональный,Федеральный округ,Критическая,261200,18,86756169,1.0,8,13,36937,1292,True,False,False,True,False,False,False,False,False,True,3
Портал передачи #4395,Связь,Объектовый,Федеральный округ,Высокая,1233,28,11340768,8.0,2,9,1630,221,True,False,False,False,False,False,False,False,True,False,1
Портал хранения #4396,Связь,Федеральный,Федеральный округ,Высокая,857986,14,129368138,12.0,6,17,775202,978,True,False,False,False,False,False,True,False,True,False,3
Сеть обработки #4397,Государственное управление,Муниципальный,Субъект РФ,Средняя,1176,7,3814245,72.0,8,7,1448,1310,True,True,True,False,True,True,True,False,False,True,3
Система мониторинга #4398,Наука,Региональный,Федеральный округ,Высокая,44458,25,1138908509,12.0,9,19,13094,2085,True,True,False,False,False,False,False,False,False,False,3
Платформа управления #4399,Государственное управление,Региональный,Один город,Средняя,52440,2,4109617,48.0,8,8,17810,4117,False,True,True,False,False,True,True,False,False,True,3
АСУ ТП аналитики #4400,Наука,Муниципальный,Субъект РФ,Средняя,40764,5,617685,168.0,8,5,29224,2306,False,False,False,False,False,False,False,False,False,False,0
Сеть мониторинга #4401,Государственное управление,Федеральный,Субъект РФ,Низкая,1304324,7,260568,24.0,5,9,606186,1085,False,False,True,False,False,True,True,False,False,True,3
Сеть мониторинга #4402,Энергетика,Объектовый,Федеральный округ,Высокая,1677,10,22990170,12.0,3,10,1750,162,True,True,False,False,True,False,False,False,False,False,1
Сеть обработки #4403,Оборонная промышленность,Региональный,Субъект РФ,Средняя,93045,6,4138477,168.0,2,18,35718,530,True,False,False,False,False,True,False,True,False,True,2
Платформа аналитики #4404,Наука,Объектовый,Несколько муниципалитетов,Критическая,642,3,82240924,0.5,2,3,146,744,True,False,False,True,False,False,False,False,False,False,2
ИС обработки #4405,Оборонная промышленность,Региональный,Субъект РФ,Критическая,150233,2,38034732,2.0,4,16,218398,609,True,False,False,False,False,True,True,False,False,True,3
Платформа хранения #4406,Энергетика,Муниципальный,Несколько муниципалитетов,Средняя,48695,3,825504,24.0,6,5,71266,139,False,True,False,False,True,False,True,False,False,False,1
Сеть обработки #4407,Топливная промышленность,Региональный,Один город,Высокая,33092,2,52204144,12.0,11,14,19626,328,True,True,False,False,True,False,False,False,False,False,2
Платформа управления #4408,Топливная промышленность,Региональный,Субъект РФ,Высокая,37235,3,177372676,4.0,7,19,44941,2332,True,True,False,False,True,False,False,False,False,False,2
Платформа мониторинга #4409,Здравоохранение,Объектовый,Несколько муниципалитетов,Низкая,2671,3,67540,24.0,4,4,3911,233,False,False,False,True,True,False,False,False,False,False,1
Платформа передачи #4410,Связь,Муниципальный,Субъект РФ,Средняя,88924,5,26254158,48.0,4,13,30013,1354,False,False,False,False,False,False,False,False,True,False,0
АСУ ТП мониторинга #4411,Банковская сфера,Муниципальный,Вся страна,Высокая,38433,88,55503368,24.0,4,10,56413,2018,True,False,False,False,False,False,False,False,False,True,1
Сеть хранения #4412,Государственное управление,Региональный,Федеральный округ,Средняя,336008,17,4168160,72.0,7,12,488345,537,True,False,True,False,False,True,True,True,False,True,3
АСУ ТП обработки #4413,Государственное управление,Региональный,Федеральный округ,Высокая,326539,19,3338581,12.0,8,4,312121,2186,True,True,True,False,False,True,True,False,False,True,3
ИС управления #4414,Топливная промышленность,Федеральный,Субъект РФ,Средняя,277294,8,924539,168.0,6,21,242776,326,False,True,False,False,True,False,False,False,False,False,2
Сеть хранения #4415,Энергетика,Федеральный,Федеральный округ,Низкая,188508,22,64358,24.0,9,14,193124,323,False,True,False,False,True,False,False,False,False,False,2
Платформа аналитики #4416,Государственное управление,Муниципальный,Один город,Высокая,61365,2,89421526,12.0,2,12,39553,1302,True,False,True,False,False,True,True,False,False,True,3
ИС управления #4417,Здравоохранение,Федеральный,Один город,Низкая,652301,1,213338,72.0,12,12,458296,3037,False,True,False,True,True,False,False,False,False,False,3
ИС передачи #4418,Банковская сфера,Объектовый,Федеральный округ,Средняя,592,22,1854664,48.0,2,2,238,1360,True,False,False,False,False,False,False,False,False,True,1
АСУ ТП мониторинга #4419,Оборонная промышленность,Региональный,Вся страна,Высокая,148015,79,47504127,24.0,12,19,173891,1875,True,True,True,False,False,False,False,False,False,True,3
Сеть аналитики #4420,Банковская сфера,Муниципальный,Федеральный округ,Высокая,41964,22,20239133,4.0,6,8,41502,2434,True,False,False,False,False,False,False,False,False,True,2
Система передачи #4421,Наука,Федеральный,Вся страна,Средняя,323342,84,973760,24.0,5,1,92444,650,True,False,False,False,False,False,False,True,False,False,1
Сервис аналитики #4422,Топливная промышленность,Объектовый,Несколько муниципалитетов,Высокая,1218,2,26947242,12.0,1,8,1563,930,True,True,False,False,True,False,False,False,False,False,1
АСУ ТП управления #4423,Наука,Региональный,Федеральный округ,Средняя,165056,10,3168889,48.0,7,22,153101,1620,True,False,False,False,False,False,False,False,False,False,1
Сервис управления #4424,Связь,Муниципальный,Субъект РФ,Высокая,7775,5,707334235,12.0,6,9,6335,69,True,False,False,False,False,False,False,False,True,False,1
ИС управления #4425,Наука,Региональный,Вся страна,Высокая,435338,73,408952171,8.0,9,19,503628,1941,True,False,False,False,True,False,False,False,False,False,3
Портал хранения #4426,Банковская сфера,Федеральный,Вся страна,Средняя,155629,67,1684328,24.0,10,32,212692,6101,False,False,False,False,False,False,False,False,False,True,2
Портал управления #4427,Энергетика,Региональный,Федеральный округ,Высокая,367979,14,21326106,4.0,11,10,168303,603,True,True,False,False,True,False,False,False,False,False,2
ИС управления #4428,Транспорт,Региональный,Вся страна,Средняя,279894,65,11652124,72.0,8,20,336694,80,False,True,False,True,False,False,True,True,False,False,3
АСУ ТП аналитики #4429,Энергетика,Федеральный,Несколько муниципалитетов,Высокая,758421,4,26445634,12.0,4,36,430909,521,True,True,False,False,True,False,True,False,False,False,2
ИС управления #4430,Банковская сфера,Муниципальный,Федеральный округ,Средняя,39750,19,6949166,168.0,9,13,54623,1554,False,False,False,False,False,False,False,False,False,True,1
Платформа аналитики #4431,Топливная промышленность,Региональный,Несколько муниципалитетов,Высокая,102963,2,342332057,8.0,6,2,145445,2725,True,True,False,False,True,False,False,False,True,False,2
Платформа хранения #4432,Наука,Региональный,Вся страна,Высокая,271098,64,396751310,4.0,2,14,313883,327,True,False,False,False,False,False,False,False,False,False,3
Система обработки #4433,Транспорт,Муниципальный,Вся страна,Средняя,15587,50,8489023,168.0,3,4,14238,571,False,True,False,True,False,False,True,True,True,False,2
Платформа обработки #4434,Наука,Муниципальный,Один город,Средняя,30275,4,3442553,72.0,9,11,35777,543,False,False,False,False,False,False,False,False,False,False,0
АСУ ТП мониторинга #4435,Связь,Муниципальный,Несколько муниципалитетов,Средняя,64845,3,796361,24.0,8,13,36059,1982,False,False,False,False,True,False,False,False,True,False,1
АСУ ТП обработки #4436,Топливная промышленность,Муниципальный,Субъект РФ,Высокая,20152,3,556621363,4.0,9,16,19489,1021,True,True,False,False,True,False,True,False,True,False,3
Портал аналитики #4437,Наука,Муниципальный,Федеральный округ,Критическая,35044,23,1203316412,1.0,8,11,38167,344,True,False,False,True,False,False,False,False,False,False,3
Платформа хранения #4438,Оборонная промышленность,Муниципальный,Один город,Средняя,3696,2,2085154,168.0,6,9,3569,72,False,True,False,False,False,False,False,False,False,True,1
АСУ ТП аналитики #4439,Топливная промышленность,Федеральный,Субъект РФ,Средняя,311402,7,602040,48.0,9,22,442564,1402,False,True,False,False,True,False,True,False,False,False,2
Сеть аналитики #4440,Связь,Объектовый,Вся страна,Низкая,1090,54,234080,72.0,2,5,1603,843,False,False,False,False,False,False,False,True,True,False,0
АСУ ТП передачи #4441,Государственное управление,Региональный,Несколько муниципалитетов,Средняя,148705,1,4575110,72.0,9,12,77663,316,False,False,True,False,False,True,True,False,False,True,3
Сеть мониторинга #4442,Энергетика,Объектовый,Субъект РФ,Высокая,437,5,191891385,8.0,4,4,240,93,True,True,False,False,True,False,False,False,False,False,1
ИС передачи #4443,Транспорт,Региональный,Один город,Низкая,162673,2,307829,24.0,3,20,198608,1153,True,True,False,True,False,False,True,True,False,False,3
Платформа мониторинга #4444,Государственное управление,Объектовый,Вся страна,Средняя,2151,71,4245463,168.0,1,6,2140,568,False,False,True,False,True,True,True,False,False,True,2
ИС хранения #4445,Наука,Федеральный,Вся страна,Критическая,327917,85,305119853,0.5,19,17,340944,2198,True,False,False,True,False,True,False,False,True,True,3
ИС мониторинга #4446,Здравоохранение,Федеральный,Субъект РФ,Высокая,1177329,8,451707432,4.0,17,40,1140992,3557,True,False,False,True,False,False,True,False,False,False,3
Портал обработки #4447,Наука,Региональный,Несколько муниципалитетов,Низкая,23554,2,97022,168.0,13,13,10080,766,False,False,False,False,False,False,False,False,True,False,1
Портал обработки #4448,Государственное управление,Объектовый,Вся страна,Низкая,1698,85,263552,168.0,1,5,2175,1106,False,False,True,False,False,True,True,False,False,True,2
ИС передачи #4449,Здравоохранение,Федеральный,Несколько муниципалитетов,Средняя,527251,4,7793088,48.0,18,20,98955,3800,False,False,False,True,False,False,True,False,False,False,2
АСУ ТП обработки #4450,Наука,Региональный,Несколько муниципалитетов,Средняя,344872,2,2272344,48.0,8,28,351373,1959,False,False,False,False,False,False,False,False,False,False,1
ИС хранения #4451,Энергетика,Объектовый,Один город,Высокая,1568,2,65882963,4.0,4,5,2270,71,True,True,False,False,True,False,True,False,False,False,1
Платформа мониторинга #4452,Наука,Региональный,Несколько муниципалитетов,Средняя,411555,3,309372,72.0,14,3,247254,2157,False,False,False,False,False,False,True,False,False,False,1
Портал аналитики #4453,Энергетика,Муниципальный,Несколько муниципалитетов,Средняя,71791,4,1993432,72.0,5,6,40689,991,True,True,False,False,True,False,False,False,False,False,1
Система передачи #4454,Топливная промышленность,Муниципальный,Один город,Средняя,31023,2,82570,24.0,3,8,18335,1079,False,True,False,False,True,False,False,False,False,False,1
АСУ ТП передачи #4455,Наука,Объектовый,Несколько муниципалитетов,Средняя,447,2,5442694,48.0,2,5,594,354,False,True,False,False,True,False,False,False,False,False,0
Сервис управления #4456,Банковская сфера,Объектовый,Несколько муниципалитетов,Средняя,2618,4,1572593,72.0,2,4,1433,107,False,False,False,False,False,False,False,False,False,True,0
АСУ ТП обработки #4457,Банковская сфера,Региональный,Вся страна,Низкая,208921,83,386189,24.0,7,25,65952,538,False,True,False,False,False,False,False,True,False,True,2
Система управления #4458,Связь,Объектовый,Несколько муниципалитетов,Высокая,444,1,94218989,24.0,2,5,184,383,True,True,False,False,False,False,False,False,True,False,1
ИС передачи #4459,Оборонная промышленность,Муниципальный,Субъект РФ,Средняя,11894,8,1855524,168.0,4,6,17741,639,False,False,False,False,False,False,True,False,False,True,1
Сервис обработки #4460,Здравоохранение,Муниципальный,Несколько муниципалитетов,Низкая,52188,1,247494,72.0,7,19,22716,1480,False,False,False,True,False,False,False,False,False,False,1
Сервис обработки #4461,Государственное управление,Региональный,Субъект РФ,Критическая,96322,4,27365327,4.0,4,14,104217,1355,True,False,True,True,False,False,True,False,False,True,3
АСУ ТП передачи #4462,Топливная промышленность,Региональный,Несколько муниципалитетов,Средняя,122345,3,227677,72.0,7,8,15713,1266,False,True,False,False,True,False,False,False,False,False,1
Платформа хранения #4463,Транспорт,Федеральный,Вся страна,Высокая,470378,53,1116528091,8.0,12,24,396410,1812,True,True,False,True,False,False,True,True,False,False,3
АСУ ТП управления #4464,Наука,Муниципальный,Субъект РФ,Средняя,64310,1,13306790,72.0,5,7,75722,2484,True,False,False,False,True,False,False,False,False,False,0
ИС обработки #4465,Транспорт,Объектовый,Один город,Средняя,612,1,7294575,24.0,2,3,515,149,False,True,False,True,False,False,True,True,True,False,2
Платформа хранения #4466,Топливная промышленность,Региональный,Федеральный округ,Высокая,186960,28,111757434,4.0,6,14,37307,88,True,True,False,False,True,False,False,False,False,False,3
ИС обработки #4467,Банковская сфера,Объектовый,Вся страна,Высокая,2760,66,56849813,12.0,3,3,1543,731,True,False,False,False,False,False,False,False,False,True,1
Система хранения #4468,Здравоохранение,Федеральный,Субъект РФ,Высокая,645020,1,35185927,4.0,12,20,701882,2616,True,False,False,True,False,False,False,False,False,False,3
Портал управления #4469,Транспорт,Федеральный,Федеральный округ,Критическая,1133769,16,190550614,4.0,12,4,1643677,3849,True,True,False,True,False,True,True,True,False,True,3
Портал обработки #4470,Энергетика,Региональный,Один город,Низкая,167210,4,279592,168.0,13,23,24836,3776,False,True,True,False,True,False,False,False,False,True,2
Сеть обработки #4471,Связь,Региональный,Несколько муниципалитетов,Средняя,386995,2,1770143,24.0,11,12,569984,279,False,False,False,False,False,False,False,False,True,False,1
Портал передачи #4472,Оборонная промышленность,Объектовый,Вся страна,Средняя,1330,72,21778043,72.0,4,4,1093,1128,False,False,False,False,False,True,False,False,False,True,2
Платформа хранения #4473,Оборонная промышленность,Федеральный,Один город,Низкая,756656,4,54483,24.0,9,22,887470,1871,False,False,False,False,False,False,False,False,False,True,2
Сервис аналитики #4474,Энергетика,Региональный,Один город,Критическая,113419,3,149994645,1.0,4,26,164886,1306,True,True,False,False,True,False,True,False,False,False,3
Портал управления #4475,Наука,Федеральный,Субъект РФ,Высокая,953973,5,1196519518,12.0,8,19,534697,1911,True,False,False,False,False,False,True,False,False,False,3
Сеть хранения #4476,Оборонная промышленность,Региональный,Федеральный округ,Высокая,72675,16,45914908,24.0,14,8,28248,3968,True,False,False,False,False,True,False,False,False,True,2
Сеть аналитики #4477,Банковская сфера,Объектовый,Федеральный округ,Низкая,2512,23,102832,168.0,1,8,689,1221,False,False,False,False,False,False,True,False,False,True,1
ИС передачи #4478,Банковская сфера,Муниципальный,Один город,Средняя,70596,1,6267682,48.0,3,11,90383,935,False,False,False,False,False,False,False,False,False,True,1
Портал обработки #4479,Связь,Региональный,Несколько муниципалитетов,Высокая,448144,1,38826034,24.0,13,18,106479,1811,True,True,False,False,False,False,False,True,True,False,2
Система передачи #4480,Государственное управление,Региональный,Вся страна,Средняя,262003,63,2131764,24.0,3,3,236584,3422,True,False,True,False,False,True,True,False,False,True,3
Система передачи #4481,Государственное управление,Федеральный,Субъект РФ,Высокая,266843,4,6635712,12.0,14,31,296997,1660,True,False,True,False,False,True,True,False,False,True,3
Система аналитики #4482,Транспорт,Региональный,Федеральный округ,Средняя,188464,21,265424,72.0,11,10,267801,1448,True,True,False,True,False,False,True,True,False,False,3
Платформа управления #4483,Связь,Объектовый,Один город,Критическая,458,4,91581064,1.0,3,3,410,758,True,False,False,True,False,False,False,False,True,False,2
Платформа управления #4484,Связь,Региональный,Субъект РФ,Высокая,28592,1,499740451,24.0,1,11,19931,1229,True,False,False,False,False,False,False,False,True,False,1
Сеть обработки #4485,Здравоохранение,Региональный,Субъект РФ,Низкая,150181,6,716722,24.0,11,10,66871,2672,False,False,False,True,False,False,False,False,False,False,2
Портал хранения #4486,Связь,Региональный,Несколько муниципалитетов,Высокая,172009,3,143896146,4.0,7,18,143219,735,True,False,False,False,True,False,True,False,True,False,3
Система мониторинга #4487,Оборонная промышленность,Региональный,Субъект РФ,Критическая,315624,3,3413391,4.0,7,19,235528,2255,True,True,True,False,False,True,False,False,False,True,3
Портал мониторинга #4488,Связь,Федеральный,Один город,Средняя,163233,1,619421,24.0,10,16,244764,482,True,False,False,False,False,False,False,False,True,False,2
АСУ ТП передачи #4489,Оборонная промышленность,Федеральный,Вся страна,Средняя,1042880,73,22292206,48.0,16,26,1156158,3528,False,False,False,False,False,True,False,False,False,True,3
Платформа аналитики #4490,Оборонная промышленность,Федеральный,Вся страна,Критическая,189741,57,103128450,0.5,6,24,34399,3403,True,False,False,False,False,True,False,False,False,True,3
АСУ ТП мониторинга #4491,Связь,Объектовый,Один город,Средняя,1421,3,2573393,72.0,1,1,801,23,False,False,False,False,False,False,False,False,True,False,0
Сервис управления #4492,Топливная промышленность,Региональный,Несколько муниципалитетов,Средняя,243468,3,4982883,72.0,12,8,186382,2015,False,True,False,False,True,False,False,False,True,False,1
ИС хранения #4493,Энергетика,Объектовый,Несколько муниципалитетов,Низкая,513,2,137071,72.0,2,3,439,129,False,True,False,False,True,False,False,False,False,False,0
Платформа обработки #4494,Оборонная промышленность,Региональный,Один город,Средняя,77925,4,353517,168.0,9,10,30827,858,True,False,False,False,False,True,False,False,False,True,2
АСУ ТП передачи #4495,Транспорт,Региональный,Несколько муниципалитетов,Средняя,53789,3,3250178,48.0,7,15,69556,196,False,True,False,True,False,False,True,True,False,False,2
Сервис управления #4496,Энергетика,Муниципальный,Федеральный округ,Высокая,55704,18,340044021,12.0,5,11,20181,1638,True,True,False,False,True,False,False,False,False,False,2
АСУ ТП передачи #4497,Связь,Федеральный,Несколько муниципалитетов,Низкая,375793,4,105416,168.0,5,30,463594,4224,True,False,False,False,False,False,False,True,True,False,1
Сервис аналитики #4498,Топливная промышленность,Федеральный,Один город,Высокая,1139706,3,16472436,12.0,10,21,819849,3046,True,True,False,False,True,False,False,False,False,False,3
Сеть аналитики #4499,Транспорт,Региональный,Субъект РФ,Средняя,482263,6,4349464,72.0,6,12,353969,944,True,True,False,True,False,False,True,True,False,False,3
Сервис передачи #4500,Связь,Региональный,Несколько муниципалитетов,Средняя,131973,1,3239865,72.0,10,23,27373,4415,True,False,False,False,False,False,True,False,True,False,1
АСУ ТП обработки #4501,Государственное управление,Региональный,Несколько муниципалитетов,Высокая,245058,4,1484061478,24.0,9,8,343411,982,True,False,True,False,False,True,True,False,False,True,3
Сервис управления #4502,Государственное управление,Федеральный,Один город,Средняя,1287514,4,12749108,24.0,16,27,248120,2477,False,False,True,False,False,True,True,False,False,True,3
Платформа аналитики #4503,Связь,Муниципальный,Субъект РФ,Критическая,29376,5,40017671,2.0,6,10,26096,829,True,False,False,True,True,False,False,True,True,False,2
Сеть управления #4504,Оборонная промышленность,Региональный,Федеральный округ,Средняя,162909,14,5935610,168.0,9,8,226620,2146,True,False,False,False,False,True,False,False,False,True,2
ИС обработки #4505,Здравоохранение,Федеральный,Федеральный округ,Критическая,431428,13,33064055,1.0,9,8,582232,1410,True,False,False,True,False,False,True,False,False,False,3
ИС мониторинга #4506,Энергетика,Муниципальный,Федеральный округ,Средняя,4429,26,3493180,168.0,6,6,4280,457,False,True,False,False,True,False,False,True,False,False,1
Сервис хранения #4507,Наука,Региональный,Несколько муниципалитетов,Высокая,67436,4,59154723,4.0,3,9,38427,1401,True,False,False,False,False,False,False,False,False,False,1
Портал мониторинга #4508,Банковская сфера,Региональный,Один город,Средняя,164218,2,2063927,48.0,8,6,16658,3194,True,False,False,False,False,False,False,False,False,True,1
Система хранения #4509,Транспорт,Муниципальный,Вся страна,Высокая,73648,66,36979428,8.0,6,16,56805,1126,True,True,False,True,False,False,True,True,False,False,3
ИС хранения #4510,Энергетика,Региональный,Несколько муниципалитетов,Высокая,89003,3,104759129,8.0,9,9,76368,342,True,True,False,False,True,False,False,False,True,False,2
Портал передачи #4511,Банковская сфера,Региональный,Несколько муниципалитетов,Высокая,40831,1,16296720,12.0,7,10,44548,83,True,False,False,False,False,False,False,False,False,True,1
Платформа аналитики #4512,Банковская сфера,Объектовый,Несколько муниципалитетов,Высокая,1465,3,219979738,8.0,2,4,1314,997,True,False,False,False,False,False,False,False,False,True,1
Портал обработки #4513,Топливная промышленность,Региональный,Один город,Средняя,420607,1,554767,48.0,8,18,373793,2444,True,True,False,False,True,False,True,False,False,False,2
Сервис обработки #4514,Банковская сфера,Федеральный,Несколько муниципалитетов,Низкая,940565,1,191897,72.0,11,14,325810,2666,True,False,False,False,False,False,True,False,False,True,2
ИС мониторинга #4515,Государственное управление,Региональный,Вся страна,Высокая,248118,59,106594402,12.0,10,15,91879,3395,True,False,True,False,False,True,True,False,False,True,3
Платформа обработки #4516,Оборонная промышленность,Региональный,Несколько муниципалитетов,Средняя,85562,4,1326242,168.0,12,12,113506,1418,False,False,True,False,False,True,False,False,False,True,2
ИС мониторинга #4517,Транспорт,Объектовый,Субъект РФ,Низкая,673,3,104097,24.0,1,5,144,910,False,True,True,True,True,False,True,True,False,False,2
Система управления #4518,Энергетика,Муниципальный,Федеральный округ,Средняя,38693,29,2153109,168.0,8,15,57873,682,True,True,False,False,True,False,False,False,False,False,1
Сервис аналитики #4519,Транспорт,Муниципальный,Один город,Средняя,25832,3,1614296,48.0,7,14,10796,1300,False,True,False,True,False,False,True,True,True,False,2
Система передачи #4520,Энергетика,Региональный,Несколько муниципалитетов,Средняя,381253,2,3764302,168.0,4,21,366464,3345,False,True,False,False,True,False,False,False,False,False,1
ИС передачи #4521,Оборонная промышленность,Федеральный,Вся страна,Средняя,1007740,74,8173208,48.0,12,19,1296066,4642,False,False,False,False,False,True,False,False,False,False,3
ИС обработки #4522,Транспорт,Муниципальный,Несколько муниципалитетов,Высокая,41372,2,374883686,4.0,7,13,53461,974,True,True,False,True,False,False,True,True,False,False,3
АСУ ТП обработки #4523,Государственное управление,Региональный,Один город,Критическая,182115,4,717487422,4.0,13,22,226503,1610,True,False,True,False,True,True,True,False,False,True,3
ИС аналитики #4524,Банковская сфера,Региональный,Несколько муниципалитетов,Средняя,29398,4,3173372,168.0,10,28,5053,3743,False,False,False,False,False,False,False,False,False,True,1
Портал управления #4525,Наука,Региональный,Вся страна,Высокая,164930,78,8215254,4.0,7,19,19809,1882,True,False,False,False,False,False,False,False,False,False,2
Система аналитики #4526,Оборонная промышленность,Муниципальный,Несколько муниципалитетов,Низкая,74377,2,334669,168.0,5,11,87444,921,True,False,False,False,False,True,False,False,False,True,2
ИС обработки #4527,Транспорт,Муниципальный,Федеральный округ,Средняя,35638,27,3077791,72.0,9,10,34071,2691,False,True,False,True,False,False,True,True,False,False,2
Сервис хранения #4528,Транспорт,Объектовый,Один город,Средняя,1724,2,17753688,168.0,2,4,1618,1386,False,True,False,True,False,False,True,True,False,False,2
АСУ ТП обработки #4529,Банковская сфера,Региональный,Федеральный округ,Высокая,37903,14,6733907,24.0,12,12,14756,156,True,False,False,False,False,False,True,False,False,False,1
Портал обработки #4530,Оборонная промышленность,Региональный,Несколько муниципалитетов,Высокая,58319,2,600558653,8.0,8,11,36313,2082,True,False,False,False,False,True,False,False,False,True,3
Портал аналитики #4531,Связь,Объектовый,Один город,Средняя,1783,1,987403,48.0,2,5,361,81,False,False,False,False,False,False,False,False,True,False,0
Платформа мониторинга #4532,Транспорт,Муниципальный,Вся страна,Низкая,61050,75,70656,72.0,4,10,10679,1275,False,True,True,True,False,False,True,True,False,True,3
Система хранения #4533,Оборонная промышленность,Региональный,Субъект РФ,Высокая,30685,5,41471653,12.0,9,23,17855,1411,True,False,False,False,False,True,False,False,False,True,2
ИС обработки #4534,Связь,Объектовый,Федеральный округ,Средняя,264,19,2473037,72.0,2,5,370,896,False,False,False,False,False,False,False,False,True,False,0
АСУ ТП передачи #4535,Здравоохранение,Региональный,Несколько муниципалитетов,Высокая,357886,4,590396573,8.0,6,10,388630,574,True,False,False,True,False,False,False,False,True,False,3
Сеть передачи #4536,Транспорт,Объектовый,Субъект РФ,Низкая,3274,9,438162,24.0,3,4,4724,950,False,True,False,True,False,False,True,True,False,False,2
АСУ ТП управления #4537,Банковская сфера,Муниципальный,Несколько муниципалитетов,Средняя,36811,4,15519171,48.0,5,9,33145,1813,True,True,False,False,False,False,False,False,False,False,1
АСУ ТП мониторинга #4538,Связь,Муниципальный,Субъект РФ,Высокая,23728,9,242263229,4.0,4,13,14213,1014,True,False,False,False,False,False,True,False,True,False,2
Сеть мониторинга #4539,Транспорт,Региональный,Вся страна,Высокая,212322,80,11718318,12.0,10,26,181203,3142,True,True,False,True,False,False,True,True,False,False,3
Платформа обработки #4540,Государственное управление,Региональный,Вся страна,Критическая,213104,73,351225453,1.0,6,15,133915,719,True,False,True,True,False,True,True,False,False,True,3
Сеть передачи #4541,Оборонная промышленность,Региональный,Вся страна,Высокая,186594,84,67973534,4.0,10,23,174144,3904,True,False,False,False,False,True,False,False,False,True,3
ИС хранения #4542,Банковская сфера,Региональный,Субъект РФ,Средняя,243806,5,9800049,24.0,11,19,41904,1493,False,False,False,False,False,False,True,False,False,True,2
Платформа обработки #4543,Энергетика,Региональный,Субъект РФ,Низкая,432817,2,332495,168.0,10,31,369687,2585,False,True,True,False,True,False,False,False,False,True,2
ИС мониторинга #4544,Здравоохранение,Объектовый,Один город,Средняя,2379,1,1724715,168.0,1,2,2765,262,False,False,False,True,True,False,False,False,False,False,1
ИС мониторинга #4545,Здравоохранение,Региональный,Один город,Низкая,96932,4,249148,24.0,5,17,123755,545,False,True,False,True,False,False,True,False,False,False,2
Сеть хранения #4546,Банковская сфера,Федеральный,Федеральный округ,Низкая,1237047,19,1894894,72.0,11,24,1115523,3249,True,False,False,False,True,False,True,False,False,True,3
ИС обработки #4547,Связь,Объектовый,Вся страна,Критическая,1250,75,61100059,2.0,4,3,693,1203,True,False,False,True,False,False,False,False,True,False,2
ИС передачи #4548,Банковская сфера,Муниципальный,Один город,Низкая,21727,2,641408,72.0,4,6,5041,774,False,False,False,False,True,False,False,False,False,False,0
Система хранения #4549,Оборонная промышленность,Объектовый,Субъект РФ,Средняя,4263,5,4142208,48.0,2,4,5674,436,False,False,False,False,True,True,False,True,False,True,1
Система мониторинга #4550,Наука,Муниципальный,Вся страна,Высокая,11150,88,236253892,4.0,4,4,14379,340,True,False,False,False,False,False,False,False,False,False,2
Портал управления #4551,Здравоохранение,Федеральный,Федеральный округ,Высокая,1182896,17,9210046,4.0,14,34,1406219,2924,True,True,False,True,False,False,False,False,False,False,3
Портал передачи #4552,Наука,Муниципальный,Несколько муниципалитетов,Высокая,46513,3,62273580,12.0,8,4,57126,1600,True,False,False,False,False,False,False,False,False,False,1
Сервис обработки #4553,Государственное управление,Муниципальный,Несколько муниципалитетов,Средняя,13968,4,2580145,168.0,6,11,18393,1319,True,False,True,False,True,True,True,True,False,True,2
Портал аналитики #4554,Наука,Региональный,Федеральный округ,Низкая,346464,10,655051,24.0,15,20,418236,3243,True,False,False,False,False,False,False,False,False,False,2
Портал аналитики #4555,Государственное управление,Муниципальный,Вся страна,Высокая,29959,69,892681906,8.0,3,8,13469,2529,True,False,True,False,False,True,True,True,False,True,3
ИС обработки #4556,Оборонная промышленность,Объектовый,Федеральный округ,Высокая,2449,29,8260415,8.0,4,4,1584,363,True,False,False,False,False,False,True,False,False,True,1
Система хранения #4557,Банковская сфера,Региональный,Один город,Средняя,147902,4,1543939,72.0,8,9,105185,1442,False,True,False,False,False,False,False,False,False,True,2
АСУ ТП мониторинга #4558,Здравоохранение,Объектовый,Субъект РФ,Низкая,1724,3,106325,48.0,2,2,1922,394,False,True,False,True,False,False,False,False,False,False,1
АСУ ТП обработки #4559,Связь,Муниципальный,Вся страна,Критическая,60401,73,118411193,1.0,5,16,68998,356,True,False,False,True,False,False,False,False,True,False,3
Сервис передачи #4560,Энергетика,Объектовый,Субъект РФ,Высокая,877,9,46941653,24.0,3,4,1237,514,True,True,False,False,True,False,False,False,False,False,1
Платформа обработки #4561,Государственное управление,Муниципальный,Федеральный округ,Средняя,13485,22,335008,48.0,5,10,12110,53,True,False,True,False,False,False,True,False,False,True,2
Сервис хранения #4562,Связь,Региональный,Субъект РФ,Высокая,206712,4,20378395,12.0,12,10,142681,4418,True,False,False,False,False,False,False,False,True,False,1
Платформа хранения #4563,Связь,Региональный,Несколько муниципалитетов,Критическая,158540,3,37649339,2.0,9,13,167335,1918,True,False,False,True,False,False,False,False,True,False,3
Портал мониторинга #4564,Оборонная промышленность,Объектовый,Несколько муниципалитетов,Низкая,3715,2,135320,168.0,3,2,2161,1232,False,False,False,False,False,True,False,False,False,True,1
Система хранения #4565,Связь,Федеральный,Федеральный округ,Высокая,1031965,19,159544192,24.0,10,34,1018280,1058,True,False,False,False,False,False,False,False,True,False,3
ИС аналитики #4566,Здравоохранение,Региональный,Несколько муниципалитетов,Низкая,68194,4,281268,48.0,6,14,30689,2308,True,False,False,True,False,False,True,False,False,False,2
Платформа обработки #4567,Наука,Объектовый,Несколько муниципалитетов,Низкая,4237,4,250477,48.0,3,2,3896,143,True,False,False,False,True,False,False,False,False,False,0
Сервис аналитики #4568,Государственное управление,Федеральный,Один город,Низкая,427681,2,56056,24.0,8,15,194039,2324,False,True,True,False,True,True,True,True,False,True,3
Портал хранения #4569,Здравоохранение,Региональный,Вся страна,Критическая,124084,53,517135691,4.0,8,21,27227,3820,True,False,False,True,False,False,False,True,False,False,3
Сервис управления #4570,Здравоохранение,Объектовый,Один город,Средняя,2038,4,6766266,24.0,2,3,1874,569,False,False,True,True,True,False,False,False,False,True,2
Система обработки #4571,Связь,Муниципальный,Один город,Высокая,52930,3,11339778,4.0,4,12,28467,329,True,True,False,False,True,False,False,False,True,False,2
АСУ ТП аналитики #4572,Наука,Муниципальный,Субъект РФ,Низкая,62063,8,381033,48.0,6,11,73266,677,True,False,False,False,False,False,False,False,False,False,1
Платформа обработки #4573,Здравоохранение,Муниципальный,Федеральный округ,Средняя,58949,21,56590737,48.0,8,9,13691,1560,False,False,True,True,False,False,False,True,False,True,3
Сервис аналитики #4574,Транспорт,Региональный,Несколько муниципалитетов,Средняя,76256,4,481758,72.0,8,15,40046,1158,True,True,False,True,False,False,True,True,False,False,2
ИС мониторинга #4575,Связь,Объектовый,Федеральный округ,Высокая,2848,17,33238327,12.0,3,2,3017,603,True,False,False,False,False,False,False,False,True,False,1
Сеть обработки #4576,Энергетика,Региональный,Федеральный округ,Средняя,106629,12,1861041,24.0,9,19,46701,4229,False,True,False,False,True,False,False,False,False,False,2
ИС аналитики #4577,Здравоохранение,Объектовый,Вся страна,Средняя,664,88,1804538,48.0,3,4,759,196,False,False,False,True,False,False,False,False,False,False,1
АСУ ТП передачи #4578,Наука,Региональный,Субъект РФ,Низкая,163793,1,249182,72.0,10,19,176946,2179,False,False,False,False,False,False,False,True,False,False,1
АСУ ТП аналитики #4579,Государственное управление,Федеральный,Субъект РФ,Критическая,1274233,4,98044511,4.0,12,27,1173000,4220,True,False,True,True,False,False,True,False,False,True,3
Система управления #4580,Государственное управление,Региональный,Федеральный округ,Критическая,257324,12,67692478,0.5,11,27,47868,1513,True,False,True,True,False,True,True,False,False,True,3
АСУ ТП управления #4581,Транспорт,Объектовый,Федеральный округ,Критическая,2466,11,36671857,1.0,3,5,331,227,True,True,False,True,False,False,True,True,False,False,3
Портал передачи #4582,Государственное управление,Федеральный,Несколько муниципалитетов,Средняя,382135,2,909530,48.0,10,31,318493,1304,True,False,True,False,False,False,True,True,False,True,2
АСУ ТП управления #4583,Банковская сфера,Муниципальный,Субъект РФ,Низкая,29026,2,143633,72.0,4,15,17099,1625,True,False,True,False,False,False,False,False,True,True,1
Сервис передачи #4584,Связь,Муниципальный,Федеральный округ,Низкая,12946,28,311802,48.0,3,11,6969,1706,False,False,False,False,False,False,False,False,True,False,1
ИС управления #4585,Банковская сфера,Объектовый,Один город,Средняя,3140,3,1738042,24.0,2,6,3427,32,False,True,False,False,False,False,True,True,False,True,1
Портал мониторинга #4586,Наука,Региональный,Вся страна,Средняя,326695,61,653305,24.0,5,7,328935,893,False,False,False,False,True,False,True,False,False,False,1
ИС мониторинга #4587,Государственное управление,Региональный,Несколько муниципалитетов,Средняя,112692,1,5599384,48.0,9,9,36188,3128,True,False,True,False,False,True,True,False,True,True,3
Сервис передачи #4588,Транспорт,Объектовый,Один город,Критическая,814,4,87880493,4.0,3,3,913,477,True,True,False,True,False,False,True,True,False,False,2
АСУ ТП обработки #4589,Оборонная промышленность,Муниципальный,Федеральный округ,Низкая,5153,29,411366,48.0,6,10,3076,904,False,True,True,False,False,False,True,False,False,True,2
Сеть обработки #4590,Топливная промышленность,Региональный,Несколько муниципалитетов,Средняя,319028,1,5866467,168.0,6,12,351977,113,True,True,False,False,True,False,False,False,False,False,2
АСУ ТП передачи #4591,Топливная промышленность,Региональный,Вся страна,Высокая,175149,58,250642559,12.0,6,20,184471,2442,True,True,False,False,True,False,True,False,False,False,3
Платформа хранения #4592,Транспорт,Федеральный,Федеральный округ,Низкая,1146016,10,29073,72.0,12,10,425768,5432,False,True,False,True,False,False,True,True,False,False,3
Сервис хранения #4593,Наука,Объектовый,Несколько муниципалитетов,Критическая,2456,3,35004997,2.0,3,6,1167,141,True,False,True,True,False,False,False,False,False,True,3
Портал аналитики #4594,Банковская сфера,Муниципальный,Субъект РФ,Средняя,5237,5,3787688,24.0,4,3,5453,2729,False,True,False,False,True,False,True,False,False,True,1
Система хранения #4595,Здравоохранение,Муниципальный,Один город,Высокая,79902,4,261249197,4.0,1,14,71476,404,True,False,True,True,False,False,False,False,False,True,3
АСУ ТП обработки #4596,Оборонная промышленность,Муниципальный,Федеральный округ,Низкая,18378,29,102115,24.0,4,4,12988,1646,False,True,False,False,False,False,False,False,False,True,1
Платформа аналитики #4597,Государственное управление,Муниципальный,Вся страна,Высокая,39458,79,2537754215,24.0,5,5,5941,545,True,True,True,False,True,False,True,True,True,True,3
ИС мониторинга #4598,Государственное управление,Федеральный,Вся страна,Высокая,930228,77,224167457,4.0,9,22,520084,2952,True,True,True,False,False,True,True,False,False,True,3
Сервис передачи #4599,Транспорт,Региональный,Субъект РФ,Низкая,278758,2,46458,48.0,8,14,93029,2855,True,True,True,True,False,False,True,True,False,True,3
Сервис передачи #4600,Связь,Региональный,Федеральный округ,Средняя,74581,11,899798,168.0,11,20,96243,583,True,False,False,False,False,False,False,False,True,False,1
Платформа управления #4601,Топливная промышленность,Региональный,Субъект РФ,Низкая,339003,9,488833,72.0,11,16,124761,139,False,True,False,False,True,False,False,True,False,False,2
Сеть мониторинга #4602,Энергетика,Региональный,Вся страна,Критическая,84381,54,34849742,1.0,9,14,48805,3438,True,True,False,True,True,False,False,False,False,False,3
Сервис передачи #4603,Наука,Федеральный,Вся страна,Высокая,264472,65,22078074,12.0,10,27,303052,1450,True,False,False,False,False,False,False,False,False,False,2
Сервис хранения #4604,Здравоохранение,Муниципальный,Федеральный округ,Средняя,6287,29,5904952,168.0,6,6,7603,557,True,False,False,True,False,False,False,False,False,False,2
Сервис обработки #4605,Банковская сфера,Объектовый,Несколько муниципалитетов,Высокая,1114,1,11824605,8.0,3,5,996,781,True,False,False,False,False,False,False,True,False,True,1
Сеть мониторинга #4606,Оборонная промышленность,Региональный,Субъект РФ,Высокая,305087,2,156041827,8.0,10,16,68902,2628,True,False,False,False,False,False,False,False,True,True,2
Система хранения #4607,Энергетика,Объектовый,Один город,Критическая,4596,1,16129913,0.5,2,8,6804,114,True,True,False,True,True,False,True,False,False,False,2
Платформа управления #4608,Наука,Объектовый,Несколько муниципалитетов,Средняя,553,2,9141828,168.0,2,6,565,53,False,False,False,False,False,False,False,False,False,False,0
Сервис обработки #4609,Банковская сфера,Региональный,Один город,Средняя,63276,4,779194,72.0,3,15,17747,2377,False,False,False,False,True,False,False,False,False,True,1
Сеть мониторинга #4610,Оборонная промышленность,Муниципальный,Один город,Средняя,18521,3,11385044,48.0,6,13,2978,520,True,False,False,False,False,True,False,False,False,True,2
АСУ ТП хранения #4611,Связь,Муниципальный,Один город,Низкая,19910,1,31667,24.0,1,14,29391,2054,False,False,False,False,False,False,False,False,True,False,0
Портал аналитики #4612,Государственное управление,Муниципальный,Один город,Высокая,10390,1,141311758,24.0,8,13,6193,2946,True,False,True,False,False,True,True,False,False,True,3
ИС обработки #4613,Энергетика,Муниципальный,Вся страна,Критическая,42509,85,147039650,4.0,9,9,16588,1707,True,True,True,True,True,False,False,False,False,True,3
Портал обработки #4614,Оборонная промышленность,Федеральный,Несколько муниципалитетов,Средняя,1249841,4,5355728,168.0,16,17,493475,669,True,False,False,False,True,False,False,False,False,True,2
Платформа хранения #4615,Топливная промышленность,Региональный,Несколько муниципалитетов,Средняя,183418,4,6639810,168.0,10,9,221657,4480,False,True,False,False,True,False,True,False,False,False,1
Система обработки #4616,Связь,Федеральный,Вся страна,Критическая,338417,75,167098426,4.0,12,13,166078,468,True,False,True,True,False,False,False,False,True,True,3
Платформа мониторинга #4617,Государственное управление,Муниципальный,Вся страна,Средняя,18204,64,1479317,24.0,3,7,26014,794,False,False,True,False,False,True,True,False,False,True,2
Платформа управления #4618,Связь,Федеральный,Вся страна,Средняя,1286804,60,1266328,24.0,3,20,624464,668,True,False,False,False,True,False,False,False,True,False,2
ИС мониторинга #4619,Связь,Муниципальный,Несколько муниципалитетов,Высокая,72495,1,158854032,4.0,3,11,52977,1693,True,False,True,False,False,False,False,False,True,True,2
ИС аналитики #4620,Транспорт,Региональный,Один город,Высокая,82148,1,359769831,8.0,15,16,54076,481,True,True,False,True,False,False,True,True,False,False,3
Сеть мониторинга #4621,Связь,Региональный,Несколько муниципалитетов,Критическая,170288,3,291036120,4.0,7,22,205505,124,True,False,False,True,False,False,False,True,True,False,3
Портал хранения #4622,Энергетика,Региональный,Субъект РФ,Высокая,413647,7,62818515,24.0,9,7,146285,2139,True,True,False,False,True,False,False,False,False,False,2
Сеть передачи #4623,Топливная промышленность,Региональный,Один город,Низкая,245876,4,274201,48.0,13,19,252592,2458,True,True,False,False,True,False,False,False,False,False,2
Сеть аналитики #4624,Транспорт,Объектовый,Один город,Критическая,4171,4,171320828,2.0,3,3,4579,637,True,True,False,True,False,False,True,True,False,False,3
Платформа передачи #4625,Здравоохранение,Региональный,Федеральный округ,Низкая,238001,26,578375,72.0,10,15,244782,1473,False,False,False,True,False,False,False,False,True,False,2
Сеть обработки #4626,Энергетика,Муниципальный,Несколько муниципалитетов,Средняя,54968,4,855049,72.0,9,13,74904,94,True,True,False,False,True,False,False,False,False,False,1
Платформа обработки #4627,Наука,Региональный,Федеральный округ,Средняя,26806,15,708879,48.0,6,18,30936,1674,False,False,False,False,False,False,False,False,False,False,1
ИС мониторинга #4628,Банковская сфера,Федеральный,Вся страна,Критическая,1378034,85,85691928,4.0,20,15,196379,1556,True,False,False,True,False,False,True,True,True,True,3
Система хранения #4629,Энергетика,Объектовый,Один город,Средняя,4108,4,3081942,72.0,3,3,5420,769,False,True,False,False,True,False,False,False,False,False,0
Портал мониторинга #4630,Связь,Муниципальный,Субъект РФ,Критическая,48974,6,53061786,4.0,8,8,13679,560,True,True,False,True,False,False,False,False,True,False,3
Сервис мониторинга #4631,Топливная промышленность,Региональный,Один город,Средняя,212572,4,918367,24.0,5,15,125087,798,False,True,False,False,True,False,False,False,False,False,1
АСУ ТП обработки #4632,Транспорт,Объектовый,Федеральный округ,Низкая,1084,27,118627,168.0,2,1,900,838,True,True,False,True,False,False,True,True,False,False,2
ИС передачи #4633,Государственное управление,Региональный,Один город,Средняя,100640,1,5957137,48.0,10,13,105139,879,False,False,True,False,False,True,True,False,False,True,3
Платформа обработки #4634,Государственное управление,Федеральный,Один город,Высокая,1369529,2,396346430,12.0,18,31,947872,1727,True,False,True,False,False,True,True,False,False,False,3
АСУ ТП обработки #4635,Государственное управление,Федеральный,Несколько муниципалитетов,Средняя,265918,4,2970504,24.0,11,18,308425,1465,False,False,True,False,False,True,True,False,False,True,3
Сеть хранения #4636,Оборонная промышленность,Муниципальный,Субъект РФ,Высокая,43441,5,135656976,8.0,11,13,55760,2560,True,False,True,False,False,True,False,False,False,True,3
АСУ ТП мониторинга #4637,Энергетика,Объектовый,Несколько муниципалитетов,Средняя,1779,4,11147295,24.0,4,7,1509,791,False,True,False,False,True,False,False,False,False,False,1
Сервис аналитики #4638,Наука,Региональный,Субъект РФ,Критическая,119226,5,1962732708,4.0,6,11,29118,529,True,False,False,False,False,False,False,False,False,False,3
Сеть управления #4639,Транспорт,Региональный,Несколько муниципалитетов,Средняя,154338,2,4493347,168.0,6,14,77868,1101,False,True,False,True,False,False,True,True,False,False,2
Сервис управления #4640,Транспорт,Региональный,Субъект РФ,Средняя,250106,3,818532,72.0,5,15,223992,172,False,True,False,True,False,False,True,True,False,False,2
Портал обработки #4641,Оборонная промышленность,Федеральный,Субъект РФ,Низкая,259072,7,161766,24.0,17,6,82719,683,True,False,False,False,False,True,False,False,False,True,3
ИС управления #4642,Топливная промышленность,Региональный,Вся страна,Высокая,283708,51,79767201,8.0,8,19,311402,456,True,True,True,False,True,False,False,False,False,False,3
Портал хранения #4643,Банковская сфера,Муниципальный,Субъект РФ,Критическая,33541,8,2646333,0.5,5,2,25842,2655,True,False,False,True,False,False,False,True,False,True,2
АСУ ТП аналитики #4644,Топливная промышленность,Региональный,Федеральный округ,Средняя,156430,28,6837987,168.0,9,15,214016,1526,False,True,False,False,True,False,False,True,False,False,2
Портал обработки #4645,Оборонная промышленность,Региональный,Субъект РФ,Средняя,15044,7,8039965,48.0,11,19,3490,1447,False,True,True,False,False,False,True,False,False,True,2
Система аналитики #4646,Транспорт,Объектовый,Несколько муниципалитетов,Критическая,3049,4,1193272953,4.0,3,9,4251,476,True,True,False,True,False,False,True,True,False,False,3
Сеть управления #4647,Связь,Федеральный,Федеральный округ,Низкая,1274295,27,29495,72.0,18,20,1578689,77,False,False,False,False,False,False,False,False,True,False,2
Сервис аналитики #4648,Банковская сфера,Региональный,Вся страна,Средняя,174059,63,1819586,72.0,8,18,42146,995,True,False,False,False,False,False,False,False,False,True,2
ИС хранения #4649,Государственное управление,Объектовый,Вся страна,Критическая,1579,86,8948431,4.0,4,3,1742,1265,True,False,True,True,False,False,True,False,True,True,3
ИС аналитики #4650,Энергетика,Региональный,Один город,Низкая,113202,3,89173,24.0,9,18,41741,733,True,True,False,False,True,False,False,False,False,False,2
Сеть управления #4651,Государственное управление,Федеральный,Вся страна,Низкая,706590,72,167901,48.0,10,14,647570,1000,True,True,True,False,False,False,True,False,False,True,3
АСУ ТП аналитики #4652,Государственное управление,Федеральный,Субъект РФ,Средняя,1061934,4,1167704,168.0,10,20,977539,370,True,False,True,False,False,False,True,False,False,True,3
Сервис мониторинга #4653,Связь,Объектовый,Субъект РФ,Высокая,2232,8,414175709,24.0,1,7,1507,532,True,False,False,False,False,False,False,False,True,False,1
АСУ ТП мониторинга #4654,Государственное управление,Объектовый,Вся страна,Критическая,791,72,17869572,0.5,3,3,879,589,True,False,True,True,False,False,True,False,False,True,3
Сервис аналитики #4655,Топливная промышленность,Муниципальный,Несколько муниципалитетов,Высокая,36325,3,24805930,8.0,8,14,24190,2169,True,True,False,False,True,False,False,False,True,False,1
Платформа хранения #4656,Государственное управление,Федеральный,Федеральный округ,Средняя,855315,13,5718857,48.0,13,19,646452,5097,False,False,True,False,False,True,True,False,False,True,3
Платформа аналитики #4657,Здравоохранение,Федеральный,Один город,Критическая,365512,2,298061513,4.0,11,8,54664,2517,True,True,False,True,False,True,False,False,True,True,3
АСУ ТП обработки #4658,Наука,Объектовый,Вся страна,Средняя,2250,55,25856077,24.0,3,8,1734,544,True,False,False,False,False,False,False,False,False,False,1
АСУ ТП управления #4659,Наука,Объектовый,Один город,Критическая,1551,2,312318565,2.0,2,3,559,190,True,False,False,False,True,False,False,False,False,False,1
Сервис аналитики #4660,Энергетика,Региональный,Несколько муниципалитетов,Средняя,58577,2,13176453,168.0,7,9,60763,291,False,True,False,False,True,False,False,False,False,False,1
Сервис мониторинга #4661,Государственное управление,Муниципальный,Вся страна,Средняя,11905,69,2953169,24.0,6,10,9585,799,False,False,True,False,False,True,True,False,True,True,3
Платформа аналитики #4662,Оборонная промышленность,Муниципальный,Один город,Высокая,28685,1,8965532,8.0,8,8,4501,1467,True,False,False,False,False,False,False,False,True,False,1
Система передачи #4663,Банковская сфера,Региональный,Субъект РФ,Низкая,113197,5,124413,24.0,5,12,149293,562,True,False,False,False,False,False,True,False,False,False,1
Портал обработки #4664,Банковская сфера,Региональный,Субъект РФ,Критическая,94805,2,128335081,0.5,8,3,29458,300,True,False,False,True,False,False,False,False,False,True,3
Система аналитики #4665,Транспорт,Муниципальный,Вся страна,Высокая,57800,82,399952229,4.0,4,9,37899,404,True,True,False,True,False,False,True,True,False,False,3
Сеть обработки #4666,Государственное управление,Региональный,Вся страна,Средняя,68478,78,619467,72.0,6,15,21675,2036,False,False,True,False,False,True,True,False,False,True,3
Система передачи #4667,Наука,Региональный,Несколько муниципалитетов,Критическая,149625,4,42692540,1.0,9,2,210586,1155,True,False,True,True,False,False,True,True,False,True,3
Платформа аналитики #4668,Связь,Муниципальный,Вся страна,Средняя,5245,64,847247,48.0,5,11,6138,725,True,False,False,False,False,False,False,False,True,False,1
Сервис передачи #4669,Наука,Муниципальный,Вся страна,Средняя,7602,59,4277754,168.0,8,8,1527,41,True,False,False,False,False,False,False,False,False,False,1
Система управления #4670,Наука,Муниципальный,Один город,Критическая,59675,3,15264278,0.5,3,11,19481,1719,True,True,False,True,False,False,False,False,False,False,3
Сервис мониторинга #4671,Транспорт,Объектовый,Один город,Критическая,1898,2,9928475,1.0,5,6,2648,75,True,True,False,True,False,False,True,True,False,False,2
Сеть управления #4672,Связь,Региональный,Федеральный округ,Высокая,101415,25,218856604,8.0,4,14,14645,3632,True,False,False,False,False,False,False,False,True,False,2
Сеть обработки #4673,Транспорт,Муниципальный,Федеральный округ,Высокая,49749,27,129576458,8.0,4,6,35183,959,True,True,False,True,False,False,True,True,False,False,3
Сеть обработки #4674,Банковская сфера,Федеральный,Федеральный округ,Высокая,1017070,21,26527300,4.0,3,20,851776,952,True,False,False,False,False,False,True,False,False,True,3
Сервис аналитики #4675,Оборонная промышленность,Федеральный,Один город,Высокая,498744,4,1512950097,12.0,12,19,614017,2940,True,True,False,False,False,True,False,False,False,False,3
Портал управления #4676,Здравоохранение,Региональный,Один город,Высокая,270379,1,129029540,24.0,12,12,263122,2967,True,False,False,True,True,False,False,False,False,False,3
Платформа управления #4677,Государственное управление,Региональный,Вся страна,Высокая,135522,69,5782863,24.0,11,14,150879,135,True,False,True,False,False,True,True,False,False,True,3
АСУ ТП аналитики #4678,Топливная промышленность,Объектовый,Несколько муниципалитетов,Средняя,1287,2,1196414,24.0,1,5,731,19,False,True,False,False,True,False,False,False,False,False,0
Сеть хранения #4679,Банковская сфера,Объектовый,Один город,Средняя,2306,1,6783464,48.0,2,1,2870,917,False,False,False,False,False,False,False,False,False,False,0
Сеть мониторинга #4680,Энергетика,Муниципальный,Несколько муниципалитетов,Критическая,86911,3,155454402,4.0,5,16,91360,488,True,True,True,False,True,False,False,False,False,True,3
Портал хранения #4681,Наука,Объектовый,Один город,Средняя,705,3,2046068,24.0,1,6,741,79,False,True,False,False,False,False,False,False,False,False,0
Система обработки #4682,Связь,Региональный,Федеральный округ,Высокая,198791,29,10501414,12.0,6,21,129576,3835,True,True,False,False,True,False,False,False,True,False,2
ИС аналитики #4683,Банковская сфера,Федеральный,Субъект РФ,Низкая,317905,4,33120,24.0,6,23,44823,2498,False,False,False,False,False,False,True,False,False,True,2
Сеть хранения #4684,Наука,Объектовый,Несколько муниципалитетов,Низкая,1413,4,57881,72.0,2,3,589,32,True,False,False,False,False,False,False,False,False,False,0
Сеть аналитики #4685,Энергетика,Федеральный,Вся страна,Низкая,406189,88,41637,72.0,10,27,537903,2176,False,True,False,False,True,False,False,False,False,False,2
АСУ ТП мониторинга #4686,Здравоохранение,Муниципальный,Субъект РФ,Средняя,15597,1,814020,168.0,4,9,8537,827,True,False,False,True,False,False,False,False,False,False,1
Сервис мониторинга #4687,Банковская сфера,Федеральный,Вся страна,Средняя,269743,64,10672650,72.0,12,29,239926,4274,True,False,False,False,False,False,False,False,True,True,2
АСУ ТП аналитики #4688,Оборонная промышленность,Региональный,Вся страна,Низкая,204689,66,53873,168.0,7,14,273652,544,False,False,False,False,False,True,False,False,False,True,3
Платформа передачи #4689,Государственное управление,Объектовый,Федеральный округ,Критическая,3422,14,17914207,0.5,2,6,1450,288,True,False,True,False,False,True,True,False,False,True,3
Сеть хранения #4690,Государственное управление,Муниципальный,Несколько муниципалитетов,Высокая,40322,1,18437191,12.0,4,10,24859,812,True,True,True,False,False,True,True,False,False,True,3
АСУ ТП аналитики #4691,Энергетика,Муниципальный,Субъект РФ,Низкая,9969,5,671465,72.0,6,10,12888,1568,False,True,False,False,True,False,False,False,False,False,0
Платформа управления #4692,Наука,Федеральный,Субъект РФ,Критическая,1105648,3,237732577,1.0,5,26,807416,2239,True,False,False,True,False,True,False,False,False,True,3
Платформа мониторинга #4693,Топливная промышленность,Федеральный,Вся страна,Критическая,574528,50,163203051,2.0,10,13,703338,3227,True,True,False,True,True,True,False,False,False,True,3
Портал управления #4694,Здравоохранение,Объектовый,Один город,Высокая,1753,2,35069250,4.0,2,5,2219,1079,True,False,False,True,False,False,True,True,False,False,2
Сервис хранения #4695,Банковская сфера,Региональный,Один город,Критическая,110546,2,40867807,0.5,10,17,75724,1900,True,False,False,True,False,False,False,False,False,True,3
Система хранения #4696,Энергетика,Федеральный,Вся страна,Низкая,652145,56,670131,48.0,4,1,403755,593,False,True,False,False,True,False,False,False,True,False,2
АСУ ТП передачи #4697,Транспорт,Региональный,Несколько муниципалитетов,Средняя,48408,3,10028410,168.0,9,19,54842,457,False,True,False,True,False,False,True,True,False,False,2
АСУ ТП хранения #4698,Энергетика,Муниципальный,Один город,Средняя,41057,2,339204,48.0,7,8,13036,654,False,True,False,False,True,False,False,False,False,False,1
Система управления #4699,Банковская сфера,Федеральный,Федеральный округ,Низкая,330312,18,1543612,168.0,14,14,440905,485,False,False,False,False,False,False,False,False,False,True,2
Портал управления #4700,Банковская сфера,Объектовый,Субъект РФ,Критическая,2595,2,999541232,2.0,3,3,1647,762,True,True,False,True,False,False,False,False,False,True,3
ИС хранения #4701,Государственное управление,Региональный,Федеральный округ,Средняя,443068,26,5995678,168.0,10,12,458769,732,False,False,True,False,False,False,True,False,False,True,2
Система обработки #4702,Банковская сфера,Муниципальный,Один город,Средняя,48492,4,1658531,168.0,5,11,72451,232,True,False,False,False,False,False,False,False,False,True,1
АСУ ТП мониторинга #4703,Оборонная промышленность,Муниципальный,Один город,Низкая,56407,2,400055,48.0,2,11,57952,754,False,False,False,False,False,True,False,False,False,True,1
Платформа передачи #4704,Государственное управление,Региональный,Один город,Низкая,347553,2,220552,24.0,10,8,138655,657,False,True,True,False,False,False,True,False,False,True,2
Платформа управления #4705,Наука,Объектовый,Субъект РФ,Высокая,2450,5,201357232,8.0,3,1,974,1107,True,False,False,False,False,False,True,False,False,False,1
Портал передачи #4706,Здравоохранение,Объектовый,Федеральный округ,Средняя,2328,17,1127061,168.0,2,3,3089,152,True,False,False,True,False,False,False,False,False,False,1
Платформа управления #4707,Банковская сфера,Муниципальный,Субъект РФ,Низкая,63376,5,294652,168.0,6,10,33984,759,False,False,False,False,False,False,True,False,False,True,1
Портал мониторинга #4708,Топливная промышленность,Федеральный,Несколько муниципалитетов,Средняя,782879,3,1335643,168.0,9,20,377817,3071,True,True,False,False,True,False,False,False,False,False,2
Сеть мониторинга #4709,Топливная промышленность,Объектовый,Федеральный округ,Высокая,4193,21,203087627,4.0,3,5,1165,230,True,True,False,False,True,False,True,False,False,False,2
Сервис передачи #4710,Связь,Региональный,Субъект РФ,Средняя,276286,9,4194564,24.0,11,23,108503,813,True,False,False,False,False,False,True,False,True,False,2
ИС аналитики #4711,Оборонная промышленность,Муниципальный,Несколько муниципалитетов,Высокая,39216,2,12515311,24.0,5,5,29821,1086,True,False,False,False,False,True,True,False,False,True,2
ИС обработки #4712,Транспорт,Региональный,Федеральный округ,Низкая,225671,10,360842,168.0,10,24,255237,1397,False,True,False,True,False,False,True,True,False,False,3
АСУ ТП передачи #4713,Связь,Федеральный,Федеральный округ,Высокая,1616966,14,170531418,4.0,10,23,1121583,85,True,False,False,False,True,False,True,False,True,False,3
Портал аналитики #4714,Энергетика,Муниципальный,Один город,Высокая,41031,4,25857087,12.0,5,7,56159,2293,True,True,False,False,True,False,False,False,False,False,1
Сеть аналитики #4715,Связь,Региональный,Федеральный округ,Высокая,114402,29,6233780,8.0,7,13,93335,925,True,False,False,False,False,False,False,False,True,False,2
Платформа мониторинга #4716,Связь,Объектовый,Федеральный округ,Средняя,2322,28,2146073,72.0,3,4,804,213,False,False,False,False,False,False,False,False,True,False,0
Сервис обработки #4717,Банковская сфера,Федеральный,Федеральный округ,Низкая,994495,15,59911,24.0,16,23,737129,4338,True,False,False,False,False,False,False,False,False,True,2
Система управления #4718,Оборонная промышленность,Региональный,Вся страна,Низкая,248105,85,899558,24.0,14,13,232575,2559,False,False,False,False,False,True,False,True,False,True,3
Система управления #4719,Связь,Региональный,Один город,Средняя,224071,2,6678812,48.0,10,12,96651,2846,False,False,False,False,False,False,False,False,True,False,1
АСУ ТП хранения #4720,Связь,Объектовый,Вся страна,Высокая,3090,66,27080667,24.0,3,6,1472,1136,True,False,False,False,True,False,False,False,True,False,1
АСУ ТП мониторинга #4721,Энергетика,Объектовый,Федеральный округ,Низкая,1001,26,21941,72.0,3,4,574,1261,False,True,False,False,True,False,False,False,False,False,1
Система обработки #4722,Энергетика,Муниципальный,Один город,Критическая,26367,3,33745014,1.0,7,13,4299,1592,True,True,False,True,True,False,False,False,False,False,3
Сервис аналитики #4723,Оборонная промышленность,Федеральный,Федеральный округ,Средняя,140260,12,588121,48.0,13,21,33985,5140,False,False,False,False,False,False,False,True,False,False,1
Система хранения #4724,Наука,Региональный,Один город,Средняя,40949,1,1927934,168.0,6,27,4303,1149,True,False,False,False,False,False,False,False,False,False,1
Сеть хранения #4725,Оборонная промышленность,Муниципальный,Вся страна,Критическая,28355,56,7186600,1.0,5,12,13024,952,True,False,True,False,False,True,False,False,False,True,3
Портал аналитики #4726,Связь,Объектовый,Несколько муниципалитетов,Высокая,888,2,248845448,4.0,1,2,465,224,True,False,False,False,False,False,True,True,True,False,1
Портал передачи #4727,Энергетика,Региональный,Один город,Критическая,211369,3,202791835,0.5,11,22,31294,2332,True,True,False,False,True,False,False,False,True,False,3
АСУ ТП управления #4728,Связь,Региональный,Субъект РФ,Средняя,41685,1,422141,168.0,7,14,31835,2926,True,True,False,False,False,False,False,False,True,False,1
Сеть управления #4729,Транспорт,Федеральный,Субъект РФ,Высокая,936293,8,34318075,4.0,9,15,1164362,1409,True,True,False,True,False,False,True,True,False,False,3
Сервис мониторинга #4730,Топливная промышленность,Объектовый,Субъект РФ,Высокая,1015,4,171336107,8.0,3,4,926,170,True,True,False,False,True,False,True,False,False,False,1
Платформа аналитики #4731,Оборонная промышленность,Региональный,Вся страна,Средняя,196886,62,2955618,72.0,12,12,93465,2608,True,False,False,False,False,False,False,False,False,True,2
Сервис управления #4732,Банковская сфера,Региональный,Вся страна,Средняя,29537,50,2408501,24.0,12,3,28196,1237,False,False,False,False,False,False,False,False,True,False,1
Сеть управления #4733,Связь,Региональный,Субъект РФ,Высокая,236014,6,155335311,24.0,12,1,24835,1406,True,False,False,False,True,False,False,False,True,False,2
Сервис хранения #4734,Здравоохранение,Региональный,Субъект РФ,Низкая,78075,8,888762,48.0,5,17,116326,2415,False,False,False,True,False,False,False,False,False,False,2
Сервис управления #4735,Энергетика,Региональный,Один город,Средняя,70944,2,5624744,72.0,8,27,81980,1850,False,True,False,False,True,False,False,False,False,False,1
Сервис передачи #4736,Наука,Федеральный,Несколько муниципалитетов,Средняя,1067985,4,4695181,72.0,8,24,1311960,2350,False,False,False,False,False,False,False,False,False,False,2
Система передачи #4737,Государственное управление,Федеральный,Один город,Критическая,259975,2,41531223,4.0,11,12,340863,117,True,False,True,True,False,True,True,False,False,True,3
Портал мониторинга #4738,Банковская сфера,Региональный,Федеральный округ,Низкая,134554,22,46783,72.0,11,16,76271,396,True,True,False,False,False,False,False,False,False,True,2
АСУ ТП мониторинга #4739,Транспорт,Объектовый,Вся страна,Высокая,3051,65,400630343,4.0,4,7,2706,922,True,True,False,True,True,False,True,True,False,False,3
Система мониторинга #4740,Оборонная промышленность,Муниципальный,Один город,Средняя,31226,4,4110353,72.0,3,12,14230,1467,True,False,False,False,True,True,False,False,False,True,2
Система мониторинга #4741,Банковская сфера,Муниципальный,Субъект РФ,Средняя,4813,7,1642808,168.0,5,7,2222,1654,False,False,True,False,False,False,False,False,False,True,1
Портал управления #4742,Наука,Муниципальный,Субъект РФ,Низкая,32708,1,192587,24.0,8,18,18864,794,False,False,False,False,False,False,False,False,False,False,1
Портал мониторинга #4743,Здравоохранение,Региональный,Вся страна,Высокая,29709,80,221774642,8.0,6,14,27380,3465,True,False,False,True,False,False,True,False,True,False,3
АСУ ТП передачи #4744,Банковская сфера,Региональный,Несколько муниципалитетов,Высокая,86931,3,22228135,12.0,7,22,105827,818,True,False,False,False,False,False,False,False,False,True,2
ИС мониторинга #4745,Банковская сфера,Региональный,Вся страна,Средняя,165281,77,1578155,48.0,9,18,216072,548,False,False,False,False,False,False,False,False,False,False,1
Портал управления #4746,Топливная промышленность,Объектовый,Несколько муниципалитетов,Высокая,1791,4,1143252734,8.0,1,6,987,520,True,True,False,False,True,False,False,False,False,False,2
Сервис хранения #4747,Государственное управление,Объектовый,Субъект РФ,Низкая,3362,5,20130,24.0,1,7,1149,453,False,False,True,False,False,True,True,False,False,True,2
Система мониторинга #4748,Здравоохранение,Объектовый,Несколько муниципалитетов,Критическая,2542,4,77126350,1.0,4,2,2625,471,True,False,False,True,False,False,True,False,False,False,2
ИС управления #4749,Связь,Региональный,Субъект РФ,Средняя,199912,4,1952235,24.0,8,25,278460,1967,True,True,True,False,False,False,False,False,True,True,3
Сервис аналитики #4750,Наука,Федеральный,Вся страна,Высокая,817212,82,105921205,8.0,6,23,217627,2447,True,False,False,False,True,False,False,False,False,False,3
Портал управления #4751,Транспорт,Объектовый,Федеральный округ,Высокая,2637,19,12897924,4.0,3,3,1867,123,True,True,False,True,True,False,True,True,False,False,3
Сеть аналитики #4752,Топливная промышленность,Объектовый,Субъект РФ,Средняя,610,5,4737086,24.0,3,5,647,1442,False,True,False,False,True,False,False,False,False,False,0
Сервис обработки #4753,Здравоохранение,Объектовый,Несколько муниципалитетов,Критическая,3527,2,143276527,0.5,2,4,1167,445,True,True,False,True,False,False,False,False,True,False,3
Платформа обработки #4754,Топливная промышленность,Региональный,Федеральный округ,Высокая,70800,13,90209063,8.0,10,17,81473,1662,True,True,False,False,True,False,False,False,False,False,2
Система передачи #4755,Государственное управление,Муниципальный,Несколько муниципалитетов,Низкая,46233,2,248353,168.0,7,11,27124,234,True,True,True,False,False,False,True,False,False,True,2
ИС передачи #4756,Банковская сфера,Объектовый,Вся страна,Высокая,853,54,207328856,4.0,2,5,652,31,True,False,True,False,False,False,False,False,False,False,2
ИС управления #4757,Топливная промышленность,Муниципальный,Один город,Высокая,49600,4,39720882,4.0,7,8,40973,944,True,True,False,False,True,False,False,False,False,False,2
Сервис обработки #4758,Топливная промышленность,Объектовый,Вся страна,Низкая,253,80,287317,168.0,2,6,194,660,False,True,False,False,True,False,False,False,False,False,1
Сервис обработки #4759,Банковская сфера,Федеральный,Федеральный округ,Средняя,1550445,16,18248522,24.0,12,19,1371466,5654,False,False,False,False,False,False,True,False,False,True,3
Платформа мониторинга #4760,Связь,Муниципальный,Федеральный округ,Высокая,24048,15,125657173,12.0,7,7,5839,1847,True,False,False,False,False,False,False,False,True,False,1
ИС передачи #4761,Здравоохранение,Объектовый,Субъект РФ,Высокая,503,9,141450836,12.0,3,7,170,119,True,False,False,True,False,False,False,False,False,False,2
Платформа обработки #4762,Наука,Региональный,Один город,Средняя,167446,4,2579997,72.0,12,10,26903,2494,False,False,False,False,False,False,False,False,False,False,1
Сервис управления #4763,Здравоохранение,Муниципальный,Субъект РФ,Низкая,64491,2,107810,72.0,5,15,46803,1175,True,False,False,True,False,False,False,True,False,False,1
Платформа обработки #4764,Связь,Муниципальный,Федеральный округ,Средняя,14163,29,3293886,24.0,6,14,3133,871,False,False,False,False,False,False,False,False,True,False,1
Сервис передачи #4765,Топливная промышленность,Федеральный,Несколько муниципалитетов,Средняя,208171,3,853343,72.0,12,4,191293,2202,True,True,False,False,True,False,False,False,False,False,2
АСУ ТП хранения #4766,Наука,Региональный,Субъект РФ,Средняя,229694,7,4495730,168.0,4,22,170089,2155,False,False,False,False,False,False,True,False,False,False,1
ИС передачи #4767,Топливная промышленность,Муниципальный,Вся страна,Низкая,71225,51,65336,72.0,4,5,71530,214,True,True,False,False,True,False,False,False,False,False,1
Портал хранения #4768,Наука,Региональный,Субъект РФ,Средняя,164716,3,706094,72.0,13,19,123114,773,False,False,False,False,False,False,False,False,False,False,1
Портал передачи #4769,Связь,Федеральный,Один город,Средняя,911274,4,5153119,168.0,16,17,709171,2598,False,False,False,False,False,False,False,False,True,False,1
АСУ ТП обработки #4770,Наука,Объектовый,Вся страна,Средняя,1187,86,17540237,72.0,2,4,492,746,False,False,False,False,False,False,False,False,False,False,0
Портал хранения #4771,Оборонная промышленность,Региональный,Субъект РФ,Высокая,61439,8,59623402,4.0,2,11,55488,1010,True,True,False,False,False,True,False,False,False,True,3
АСУ ТП аналитики #4772,Транспорт,Объектовый,Несколько муниципалитетов,Средняя,1976,4,359432,168.0,3,3,1344,98,False,True,False,True,False,False,True,True,False,False,1
Портал хранения #4773,Банковская сфера,Объектовый,Вся страна,Высокая,2892,60,34382751,8.0,1,4,3789,291,True,False,False,False,False,False,False,False,False,True,1
Сеть мониторинга #4774,Здравоохранение,Федеральный,Вся страна,Низкая,351992,79,206657,48.0,10,29,150106,3810,True,True,False,True,True,False,False,False,False,False,3
ИС аналитики #4775,Транспорт,Муниципальный,Субъект РФ,Критическая,14893,9,81038341,1.0,3,8,6723,2102,True,True,True,True,False,False,True,True,False,True,3
АСУ ТП управления #4776,Государственное управление,Муниципальный,Субъект РФ,Средняя,30130,1,13089948,168.0,6,1,11382,2850,False,False,True,False,False,True,True,False,True,True,2
ИС обработки #4777,Банковская сфера,Федеральный,Вся страна,Низкая,394317,51,377975,48.0,8,26,246080,3283,False,True,False,False,False,False,False,False,True,False,2
Портал управления #4778,Оборонная промышленность,Объектовый,Несколько муниципалитетов,Средняя,1261,2,908531,24.0,1,7,457,14,False,False,False,False,False,True,False,False,False,True,1
Система хранения #4779,Энергетика,Муниципальный,Федеральный округ,Высокая,44324,17,455581725,12.0,6,7,48390,414,True,True,False,False,True,False,False,True,False,False,2
Портал аналитики #4780,Топливная промышленность,Объектовый,Несколько муниципалитетов,Средняя,1361,3,755974,24.0,2,3,613,756,False,True,False,False,True,False,False,False,False,False,0
Сеть аналитики #4781,Связь,Муниципальный,Федеральный округ,Высокая,68322,29,213090378,24.0,7,15,70282,1363,True,False,False,False,False,False,False,False,True,False,2
АСУ ТП передачи #4782,Транспорт,Региональный,Федеральный округ,Средняя,167588,10,959005,24.0,11,18,83931,2971,False,True,False,True,False,False,True,True,False,False,3
ИС хранения #4783,Здравоохранение,Федеральный,Несколько муниципалитетов,Средняя,1612900,3,1383140,24.0,13,13,2240180,2928,False,False,True,True,False,False,False,False,False,True,3
Платформа управления #4784,Топливная промышленность,Объектовый,Федеральный округ,Высокая,2491,13,103288066,8.0,2,6,691,1021,True,True,False,False,True,False,False,False,False,False,1
Портал передачи #4785,Транспорт,Муниципальный,Вся страна,Высокая,20491,53,256750953,4.0,3,5,26142,1900,True,True,False,True,False,False,True,True,False,False,3
Сервис передачи #4786,Банковская сфера,Региональный,Один город,Средняя,185502,3,1116044,168.0,5,14,98835,310,True,False,False,False,False,False,False,False,True,False,1
Портал мониторинга #4787,Здравоохранение,Муниципальный,Один город,Высокая,54570,4,52833651,4.0,6,14,76419,2519,True,False,False,True,False,False,False,False,False,False,2
Система хранения #4788,Государственное управление,Региональный,Вся страна,Высокая,441862,76,104218865,8.0,5,18,188736,1498,True,False,True,False,False,False,True,False,True,True,3
АСУ ТП аналитики #4789,Банковская сфера,Федеральный,Федеральный округ,Средняя,462955,20,1396062,48.0,7,23,54493,4198,False,True,False,False,False,False,False,False,False,True,2
Сервис мониторинга #4790,Государственное управление,Муниципальный,Один город,Высокая,41059,3,192990996,12.0,3,7,27484,2486,True,False,True,False,False,False,True,False,False,True,2
Портал хранения #4791,Оборонная промышленность,Федеральный,Федеральный округ,Высокая,453121,22,289871342,12.0,1,24,200482,3092,True,False,False,False,False,False,False,False,False,True,3
Сервис хранения #4792,Топливная промышленность,Объектовый,Федеральный округ,Высокая,1738,17,8684259,8.0,2,4,1781,1179,True,True,False,False,True,False,False,False,False,False,1
Сервис передачи #4793,Банковская сфера,Муниципальный,Один город,Высокая,49039,4,102471488,24.0,8,8,73527,419,True,False,False,False,False,False,False,False,False,True,2
АСУ ТП хранения #4794,Наука,Объектовый,Несколько муниципалитетов,Средняя,2237,3,161477,168.0,2,4,3346,22,False,False,False,False,False,False,False,False,False,False,0
Сеть мониторинга #4795,Энергетика,Объектовый,Вся страна,Низкая,2235,82,1015709,168.0,2,5,2293,1259,False,True,False,False,True,False,False,False,False,False,1
Система мониторинга #4796,Топливная промышленность,Муниципальный,Федеральный округ,Критическая,79477,22,3979634397,2.0,6,7,13110,1414,True,True,False,True,True,False,True,False,False,False,3
ИС аналитики #4797,Государственное управление,Федеральный,Субъект РФ,Высокая,328657,9,501610122,12.0,14,18,441038,481,True,False,True,False,False,True,True,False,False,True,3
Система хранения #4798,Наука,Федеральный,Вся страна,Средняя,613747,59,3885185,72.0,9,12,570513,2398,False,False,False,False,False,False,False,False,False,False,2
Портал аналитики #4799,Связь,Объектовый,Один город,Высокая,1730,3,85326741,4.0,2,7,2206,745,True,False,False,False,False,False,False,False,True,False,1
ИС управления #4800,Оборонная промышленность,Объектовый,Вся страна,Низкая,231,67,96694,168.0,3,4,235,359,False,False,False,False,False,False,False,False,True,True,1
Платформа обработки #4801,Оборонная промышленность,Объектовый,Вся страна,Высокая,1650,52,27901164,12.0,2,2,1373,197,True,False,True,False,False,True,False,False,False,False,2
Платформа хранения #4802,Банковская сфера,Объектовый,Один город,Средняя,1774,3,13168602,168.0,2,4,1064,358,False,False,False,False,False,False,False,False,False,True,0
ИС обработки #4803,Банковская сфера,Региональный,Несколько муниципалитетов,Низкая,83600,1,110987,48.0,4,18,52384,3336,False,False,False,False,False,False,False,False,False,True,1
АСУ ТП передачи #4804,Государственное управление,Федеральный,Вся страна,Средняя,627775,52,1153970,168.0,13,30,777154,1231,True,False,True,False,False,True,True,False,False,True,3
АСУ ТП хранения #4805,Связь,Региональный,Один город,Средняя,269341,3,2831465,24.0,7,12,121719,631,False,True,False,False,False,False,False,False,True,False,2
Сервис аналитики #4806,Связь,Муниципальный,Несколько муниципалитетов,Средняя,8637,3,8676063,72.0,5,9,10798,489,True,True,False,False,False,False,False,False,True,False,0
АСУ ТП хранения #4807,Связь,Региональный,Один город,Средняя,119897,4,938960,72.0,6,18,26470,2643,True,False,False,False,False,False,False,False,True,False,1
Платформа мониторинга #4808,Топливная промышленность,Региональный,Один город,Средняя,282456,2,3861099,168.0,7,21,253136,656,False,True,False,False,True,False,False,True,False,False,1
Система управления #4809,Оборонная промышленность,Федеральный,Вся страна,Низкая,1123584,69,59433,48.0,21,23,1022761,2277,True,False,False,False,False,True,False,False,False,True,3
Система управления #4810,Наука,Объектовый,Федеральный округ,Низкая,151,11,25057,24.0,2,5,146,923,True,False,False,False,False,False,False,True,False,False,0
ИС аналитики #4811,Энергетика,Муниципальный,Один город,Средняя,71945,1,20309938,48.0,4,3,72221,1194,True,True,False,False,True,False,False,False,False,False,1
АСУ ТП хранения #4812,Здравоохранение,Региональный,Федеральный округ,Средняя,36210,27,363258,72.0,6,30,21867,3404,False,False,False,True,False,False,False,False,False,False,2
ИС хранения #4813,Топливная промышленность,Федеральный,Федеральный округ,Средняя,1321679,27,1277669,72.0,10,6,945996,3351,False,True,False,False,True,False,False,False,False,False,2
Сервис аналитики #4814,Государственное управление,Объектовый,Один город,Средняя,1465,1,550954,48.0,2,6,1702,82,False,True,True,False,False,True,True,False,False,True,2
Сеть аналитики #4815,Банковская сфера,Объектовый,Субъект РФ,Средняя,3645,2,18528870,24.0,2,5,881,603,False,True,False,False,False,False,False,False,True,True,1
Платформа обработки #4816,Энергетика,Федеральный,Федеральный округ,Низкая,209636,16,326671,48.0,9,19,270630,5156,False,True,False,False,True,False,False,False,False,False,2
Система хранения #4817,Связь,Региональный,Несколько муниципалитетов,Средняя,50224,4,13376762,24.0,10,17,26739,1600,False,False,False,False,False,False,True,False,True,False,1
Сеть мониторинга #4818,Государственное управление,Региональный,Несколько муниципалитетов,Средняя,489913,1,571055,48.0,5,11,216452,565,False,False,True,False,False,False,True,False,False,True,2
Система обработки #4819,Энергетика,Объектовый,Субъект РФ,Средняя,3698,9,4035206,72.0,6,5,5496,737,True,True,False,False,True,False,False,False,False,False,1
АСУ ТП обработки #4820,Топливная промышленность,Объектовый,Федеральный округ,Средняя,1603,23,1408182,24.0,3,8,186,681,True,True,False,False,True,False,False,True,False,False,1
Сервис аналитики #4821,Государственное управление,Объектовый,Один город,Высокая,1266,2,827600947,12.0,4,6,591,404,True,False,True,False,False,True,True,False,False,True,3
Сервис хранения #4822,Топливная промышленность,Региональный,Несколько муниципалитетов,Низкая,284359,1,1244790,72.0,11,16,421592,1386,False,True,False,False,True,False,False,False,False,False,1
Система управления #4823,Наука,Муниципальный,Федеральный округ,Высокая,27597,22,115751655,24.0,6,7,39352,109,True,False,False,False,True,False,False,False,False,False,2
Система хранения #4824,Энергетика,Объектовый,Федеральный округ,Критическая,2200,16,25474510,0.5,2,5,683,791,True,True,False,True,True,False,False,False,True,False,2
Портал аналитики #4825,Оборонная промышленность,Региональный,Вся страна,Средняя,57865,64,5304662,168.0,6,12,10285,783,False,False,False,False,False,False,False,False,True,True,1
Платформа передачи #4826,Топливная промышленность,Муниципальный,Вся страна,Критическая,55386,55,52120050,4.0,6,10,21189,148,True,True,False,True,True,False,False,True,False,False,3
Портал мониторинга #4827,Государственное управление,Муниципальный,Один город,Средняя,32634,1,2060490,48.0,4,12,14946,1456,True,False,True,False,False,True,True,False,False,True,2
Сеть аналитики #4828,Здравоохранение,Объектовый,Субъект РФ,Низкая,3022,7,75972,24.0,1,4,958,896,False,True,False,True,False,False,False,False,False,False,2
Портал передачи #4829,Банковская сфера,Федеральный,Вся страна,Высокая,606291,82,90581740,12.0,12,13,101626,2201,True,False,False,False,False,False,True,False,False,True,3
Сеть управления #4830,Транспорт,Федеральный,Один город,Средняя,689745,4,3736454,24.0,12,28,409129,638,True,True,False,True,False,False,True,True,False,False,3
Сеть хранения #4831,Оборонная промышленность,Региональный,Федеральный округ,Высокая,98194,12,201178102,24.0,6,16,80411,1833,True,False,False,False,False,False,False,False,False,True,2
ИС мониторинга #4832,Здравоохранение,Объектовый,Вся страна,Низкая,1141,72,119802,168.0,3,4,1474,549,True,False,False,True,False,False,False,False,False,False,1
Сеть хранения #4833,Наука,Региональный,Федеральный округ,Низкая,57449,15,137718,48.0,7,13,56933,2259,False,True,False,False,False,False,False,False,False,False,1
Система передачи #4834,Связь,Муниципальный,Субъект РФ,Высокая,17792,2,1827375,24.0,8,14,25994,2784,True,False,False,False,False,False,False,False,True,False,1
АСУ ТП хранения #4835,Банковская сфера,Федеральный,Несколько муниципалитетов,Средняя,1216009,2,1917885,48.0,8,13,983411,2150,False,False,False,False,False,False,False,False,False,True,2
Портал мониторинга #4836,Здравоохранение,Объектовый,Несколько муниципалитетов,Средняя,2585,4,43431705,72.0,1,3,1684,870,False,False,False,True,False,False,False,False,False,False,1
АСУ ТП хранения #4837,Транспорт,Муниципальный,Федеральный округ,Низкая,47051,18,595265,24.0,3,9,60841,241,True,True,False,True,False,False,True,True,False,False,2
АСУ ТП аналитики #4838,Оборонная промышленность,Региональный,Один город,Критическая,48621,4,140195261,4.0,7,13,7866,1316,True,False,False,False,False,True,True,False,False,True,3
Сеть мониторинга #4839,Оборонная промышленность,Объектовый,Несколько муниципалитетов,Средняя,477,2,15110411,24.0,3,5,638,559,False,False,False,False,False,True,False,False,False,True,1
Портал управления #4840,Транспорт,Объектовый,Субъект РФ,Средняя,1757,8,13663563,72.0,4,3,179,946,True,True,True,True,False,False,True,True,False,True,3
АСУ ТП обработки #4841,Наука,Муниципальный,Один город,Низкая,93707,4,21019,168.0,7,12,76680,1794,True,False,False,False,False,False,False,True,False,False,1
Портал передачи #4842,Топливная промышленность,Муниципальный,Один город,Низкая,18751,2,110245,24.0,3,11,14121,1857,False,True,False,False,True,False,False,False,False,False,1
Система обработки #4843,Топливная промышленность,Объектовый,Субъект РФ,Средняя,833,1,5718483,48.0,3,5,1072,1090,False,True,False,False,True,False,False,False,False,False,0
Сеть мониторинга #4844,Здравоохранение,Объектовый,Несколько муниципалитетов,Средняя,2807,2,36144819,168.0,2,6,391,767,False,False,False,True,False,False,False,False,False,False,1
Сервис передачи #4845,Связь,Объектовый,Субъект РФ,Высокая,1784,5,18727304,12.0,1,6,1348,156,True,False,False,False,False,False,False,False,True,False,0
АСУ ТП мониторинга #4846,Транспорт,Объектовый,Вся страна,Высокая,1026,74,180882092,24.0,1,4,907,835,True,True,False,True,False,False,True,True,False,False,3
АСУ ТП управления #4847,Оборонная промышленность,Региональный,Субъект РФ,Критическая,44941,3,13900410,2.0,10,10,65904,1787,True,True,False,True,False,False,True,False,False,True,3
ИС хранения #4848,Связь,Муниципальный,Федеральный округ,Высокая,24350,11,32100497,24.0,9,13,15324,241,True,False,False,False,True,False,False,False,True,False,1
АСУ ТП передачи #4849,Государственное управление,Муниципальный,Федеральный округ,Средняя,14978,11,590820,24.0,5,2,7092,1130,True,False,True,False,False,False,True,False,False,True,2
Сеть хранения #4850,Здравоохранение,Региональный,Один город,Низкая,64447,2,81760,24.0,3,12,38543,314,False,False,False,True,False,False,True,False,True,False,2
ИС передачи #4851,Связь,Региональный,Несколько муниципалитетов,Высокая,118786,3,6456075,8.0,10,17,13952,3895,True,False,False,False,False,False,False,False,True,False,1
Платформа передачи #4852,Связь,Региональный,Вся страна,Критическая,172907,79,15626233,2.0,11,8,194273,1205,True,False,False,True,False,False,False,False,True,False,3
Сервис мониторинга #4853,Связь,Объектовый,Один город,Средняя,1934,2,4334639,168.0,4,4,1511,658,False,False,False,False,False,False,False,False,True,False,0
Система аналитики #4854,Топливная промышленность,Муниципальный,Субъект РФ,Критическая,11167,1,124343254,1.0,5,16,5769,232,True,True,True,True,True,False,False,False,False,True,3
Сервис обработки #4855,Государственное управление,Объектовый,Субъект РФ,Низкая,1961,3,145612,72.0,2,4,2895,760,True,False,True,False,False,True,True,False,False,True,2
Система аналитики #4856,Энергетика,Объектовый,Несколько муниципалитетов,Средняя,1143,2,8066557,48.0,3,8,373,333,False,True,False,False,True,False,True,False,False,False,0
Система аналитики #4857,Банковская сфера,Муниципальный,Федеральный округ,Высокая,47939,29,8237677,8.0,4,13,11596,238,True,False,False,False,False,False,False,False,False,True,1
Сервис мониторинга #4858,Оборонная промышленность,Муниципальный,Федеральный округ,Средняя,58260,16,1146610,24.0,7,10,70141,1979,True,False,False,False,False,True,False,False,True,True,2
АСУ ТП управления #4859,Энергетика,Объектовый,Один город,Средняя,583,2,3069899,168.0,1,9,476,826,True,True,False,False,True,False,False,False,False,False,0
ИС обработки #4860,Связь,Региональный,Федеральный округ,Средняя,154744,18,9475696,72.0,10,12,124482,607,True,False,False,False,False,False,False,False,True,False,1
АСУ ТП управления #4861,Оборонная промышленность,Объектовый,Вся страна,Средняя,2390,86,10987790,72.0,2,4,1298,124,True,False,False,False,False,False,False,False,False,True,1
ИС аналитики #4862,Наука,Объектовый,Несколько муниципалитетов,Средняя,1244,3,1437849,168.0,1,6,419,97,False,False,False,False,False,False,False,False,False,False,0
ИС управления #4863,Связь,Региональный,Один город,Средняя,148956,3,20573519,72.0,11,37,139893,2719,False,False,False,False,False,False,False,False,True,False,1
Портал обработки #4864,Здравоохранение,Муниципальный,Один город,Средняя,53309,4,612255,24.0,3,6,21254,1086,False,False,False,True,False,False,False,False,False,False,1
Сервис передачи #4865,Оборонная промышленность,Объектовый,Один город,Низкая,1332,1,132876,48.0,2,7,1495,1104,False,False,False,False,False,True,False,True,False,True,1
Портал управления #4866,Государственное управление,Региональный,Вся страна,Высокая,68480,66,20099019,8.0,14,10,34534,158,True,False,True,False,False,True,True,False,False,True,3
Сеть хранения #4867,Связь,Муниципальный,Один город,Высокая,17266,2,157861699,4.0,4,11,19047,649,True,True,False,False,False,False,False,False,True,False,2
Сеть мониторинга #4868,Топливная промышленность,Объектовый,Субъект РФ,Высокая,1369,2,60661854,4.0,3,1,627,381,True,True,False,False,True,False,False,False,True,False,1
ИС обработки #4869,Государственное управление,Муниципальный,Федеральный округ,Средняя,37138,17,4488037,48.0,3,4,52507,219,False,True,True,False,False,True,True,False,False,True,2
Портал мониторинга #4870,Банковская сфера,Муниципальный,Один город,Средняя,17185,4,1536126,24.0,6,19,3015,813,False,False,False,False,False,False,False,False,False,True,1
Платформа обработки #4871,Топливная промышленность,Региональный,Несколько муниципалитетов,Низкая,20109,1,48847,48.0,12,15,6827,1934,True,True,False,False,True,False,False,True,False,False,1
Портал аналитики #4872,Оборонная промышленность,Объектовый,Федеральный округ,Средняя,3286,26,7930311,48.0,4,4,2421,697,False,False,False,False,False,False,False,False,False,True,1
Портал мониторинга #4873,Банковская сфера,Муниципальный,Федеральный округ,Высокая,28665,21,601699375,24.0,7,10,19637,204,True,False,True,False,False,False,False,False,False,True,3
АСУ ТП управления #4874,Наука,Объектовый,Федеральный округ,Средняя,450,23,1131924,72.0,2,5,223,221,True,False,False,False,False,False,False,False,False,False,0
Портал управления #4875,Транспорт,Региональный,Федеральный округ,Средняя,368620,23,21729327,72.0,13,13,220160,1046,False,True,False,True,False,False,True,True,False,False,3
Сервис мониторинга #4876,Банковская сфера,Региональный,Вся страна,Средняя,175385,61,4445945,168.0,13,13,256765,561,True,False,False,False,False,False,False,True,False,True,2
АСУ ТП аналитики #4877,Связь,Региональный,Вся страна,Высокая,23415,66,6876576,24.0,8,11,11155,4344,True,False,False,False,False,False,False,False,True,False,1
Сервис аналитики #4878,Топливная промышленность,Муниципальный,Несколько муниципалитетов,Высокая,11298,4,112630256,24.0,7,12,12714,1492,True,True,False,False,True,False,False,False,False,False,2
Система управления #4879,Транспорт,Региональный,Вся страна,Высокая,220055,55,55667254,4.0,2,10,235889,155,True,True,False,True,False,False,True,True,False,False,3
Платформа хранения #4880,Наука,Муниципальный,Федеральный округ,Высокая,21486,21,323570160,12.0,8,9,5177,216,True,False,False,False,False,False,False,False,False,False,2
Сеть хранения #4881,Энергетика,Муниципальный,Федеральный округ,Низкая,14002,15,69029,48.0,8,11,13453,242,False,True,False,False,True,False,False,True,False,False,1
Портал передачи #4882,Здравоохранение,Муниципальный,Вся страна,Средняя,10427,76,15574728,24.0,5,18,4466,1012,True,True,False,True,False,False,False,False,False,False,3
ИС аналитики #4883,Банковская сфера,Муниципальный,Субъект РФ,Высокая,10765,1,17755610,8.0,8,4,13270,2130,True,True,False,False,False,False,False,False,False,True,2
Портал управления #4884,Связь,Объектовый,Один город,Средняя,639,2,4088303,168.0,3,3,870,635,False,False,False,False,False,False,False,False,True,False,0
Система управления #4885,Топливная промышленность,Региональный,Федеральный округ,Высокая,196364,17,229241236,12.0,9,15,199403,916,True,True,False,False,True,False,False,False,True,False,3
Система аналитики #4886,Оборонная промышленность,Муниципальный,Федеральный округ,Средняя,37071,12,471463,24.0,4,14,52685,530,False,False,False,False,False,True,False,False,False,True,2
Платформа мониторинга #4887,Транспорт,Региональный,Федеральный округ,Низкая,173822,26,650375,72.0,10,13,135915,2422,False,True,True,True,False,False,True,True,False,True,3
АСУ ТП аналитики #4888,Связь,Региональный,Один город,Средняя,190228,1,1383891,24.0,15,7,29904,1336,False,True,False,False,False,False,False,False,True,False,1
Платформа передачи #4889,Государственное управление,Региональный,Субъект РФ,Высокая,87967,5,54774955,4.0,9,14,88269,3346,True,False,True,False,False,True,True,False,False,True,3
ИС хранения #4890,Банковская сфера,Федеральный,Вся страна,Средняя,922712,80,1264590,72.0,10,37,1264573,66,True,False,False,False,False,False,False,False,False,True,2
Сервис аналитики #4891,Банковская сфера,Региональный,Вся страна,Критическая,107812,81,397331502,0.5,8,21,157335,242,True,False,False,False,False,False,False,False,False,True,3
Сеть хранения #4892,Связь,Федеральный,Вся страна,Низкая,130931,87,222704,168.0,9,6,18736,4736,False,True,False,False,False,False,False,True,True,False,2
ИС мониторинга #4893,Государственное управление,Региональный,Субъект РФ,Низкая,367467,3,135013,72.0,7,12,286228,1395,True,False,True,False,False,False,True,False,False,True,2
Сеть обработки #4894,Государственное управление,Муниципальный,Субъект РФ,Критическая,86754,4,23947027,4.0,4,12,114200,2276,True,True,True,False,False,False,True,False,False,True,3
ИС управления #4895,Транспорт,Объектовый,Несколько муниципалитетов,Критическая,184,4,17152131,0.5,1,3,70,90,True,True,False,True,False,False,True,True,True,False,2
Система хранения #4896,Банковская сфера,Федеральный,Вся страна,Средняя,180021,72,5619092,72.0,9,9,149393,3422,True,False,False,False,False,False,False,False,False,False,2
Система обработки #4897,Топливная промышленность,Объектовый,Несколько муниципалитетов,Высокая,1264,4,9956692,4.0,3,8,1677,72,True,True,False,False,True,False,False,False,False,False,1
Платформа управления #4898,Транспорт,Региональный,Федеральный округ,Средняя,95714,14,152702,72.0,9,15,95967,2314,False,True,False,True,False,False,True,True,False,False,2
Сервис хранения #4899,Наука,Региональный,Вся страна,Высокая,264457,67,149311293,8.0,10,13,167336,1015,True,True,False,False,True,False,False,False,False,False,3
Сеть аналитики #4900,Связь,Объектовый,Вся страна,Высокая,590,52,331451486,8.0,4,6,250,826,True,False,False,False,False,False,False,False,True,False,1
ИС обработки #4901,Государственное управление,Региональный,Один город,Средняя,82857,1,73287649,168.0,10,18,47184,1213,True,False,True,False,False,True,True,False,False,True,3
Система аналитики #4902,Здравоохранение,Объектовый,Вся страна,Высокая,1565,82,765199304,24.0,2,7,1982,40,True,True,False,True,False,False,False,False,False,False,3
Сеть мониторинга #4903,Оборонная промышленность,Объектовый,Несколько муниципалитетов,Низкая,379,3,530043,24.0,2,1,549,777,False,True,False,False,False,True,False,False,True,True,2
Сервис мониторинга #4904,Оборонная промышленность,Объектовый,Вся страна,Высокая,2808,53,24388860,4.0,3,2,2544,677,True,False,False,False,False,True,True,False,False,True,3
Система хранения #4905,Транспорт,Региональный,Несколько муниципалитетов,Средняя,109862,4,6930748,48.0,11,9,46891,2245,False,True,False,True,False,False,True,True,False,False,2
Сеть управления #4906,Наука,Региональный,Один город,Средняя,174059,2,1449378,24.0,13,11,207688,976,False,False,False,False,False,False,False,False,False,False,1
Сеть хранения #4907,Энергетика,Региональный,Федеральный округ,Высокая,45928,22,94130790,24.0,6,10,27576,2271,True,True,False,False,True,False,False,False,False,False,2
АСУ ТП передачи #4908,Связь,Объектовый,Субъект РФ,Средняя,2243,6,3398248,168.0,3,2,3085,386,True,False,False,False,False,False,False,False,True,False,0
Платформа хранения #4909,Оборонная промышленность,Объектовый,Несколько муниципалитетов,Средняя,1885,4,1212660,72.0,3,8,1513,822,False,False,False,False,False,False,False,False,False,True,0
Сеть передачи #4910,Оборонная промышленность,Региональный,Субъект РФ,Высокая,117280,1,4292640,8.0,8,7,171198,110,True,False,False,False,False,True,False,False,False,True,2
АСУ ТП обработки #4911,Здравоохранение,Региональный,Один город,Высокая,384660,1,148385780,4.0,7,14,328634,3369,True,True,False,True,False,False,False,False,False,False,3
АСУ ТП хранения #4912,Наука,Региональный,Федеральный округ,Высокая,52179,28,10531999,8.0,8,19,51204,4322,True,True,False,False,False,False,False,False,False,False,2
Портал мониторинга #4913,Транспорт,Региональный,Федеральный округ,Высокая,107236,25,337245973,12.0,10,18,143869,864,True,True,False,True,False,False,True,True,False,False,3
Платформа обработки #4914,Энергетика,Объектовый,Один город,Высокая,1765,4,83183211,24.0,2,5,1958,324,True,True,False,False,True,False,False,False,False,False,1
Сеть мониторинга #4915,Государственное управление,Федеральный,Несколько муниципалитетов,Средняя,1633078,2,4352953,168.0,6,22,1282343,4931,False,False,True,False,False,True,True,False,False,True,3
Платформа передачи #4916,Наука,Региональный,Один город,Высокая,318446,4,51992463,24.0,9,7,220000,2042,True,True,True,False,False,False,False,False,False,True,3
Сервис передачи #4917,Связь,Муниципальный,Несколько муниципалитетов,Низкая,49529,4,453881,168.0,8,10,54558,2377,False,False,False,False,False,False,False,False,True,False,0
Портал аналитики #4918,Банковская сфера,Региональный,Несколько муниципалитетов,Высокая,412863,1,10065976,12.0,1,9,504516,2166,True,False,False,False,False,False,False,False,False,True,2
ИС обработки #4919,Здравоохранение,Региональный,Вся страна,Критическая,65658,51,11092941,1.0,11,25,62675,530,True,False,True,True,False,False,True,False,False,True,3
Система аналитики #4920,Энергетика,Региональный,Один город,Высокая,175486,4,37898674,24.0,8,15,234320,2455,True,True,False,False,True,False,False,False,False,False,2
Платформа хранения #4921,Банковская сфера,Региональный,Федеральный округ,Высокая,8654,29,26079273,24.0,13,12,10853,96,True,False,False,False,False,False,True,False,False,False,2
Система передачи #4922,Наука,Региональный,Несколько муниципалитетов,Высокая,15648,1,30579419,12.0,6,21,8816,654,True,True,True,False,False,False,False,False,False,True,2
Система обработки #4923,Здравоохранение,Муниципальный,Субъект РФ,Высокая,16126,4,30156293,8.0,2,9,15616,764,True,True,True,True,True,False,False,False,False,False,2
Сеть управления #4924,Транспорт,Муниципальный,Федеральный округ,Высокая,39190,16,13877947,8.0,3,11,30028,334,True,True,False,True,False,False,True,True,False,False,3
Портал обработки #4925,Оборонная промышленность,Федеральный,Субъект РФ,Высокая,215324,5,61604728,12.0,15,24,117723,1246,True,False,False,False,False,True,False,False,False,True,3
Портал управления #4926,Энергетика,Объектовый,Вся страна,Низкая,1985,68,7381,48.0,2,7,1346,1055,False,True,False,False,True,False,False,True,False,False,1
Сервис управления #4927,Наука,Объектовый,Субъект РФ,Высокая,1632,6,22311038,8.0,3,2,1471,1075,True,True,False,False,False,False,False,False,False,False,1
Сеть хранения #4928,Транспорт,Федеральный,Несколько муниципалитетов,Высокая,437478,4,32628776,8.0,11,22,515614,5425,True,True,False,True,False,False,True,True,False,False,3
Платформа хранения #4929,Энергетика,Муниципальный,Несколько муниципалитетов,Средняя,39703,1,1766541,24.0,7,10,44774,1436,False,True,True,False,True,False,True,False,False,True,2
Система управления #4930,Энергетика,Муниципальный,Вся страна,Высокая,41689,70,33225574,12.0,3,11,39292,1502,True,True,False,False,True,False,False,True,True,False,2
ИС обработки #4931,Здравоохранение,Региональный,Субъект РФ,Средняя,205075,3,534558,72.0,12,15,125367,392,False,True,False,True,False,False,True,False,False,False,3
Сервис обработки #4932,Транспорт,Федеральный,Субъект РФ,Низкая,1213421,1,127459,168.0,8,11,788182,4764,True,True,False,True,False,False,True,True,False,False,3
Сервис аналитики #4933,Здравоохранение,Региональный,Федеральный округ,Критическая,300904,17,25785574,2.0,7,3,109007,606,True,False,False,True,False,False,False,False,False,False,3
Сервис хранения #4934,Банковская сфера,Объектовый,Вся страна,Средняя,2521,80,6085909,168.0,3,6,2203,541,False,True,False,False,False,False,False,False,False,False,1
Сервис передачи #4935,Банковская сфера,Региональный,Вся страна,Высокая,177405,68,20190234,4.0,1,13,234090,204,True,True,False,False,False,False,False,False,True,True,3
Сеть аналитики #4936,Государственное управление,Региональный,Один город,Высокая,185956,1,341789405,4.0,6,6,38979,143,True,False,True,False,False,True,True,False,True,True,3
АСУ ТП управления #4937,Государственное управление,Региональный,Субъект РФ,Высокая,339926,1,27031248,24.0,10,10,329351,202,True,False,True,False,False,True,True,False,False,True,3
Платформа передачи #4938,Связь,Федеральный,Вся страна,Средняя,593044,57,179566,168.0,8,11,161300,3004,False,True,False,False,False,False,False,True,True,False,2
Сеть хранения #4939,Связь,Региональный,Федеральный округ,Средняя,110687,20,6011876,48.0,6,10,82776,1339,False,False,False,False,False,False,False,False,True,False,1
Сервис хранения #4940,Государственное управление,Муниципальный,Вся страна,Высокая,45195,78,54138667,24.0,5,12,63299,422,True,False,True,False,False,True,True,False,False,True,3
Система передачи #4941,Связь,Объектовый,Вся страна,Критическая,670,64,555404054,4.0,3,4,750,289,True,True,False,True,False,False,False,False,True,False,3
Сеть хранения #4942,Транспорт,Региональный,Один город,Низкая,126045,1,685756,168.0,12,10,93547,927,False,True,False,True,False,False,True,True,False,False,2
Сеть передачи #4943,Транспорт,Объектовый,Один город,Средняя,1953,1,19611741,168.0,3,5,632,810,True,True,False,True,True,False,True,True,False,False,2
Портал мониторинга #4944,Топливная промышленность,Региональный,Один город,Высокая,395077,4,16201629,24.0,5,15,164805,4112,True,True,False,False,True,False,False,False,False,False,2
АСУ ТП передачи #4945,Здравоохранение,Муниципальный,Несколько муниципалитетов,Высокая,30236,4,59934343,24.0,7,17,42891,450,True,False,False,True,False,False,False,False,False,False,2
Платформа аналитики #4946,Топливная промышленность,Муниципальный,Субъект РФ,Высокая,42035,6,125467211,4.0,3,17,43222,73,True,True,False,False,True,False,False,False,False,False,2
Сеть мониторинга #4947,Энергетика,Региональный,Один город,Низкая,374260,1,231947,48.0,9,3,99607,1414,False,True,False,False,True,False,False,False,False,False,1
АСУ ТП хранения #4948,Связь,Региональный,Федеральный округ,Низкая,316102,27,524915,168.0,10,15,152014,3324,False,False,False,False,False,False,True,False,True,False,2
Сеть управления #4949,Энергетика,Региональный,Федеральный округ,Высокая,227666,27,55781979,12.0,13,20,81536,462,True,True,False,False,True,False,True,False,False,False,2
ИС управления #4950,Энергетика,Объектовый,Вся страна,Высокая,1642,51,45726291,4.0,2,7,893,711,True,True,False,False,True,False,False,False,False,False,2
Система управления #4951,Банковская сфера,Муниципальный,Один город,Средняя,17850,2,6214666,72.0,6,1,23375,230,False,False,False,False,False,False,True,False,False,True,1
ИС обработки #4952,Государственное управление,Объектовый,Несколько муниципалитетов,Высокая,915,1,198340561,8.0,1,4,1068,96,True,False,True,False,False,True,True,False,False,True,3
Платформа управления #4953,Оборонная промышленность,Региональный,Вся страна,Средняя,213273,55,944285,48.0,8,9,109185,1216,False,False,False,False,False,True,False,False,False,True,2
Портал аналитики #4954,Связь,Объектовый,Вся страна,Критическая,2056,66,352137428,0.5,5,6,1718,102,True,False,False,True,False,False,False,False,True,False,3
Система мониторинга #4955,Банковская сфера,Муниципальный,Субъект РФ,Высокая,7167,3,51708403,12.0,5,15,6401,905,True,False,False,False,False,False,True,False,False,True,1
Портал управления #4956,Топливная промышленность,Региональный,Вся страна,Средняя,287910,59,1256931,168.0,9,19,119475,415,True,True,False,False,True,False,False,False,False,False,2
АСУ ТП мониторинга #4957,Энергетика,Региональный,Несколько муниципалитетов,Средняя,381969,1,2175420,72.0,5,10,197659,246,True,True,False,False,True,False,False,True,False,False,1
Платформа передачи #4958,Банковская сфера,Региональный,Федеральный округ,Высокая,341425,13,140170484,12.0,10,11,325096,2369,True,False,False,False,True,False,False,False,False,True,3
ИС передачи #4959,Оборонная промышленность,Объектовый,Несколько муниципалитетов,Низкая,3394,2,891100,48.0,2,8,2286,17,False,False,False,False,False,False,True,False,True,True,0
ИС хранения #4960,Топливная промышленность,Муниципальный,Федеральный округ,Высокая,31489,20,2233368,4.0,5,12,17306,752,True,True,False,False,True,False,False,False,False,False,2
Сервис хранения #4961,Топливная промышленность,Муниципальный,Один город,Средняя,8268,2,2222507,72.0,6,8,8166,2062,True,True,False,False,True,False,True,False,False,False,1
Платформа хранения #4962,Связь,Муниципальный,Субъект РФ,Критическая,29375,1,2221087035,4.0,6,14,35329,1585,True,False,False,True,False,False,False,False,True,False,3
АСУ ТП управления #4963,Здравоохранение,Региональный,Несколько муниципалитетов,Высокая,152303,4,157893417,8.0,9,11,99388,822,True,False,False,True,False,False,False,False,False,False,3
АСУ ТП аналитики #4964,Оборонная промышленность,Объектовый,Федеральный округ,Средняя,213,20,10353768,48.0,1,3,173,749,False,False,False,False,False,True,False,True,False,True,1
Портал аналитики #4965,Энергетика,Муниципальный,Федеральный округ,Средняя,2952,29,878343,168.0,6,5,2973,530,False,True,False,False,True,False,False,False,False,False,1
Сеть передачи #4966,Наука,Объектовый,Один город,Средняя,1008,1,11471611,72.0,2,4,1121,988,False,False,False,False,False,False,False,False,False,False,0
Портал управления #4967,Топливная промышленность,Федеральный,Вся страна,Высокая,1804947,63,108781818,12.0,5,17,1385315,3122,True,True,False,False,True,False,True,True,False,False,3
АСУ ТП обработки #4968,Транспорт,Региональный,Федеральный округ,Средняя,162194,12,7091535,72.0,10,14,152268,3075,False,True,True,True,False,False,True,True,False,True,3
ИС хранения #4969,Энергетика,Федеральный,Вся страна,Средняя,1273358,63,440752,48.0,10,12,887814,1457,False,True,False,False,True,False,False,False,False,False,3
АСУ ТП передачи #4970,Здравоохранение,Объектовый,Один город,Высокая,4438,3,24191365,4.0,2,5,5601,456,True,False,False,True,False,False,False,False,False,False,2
Сервис хранения #4971,Оборонная промышленность,Объектовый,Федеральный округ,Средняя,2219,15,1856192,72.0,2,3,883,759,False,False,True,False,False,True,False,False,False,True,2
Сервис передачи #4972,Банковская сфера,Региональный,Вся страна,Высокая,254298,54,1757174,24.0,4,10,153507,896,True,False,True,False,False,False,False,False,False,False,2
ИС хранения #4973,Связь,Региональный,Субъект РФ,Средняя,145473,3,7077370,168.0,9,16,142822,1873,True,False,False,False,False,False,False,False,True,False,1
Портал аналитики #4974,Энергетика,Объектовый,Субъект РФ,Высокая,2312,4,29349953,24.0,3,3,3197,47,True,True,False,False,True,False,False,False,False,False,1
Сеть обработки #4975,Наука,Муниципальный,Вся страна,Средняя,76578,75,1099241,72.0,5,6,81020,864,True,False,False,False,False,False,False,False,False,False,1
Портал хранения #4976,Банковская сфера,Муниципальный,Вся страна,Высокая,44324,61,1481996,24.0,3,12,41116,2206,True,False,False,False,False,False,False,False,False,False,1
ИС обработки #4977,Государственное управление,Федеральный,Субъект РФ,Средняя,270097,3,2521248,48.0,13,4,337161,1159,False,False,True,False,False,True,True,False,False,True,3
ИС хранения #4978,Оборонная промышленность,Муниципальный,Один город,Высокая,7122,4,218093766,4.0,9,13,2483,673,True,False,False,False,False,True,True,False,False,True,3
Платформа обработки #4979,Связь,Федеральный,Один город,Низкая,1547717,4,165298,72.0,10,20,258856,874,False,False,False,False,False,False,False,False,True,False,2
Платформа передачи #4980,Оборонная промышленность,Муниципальный,Один город,Высокая,15091,1,4501117,8.0,4,10,20576,556,True,False,False,False,False,True,False,False,False,True,2
ИС аналитики #4981,Банковская сфера,Региональный,Субъект РФ,Средняя,226428,5,446964,48.0,8,19,220740,2087,False,False,False,False,False,False,False,False,False,True,1
Платформа аналитики #4982,Здравоохранение,Федеральный,Вся страна,Высокая,1051909,60,496025076,24.0,21,4,330633,5917,True,True,False,True,False,False,True,False,False,False,3
Портал передачи #4983,Связь,Объектовый,Один город,Средняя,824,4,1236765,72.0,1,5,476,139,True,False,False,False,False,False,False,False,True,False,0
Портал аналитики #4984,Связь,Муниципальный,Субъект РФ,Средняя,27329,4,12262196,168.0,6,2,21365,549,False,False,False,False,True,False,True,False,True,False,1
Портал мониторинга #4985,Топливная промышленность,Региональный,Один город,Высокая,32813,2,1072831,8.0,12,17,19313,1223,True,True,True,False,True,False,True,False,False,True,2
АСУ ТП обработки #4986,Здравоохранение,Муниципальный,Несколько муниципалитетов,Низкая,72756,1,738222,24.0,6,15,41260,333,False,True,False,True,False,False,False,False,False,False,2
Платформа обработки #4987,Государственное управление,Региональный,Один город,Высокая,76865,4,24203600,8.0,13,10,49463,554,True,False,True,False,False,True,True,False,True,True,3
ИС аналитики #4988,Топливная промышленность,Объектовый,Вся страна,Средняя,2397,83,634634,72.0,2,3,2034,224,False,True,True,False,True,False,False,False,False,True,1
Портал аналитики #4989,Государственное управление,Муниципальный,Один город,Низкая,8646,2,122852,72.0,4,14,11206,1131,False,False,True,False,True,True,True,False,False,True,2
Сервис передачи #4990,Оборонная промышленность,Региональный,Федеральный округ,Низкая,98666,26,170444,24.0,7,17,134599,3347,True,False,False,False,False,True,False,True,True,True,3
Сервис обработки #4991,Государственное управление,Региональный,Один город,Высокая,183237,2,32046312,8.0,10,17,184415,895,True,False,True,False,False,True,True,False,False,True,3
Система аналитики #4992,Наука,Региональный,Несколько муниципалитетов,Высокая,223122,4,43675627,12.0,8,19,177351,1867,True,True,False,False,False,False,False,False,False,False,2
Сеть аналитики #4993,Здравоохранение,Региональный,Несколько муниципалитетов,Средняя,223082,2,1139961,48.0,14,12,329252,759,False,True,False,True,False,False,True,False,False,False,3
ИС обработки #4994,Энергетика,Региональный,Субъект РФ,Средняя,373013,3,17813018,168.0,13,17,115971,2468,True,True,False,False,True,False,False,False,True,False,2
Сервис обработки #4995,Здравоохранение,Федеральный,Один город,Высокая,866530,1,93422277,12.0,14,27,768297,2224,True,False,False,True,False,False,False,False,False,False,3
Портал мониторинга #4996,Государственное управление,Муниципальный,Федеральный округ,Средняя,12538,12,8504617,48.0,5,7,1518,896,False,False,True,False,False,True,True,False,False,True,2
Сервис обработки #4997,Транспорт,Региональный,Один город,Высокая,176499,3,6378192,12.0,10,12,29703,1602,True,True,False,True,False,False,True,True,False,False,3
Портал управления #4998,Государственное управление,Региональный,Один город,Средняя,320143,4,5065479,48.0,10,16,125123,1633,False,False,True,False,False,True,True,True,False,True,3
Портал мониторинга #4999,Связь,Муниципальный,Субъект РФ,Высокая,59007,7,65897803,12.0,2,10,43442,649,True,True,True,False,False,False,False,False,True,True,2
ИС мониторинга #5000,Транспорт,Региональный,Субъект РФ,Высокая,373924,1,53844808,12.0,5,17,365784,2800,True,True,False,True,True,False,True,True,False,False,3
